step,wall_time,tag,type,value
0,1745171235.4649441,Train/activations/ResidualBlock0_1stConvBlock_forward/mean,scalar,0.010491232387721539
1,1745172296.8380625,Train/activations/ResidualBlock0_1stConvBlock_forward/mean,scalar,0.0064557865262031555
2,1745173338.1092098,Train/activations/ResidualBlock0_1stConvBlock_forward/mean,scalar,0.0027773440815508366
3,1745174233.1128976,Train/activations/ResidualBlock0_1stConvBlock_forward/mean,scalar,0.001368853496387601
4,1745175273.5474515,Train/activations/ResidualBlock0_1stConvBlock_forward/mean,scalar,0.00017269441741518676
5,1745176165.7991712,Train/activations/ResidualBlock0_1stConvBlock_forward/mean,scalar,0.002133122179657221
6,1745177057.4246087,Train/activations/ResidualBlock0_1stConvBlock_forward/mean,scalar,-0.003939694259315729
7,1745178097.8275,Train/activations/ResidualBlock0_1stConvBlock_forward/mean,scalar,-0.002825592877343297
8,1745179142.344747,Train/activations/ResidualBlock0_1stConvBlock_forward/mean,scalar,-0.0037391509395092726
9,1745180055.5609968,Train/activations/ResidualBlock0_1stConvBlock_forward/mean,scalar,-0.00149316038005054
10,1745181105.833447,Train/activations/ResidualBlock0_1stConvBlock_forward/mean,scalar,0.0009388765320181847
11,1745182002.4289904,Train/activations/ResidualBlock0_1stConvBlock_forward/mean,scalar,0.0019021781627088785
12,1745182902.5391076,Train/activations/ResidualBlock0_1stConvBlock_forward/mean,scalar,-0.0009189426200464368
13,1745183792.1432922,Train/activations/ResidualBlock0_1stConvBlock_forward/mean,scalar,-0.0008998479461297393
14,1745184693.3146071,Train/activations/ResidualBlock0_1stConvBlock_forward/mean,scalar,-0.0013770066434517503
15,1745185595.492873,Train/activations/ResidualBlock0_1stConvBlock_forward/mean,scalar,0.00018838861433323473
16,1745186496.719484,Train/activations/ResidualBlock0_1stConvBlock_forward/mean,scalar,-0.00041545910062268376
17,1745187405.2416632,Train/activations/ResidualBlock0_1stConvBlock_forward/mean,scalar,0.00272370595484972
18,1745188306.29171,Train/activations/ResidualBlock0_1stConvBlock_forward/mean,scalar,0.0021323850378394127
19,1745189207.7143486,Train/activations/ResidualBlock0_1stConvBlock_forward/mean,scalar,0.0007286422187462449
20,1745190256.0477643,Train/activations/ResidualBlock0_1stConvBlock_forward/mean,scalar,-0.00045974302338436246
21,1745191170.6374826,Train/activations/ResidualBlock0_1stConvBlock_forward/mean,scalar,0.0005493639037013054
22,1745192071.8580713,Train/activations/ResidualBlock0_1stConvBlock_forward/mean,scalar,-0.0013937974581494927
23,1745192964.1985605,Train/activations/ResidualBlock0_1stConvBlock_forward/mean,scalar,-0.0020774882286787033
24,1745193856.0692625,Train/activations/ResidualBlock0_1stConvBlock_forward/mean,scalar,-0.003643287345767021
25,1745194746.1217604,Train/activations/ResidualBlock0_1stConvBlock_forward/mean,scalar,-0.0005355352768674493
26,1745195628.7141776,Train/activations/ResidualBlock0_1stConvBlock_forward/mean,scalar,-0.00196087290532887
27,1745196516.4113503,Train/activations/ResidualBlock0_1stConvBlock_forward/mean,scalar,-0.001209792448207736
28,1745197400.558198,Train/activations/ResidualBlock0_1stConvBlock_forward/mean,scalar,-0.001244229613803327
29,1745198281.6249487,Train/activations/ResidualBlock0_1stConvBlock_forward/mean,scalar,-0.0015865331515669823
30,1745199160.759308,Train/activations/ResidualBlock0_1stConvBlock_forward/mean,scalar,-0.0006091510877013206
31,1745200038.8737981,Train/activations/ResidualBlock0_1stConvBlock_forward/mean,scalar,-0.001378052867949009
32,1745200913.128902,Train/activations/ResidualBlock0_1stConvBlock_forward/mean,scalar,-0.0008635653066448867
33,1745201943.3652742,Train/activations/ResidualBlock0_1stConvBlock_forward/mean,scalar,-0.000987019157037139
34,1745202839.3989184,Train/activations/ResidualBlock0_1stConvBlock_forward/mean,scalar,-0.000842380803078413
35,1745203720.3448067,Train/activations/ResidualBlock0_1stConvBlock_forward/mean,scalar,-0.002578192623332143
36,1745204589.3852932,Train/activations/ResidualBlock0_1stConvBlock_forward/mean,scalar,-0.0003161013300996274
37,1745205607.4722455,Train/activations/ResidualBlock0_1stConvBlock_forward/mean,scalar,-0.0013081457000225782
38,1745206470.3524764,Train/activations/ResidualBlock0_1stConvBlock_forward/mean,scalar,-0.0021878769621253014
39,1745207343.4604063,Train/activations/ResidualBlock0_1stConvBlock_forward/mean,scalar,-7.33887281967327e-05
40,1745208209.365458,Train/activations/ResidualBlock0_1stConvBlock_forward/mean,scalar,-0.0014940823893994093
41,1745209076.0211682,Train/activations/ResidualBlock0_1stConvBlock_forward/mean,scalar,-0.0014568795450031757
42,1745209942.7677803,Train/activations/ResidualBlock0_1stConvBlock_forward/mean,scalar,-0.0016911474522203207
43,1745210815.3864684,Train/activations/ResidualBlock0_1stConvBlock_forward/mean,scalar,-0.0024701342917978764
44,1745211689.1705909,Train/activations/ResidualBlock0_1stConvBlock_forward/mean,scalar,-0.001564974314533174
45,1745212555.264435,Train/activations/ResidualBlock0_1stConvBlock_forward/mean,scalar,-0.0006549638928845525
46,1745213417.360195,Train/activations/ResidualBlock0_1stConvBlock_forward/mean,scalar,-0.0037812800146639347
47,1745214282.5666997,Train/activations/ResidualBlock0_1stConvBlock_forward/mean,scalar,-0.0030986620113253593
48,1745215148.0732422,Train/activations/ResidualBlock0_1stConvBlock_forward/mean,scalar,-0.0016986532136797905
49,1745216019.6725025,Train/activations/ResidualBlock0_1stConvBlock_forward/mean,scalar,9.740389214130118e-05
50,1745216894.0832448,Train/activations/ResidualBlock0_1stConvBlock_forward/mean,scalar,-0.00027625466464087367
51,1745217756.6057198,Train/activations/ResidualBlock0_1stConvBlock_forward/mean,scalar,-0.0022078666370362043
52,1745218620.6402874,Train/activations/ResidualBlock0_1stConvBlock_forward/mean,scalar,-0.001245000516064465
53,1745219494.3721173,Train/activations/ResidualBlock0_1stConvBlock_forward/mean,scalar,0.00020732206758111715
54,1745220361.1482,Train/activations/ResidualBlock0_1stConvBlock_forward/mean,scalar,-0.001536586438305676
55,1745221224.4050255,Train/activations/ResidualBlock0_1stConvBlock_forward/mean,scalar,-0.0012408732436597347
56,1745222085.8659375,Train/activations/ResidualBlock0_1stConvBlock_forward/mean,scalar,-0.002531878650188446
57,1745222948.8962831,Train/activations/ResidualBlock0_1stConvBlock_forward/mean,scalar,-0.0009208632400259376
58,1745223809.5723608,Train/activations/ResidualBlock0_1stConvBlock_forward/mean,scalar,-0.001340690185315907
59,1745224668.298555,Train/activations/ResidualBlock0_1stConvBlock_forward/mean,scalar,0.0008827048586681485
60,1745225543.6830366,Train/activations/ResidualBlock0_1stConvBlock_forward/mean,scalar,-0.00044051799341104925
61,1745226401.9242027,Train/activations/ResidualBlock0_1stConvBlock_forward/mean,scalar,-0.0017245874041691422
62,1745227259.5799494,Train/activations/ResidualBlock0_1stConvBlock_forward/mean,scalar,0.00032061789534054697
0,1745171235.4651582,Train/activations/ResidualBlock0_1stConvBlock_forward/std,scalar,0.08995924890041351
1,1745172296.838276,Train/activations/ResidualBlock0_1stConvBlock_forward/std,scalar,0.04879118129611015
2,1745173338.1094701,Train/activations/ResidualBlock0_1stConvBlock_forward/std,scalar,0.03025195375084877
3,1745174233.1131072,Train/activations/ResidualBlock0_1stConvBlock_forward/std,scalar,0.031449224799871445
4,1745175273.547704,Train/activations/ResidualBlock0_1stConvBlock_forward/std,scalar,0.02729465439915657
5,1745176165.7993853,Train/activations/ResidualBlock0_1stConvBlock_forward/std,scalar,0.024830807000398636
6,1745177057.4248302,Train/activations/ResidualBlock0_1stConvBlock_forward/std,scalar,0.04323578625917435
7,1745178097.8277204,Train/activations/ResidualBlock0_1stConvBlock_forward/std,scalar,0.03913235664367676
8,1745179142.3449764,Train/activations/ResidualBlock0_1stConvBlock_forward/std,scalar,0.03893883153796196
9,1745180055.5612605,Train/activations/ResidualBlock0_1stConvBlock_forward/std,scalar,0.02635890245437622
10,1745181105.8336685,Train/activations/ResidualBlock0_1stConvBlock_forward/std,scalar,0.031393107026815414
11,1745182002.4292688,Train/activations/ResidualBlock0_1stConvBlock_forward/std,scalar,0.02582365833222866
12,1745182902.5393226,Train/activations/ResidualBlock0_1stConvBlock_forward/std,scalar,0.023273175582289696
13,1745183792.1435108,Train/activations/ResidualBlock0_1stConvBlock_forward/std,scalar,0.025638733059167862
14,1745184693.314824,Train/activations/ResidualBlock0_1stConvBlock_forward/std,scalar,0.022910261526703835
15,1745185595.493077,Train/activations/ResidualBlock0_1stConvBlock_forward/std,scalar,0.017980266362428665
16,1745186496.719698,Train/activations/ResidualBlock0_1stConvBlock_forward/std,scalar,0.02775699831545353
17,1745187405.241897,Train/activations/ResidualBlock0_1stConvBlock_forward/std,scalar,0.022756706923246384
18,1745188306.2919252,Train/activations/ResidualBlock0_1stConvBlock_forward/std,scalar,0.018856383860111237
19,1745189207.7145698,Train/activations/ResidualBlock0_1stConvBlock_forward/std,scalar,0.020838206633925438
20,1745190256.0479913,Train/activations/ResidualBlock0_1stConvBlock_forward/std,scalar,0.024180179461836815
21,1745191170.6376953,Train/activations/ResidualBlock0_1stConvBlock_forward/std,scalar,0.021958421915769577
22,1745192071.8582842,Train/activations/ResidualBlock0_1stConvBlock_forward/std,scalar,0.031108472496271133
23,1745192964.1987727,Train/activations/ResidualBlock0_1stConvBlock_forward/std,scalar,0.023654509335756302
24,1745193856.0694823,Train/activations/ResidualBlock0_1stConvBlock_forward/std,scalar,0.02154792845249176
25,1745194746.1219845,Train/activations/ResidualBlock0_1stConvBlock_forward/std,scalar,0.021411709487438202
26,1745195628.7143872,Train/activations/ResidualBlock0_1stConvBlock_forward/std,scalar,0.022731754928827286
27,1745196516.4115672,Train/activations/ResidualBlock0_1stConvBlock_forward/std,scalar,0.019033124670386314
28,1745197400.5584018,Train/activations/ResidualBlock0_1stConvBlock_forward/std,scalar,0.019724717363715172
29,1745198281.6251636,Train/activations/ResidualBlock0_1stConvBlock_forward/std,scalar,0.02269567921757698
30,1745199160.759564,Train/activations/ResidualBlock0_1stConvBlock_forward/std,scalar,0.023010943084955215
31,1745200038.8740816,Train/activations/ResidualBlock0_1stConvBlock_forward/std,scalar,0.022497650235891342
32,1745200913.1291099,Train/activations/ResidualBlock0_1stConvBlock_forward/std,scalar,0.02347942627966404
33,1745201943.365487,Train/activations/ResidualBlock0_1stConvBlock_forward/std,scalar,0.026255887001752853
34,1745202839.3992045,Train/activations/ResidualBlock0_1stConvBlock_forward/std,scalar,0.02291245386004448
35,1745203720.3450801,Train/activations/ResidualBlock0_1stConvBlock_forward/std,scalar,0.02237662486732006
36,1745204589.3855047,Train/activations/ResidualBlock0_1stConvBlock_forward/std,scalar,0.019954124465584755
37,1745205607.4724593,Train/activations/ResidualBlock0_1stConvBlock_forward/std,scalar,0.019914798438549042
38,1745206470.3527033,Train/activations/ResidualBlock0_1stConvBlock_forward/std,scalar,0.022306133061647415
39,1745207343.460623,Train/activations/ResidualBlock0_1stConvBlock_forward/std,scalar,0.01909819431602955
40,1745208209.3656695,Train/activations/ResidualBlock0_1stConvBlock_forward/std,scalar,0.019574441015720367
41,1745209076.0213778,Train/activations/ResidualBlock0_1stConvBlock_forward/std,scalar,0.01922902837395668
42,1745209942.7679832,Train/activations/ResidualBlock0_1stConvBlock_forward/std,scalar,0.017636489123106003
43,1745210815.3866746,Train/activations/ResidualBlock0_1stConvBlock_forward/std,scalar,0.022413820028305054
44,1745211689.170799,Train/activations/ResidualBlock0_1stConvBlock_forward/std,scalar,0.02175608091056347
45,1745212555.2646496,Train/activations/ResidualBlock0_1stConvBlock_forward/std,scalar,0.022481771185994148
46,1745213417.3604093,Train/activations/ResidualBlock0_1stConvBlock_forward/std,scalar,0.019946863874793053
47,1745214282.566908,Train/activations/ResidualBlock0_1stConvBlock_forward/std,scalar,0.02722354792058468
48,1745215148.0734334,Train/activations/ResidualBlock0_1stConvBlock_forward/std,scalar,0.027476048097014427
49,1745216019.672693,Train/activations/ResidualBlock0_1stConvBlock_forward/std,scalar,0.024621352553367615
50,1745216894.0834527,Train/activations/ResidualBlock0_1stConvBlock_forward/std,scalar,0.019271748140454292
51,1745217756.6059356,Train/activations/ResidualBlock0_1stConvBlock_forward/std,scalar,0.023327406495809555
52,1745218620.6405582,Train/activations/ResidualBlock0_1stConvBlock_forward/std,scalar,0.02690178155899048
53,1745219494.3723285,Train/activations/ResidualBlock0_1stConvBlock_forward/std,scalar,0.02149067632853985
54,1745220361.1484053,Train/activations/ResidualBlock0_1stConvBlock_forward/std,scalar,0.02547489106655121
55,1745221224.405283,Train/activations/ResidualBlock0_1stConvBlock_forward/std,scalar,0.02104206383228302
56,1745222085.8661618,Train/activations/ResidualBlock0_1stConvBlock_forward/std,scalar,0.025845516473054886
57,1745222948.8965702,Train/activations/ResidualBlock0_1stConvBlock_forward/std,scalar,0.018292976543307304
58,1745223809.5725768,Train/activations/ResidualBlock0_1stConvBlock_forward/std,scalar,0.02617047168314457
59,1745224668.2987676,Train/activations/ResidualBlock0_1stConvBlock_forward/std,scalar,0.023119976744055748
60,1745225543.683255,Train/activations/ResidualBlock0_1stConvBlock_forward/std,scalar,0.02246244251728058
61,1745226401.924462,Train/activations/ResidualBlock0_1stConvBlock_forward/std,scalar,0.02900087460875511
62,1745227259.5801582,Train/activations/ResidualBlock0_1stConvBlock_forward/std,scalar,0.023966751992702484
0,1745171235.4652183,Train/activations/ResidualBlock0_1stConvBlock_forward/max,scalar,0.8693684339523315
1,1745172296.8383346,Train/activations/ResidualBlock0_1stConvBlock_forward/max,scalar,0.7354757785797119
2,1745173338.1095982,Train/activations/ResidualBlock0_1stConvBlock_forward/max,scalar,0.7958071231842041
3,1745174233.1131687,Train/activations/ResidualBlock0_1stConvBlock_forward/max,scalar,0.5488083362579346
4,1745175273.5478344,Train/activations/ResidualBlock0_1stConvBlock_forward/max,scalar,0.5405851602554321
5,1745176165.799445,Train/activations/ResidualBlock0_1stConvBlock_forward/max,scalar,0.7462244629859924
6,1745177057.4248958,Train/activations/ResidualBlock0_1stConvBlock_forward/max,scalar,0.6295358538627625
7,1745178097.8277802,Train/activations/ResidualBlock0_1stConvBlock_forward/max,scalar,0.6513260006904602
8,1745179142.345038,Train/activations/ResidualBlock0_1stConvBlock_forward/max,scalar,0.5356851816177368
9,1745180055.5614014,Train/activations/ResidualBlock0_1stConvBlock_forward/max,scalar,0.7411207556724548
10,1745181105.8337271,Train/activations/ResidualBlock0_1stConvBlock_forward/max,scalar,0.6264086961746216
11,1745182002.4293993,Train/activations/ResidualBlock0_1stConvBlock_forward/max,scalar,0.5765459537506104
12,1745182902.539381,Train/activations/ResidualBlock0_1stConvBlock_forward/max,scalar,0.4606821537017822
13,1745183792.1435716,Train/activations/ResidualBlock0_1stConvBlock_forward/max,scalar,0.5421595573425293
14,1745184693.31489,Train/activations/ResidualBlock0_1stConvBlock_forward/max,scalar,0.5445950031280518
15,1745185595.4931374,Train/activations/ResidualBlock0_1stConvBlock_forward/max,scalar,0.7358098030090332
16,1745186496.719757,Train/activations/ResidualBlock0_1stConvBlock_forward/max,scalar,0.7348834872245789
17,1745187405.2419567,Train/activations/ResidualBlock0_1stConvBlock_forward/max,scalar,0.6544869542121887
18,1745188306.2919862,Train/activations/ResidualBlock0_1stConvBlock_forward/max,scalar,0.737546443939209
19,1745189207.714629,Train/activations/ResidualBlock0_1stConvBlock_forward/max,scalar,0.5945487022399902
20,1745190256.0480537,Train/activations/ResidualBlock0_1stConvBlock_forward/max,scalar,0.753500759601593
21,1745191170.6377544,Train/activations/ResidualBlock0_1stConvBlock_forward/max,scalar,0.37951144576072693
22,1745192071.8583434,Train/activations/ResidualBlock0_1stConvBlock_forward/max,scalar,0.6237895488739014
23,1745192964.1988328,Train/activations/ResidualBlock0_1stConvBlock_forward/max,scalar,0.6298950910568237
24,1745193856.069542,Train/activations/ResidualBlock0_1stConvBlock_forward/max,scalar,0.6669617891311646
25,1745194746.1220467,Train/activations/ResidualBlock0_1stConvBlock_forward/max,scalar,0.7924240827560425
26,1745195628.7144463,Train/activations/ResidualBlock0_1stConvBlock_forward/max,scalar,0.4396071434020996
27,1745196516.4116266,Train/activations/ResidualBlock0_1stConvBlock_forward/max,scalar,0.5868536829948425
28,1745197400.5584598,Train/activations/ResidualBlock0_1stConvBlock_forward/max,scalar,0.5305559039115906
29,1745198281.6252227,Train/activations/ResidualBlock0_1stConvBlock_forward/max,scalar,0.6718222498893738
30,1745199160.7596905,Train/activations/ResidualBlock0_1stConvBlock_forward/max,scalar,0.6119676828384399
31,1745200038.874208,Train/activations/ResidualBlock0_1stConvBlock_forward/max,scalar,0.6460385322570801
32,1745200913.1291692,Train/activations/ResidualBlock0_1stConvBlock_forward/max,scalar,0.5271430015563965
33,1745201943.3655462,Train/activations/ResidualBlock0_1stConvBlock_forward/max,scalar,0.47869807481765747
34,1745202839.3993373,Train/activations/ResidualBlock0_1stConvBlock_forward/max,scalar,0.5110162496566772
35,1745203720.345207,Train/activations/ResidualBlock0_1stConvBlock_forward/max,scalar,0.6517072916030884
36,1745204589.385566,Train/activations/ResidualBlock0_1stConvBlock_forward/max,scalar,0.504088282585144
37,1745205607.472517,Train/activations/ResidualBlock0_1stConvBlock_forward/max,scalar,0.5064204931259155
38,1745206470.3527672,Train/activations/ResidualBlock0_1stConvBlock_forward/max,scalar,0.6609601378440857
39,1745207343.4606836,Train/activations/ResidualBlock0_1stConvBlock_forward/max,scalar,0.6702316403388977
40,1745208209.3657298,Train/activations/ResidualBlock0_1stConvBlock_forward/max,scalar,0.4387306571006775
41,1745209076.021438,Train/activations/ResidualBlock0_1stConvBlock_forward/max,scalar,0.6525358557701111
42,1745209942.7680416,Train/activations/ResidualBlock0_1stConvBlock_forward/max,scalar,0.4330059885978699
43,1745210815.3867338,Train/activations/ResidualBlock0_1stConvBlock_forward/max,scalar,0.630685031414032
44,1745211689.1708639,Train/activations/ResidualBlock0_1stConvBlock_forward/max,scalar,0.5247575640678406
45,1745212555.2647095,Train/activations/ResidualBlock0_1stConvBlock_forward/max,scalar,0.6003135442733765
46,1745213417.3604684,Train/activations/ResidualBlock0_1stConvBlock_forward/max,scalar,0.5169678926467896
47,1745214282.5669682,Train/activations/ResidualBlock0_1stConvBlock_forward/max,scalar,0.6450620889663696
48,1745215148.0734918,Train/activations/ResidualBlock0_1stConvBlock_forward/max,scalar,0.5792416334152222
49,1745216019.6727517,Train/activations/ResidualBlock0_1stConvBlock_forward/max,scalar,0.6525861024856567
50,1745216894.0835123,Train/activations/ResidualBlock0_1stConvBlock_forward/max,scalar,0.43726372718811035
51,1745217756.605997,Train/activations/ResidualBlock0_1stConvBlock_forward/max,scalar,0.5756458640098572
52,1745218620.640689,Train/activations/ResidualBlock0_1stConvBlock_forward/max,scalar,0.715772807598114
53,1745219494.372386,Train/activations/ResidualBlock0_1stConvBlock_forward/max,scalar,0.7095794081687927
54,1745220361.1484642,Train/activations/ResidualBlock0_1stConvBlock_forward/max,scalar,0.6434892416000366
55,1745221224.4054103,Train/activations/ResidualBlock0_1stConvBlock_forward/max,scalar,0.44943898916244507
56,1745222085.8662207,Train/activations/ResidualBlock0_1stConvBlock_forward/max,scalar,0.5890238285064697
57,1745222948.8967047,Train/activations/ResidualBlock0_1stConvBlock_forward/max,scalar,0.4307357370853424
58,1745223809.5726357,Train/activations/ResidualBlock0_1stConvBlock_forward/max,scalar,0.6525163650512695
59,1745224668.2988274,Train/activations/ResidualBlock0_1stConvBlock_forward/max,scalar,0.7729467153549194
60,1745225543.683316,Train/activations/ResidualBlock0_1stConvBlock_forward/max,scalar,0.6595498323440552
61,1745226401.9245954,Train/activations/ResidualBlock0_1stConvBlock_forward/max,scalar,0.7219926714897156
62,1745227259.5802183,Train/activations/ResidualBlock0_1stConvBlock_forward/max,scalar,0.5778156518936157
0,1745171235.4652667,Train/activations/ResidualBlock0_1stConvBlock_forward/min,scalar,-0.7080085277557373
1,1745172296.838384,Train/activations/ResidualBlock0_1stConvBlock_forward/min,scalar,-0.6032489538192749
2,1745173338.1096559,Train/activations/ResidualBlock0_1stConvBlock_forward/min,scalar,-0.6844370365142822
3,1745174233.1132193,Train/activations/ResidualBlock0_1stConvBlock_forward/min,scalar,-0.44738197326660156
4,1745175273.547898,Train/activations/ResidualBlock0_1stConvBlock_forward/min,scalar,-0.5193254947662354
5,1745176165.7994936,Train/activations/ResidualBlock0_1stConvBlock_forward/min,scalar,-0.7019550800323486
6,1745177057.424945,Train/activations/ResidualBlock0_1stConvBlock_forward/min,scalar,-0.62777179479599
7,1745178097.8278298,Train/activations/ResidualBlock0_1stConvBlock_forward/min,scalar,-0.6378873586654663
8,1745179142.3450878,Train/activations/ResidualBlock0_1stConvBlock_forward/min,scalar,-0.5691494941711426
9,1745180055.5614715,Train/activations/ResidualBlock0_1stConvBlock_forward/min,scalar,-0.7005854845046997
10,1745181105.8337762,Train/activations/ResidualBlock0_1stConvBlock_forward/min,scalar,-0.6049782037734985
11,1745182002.429461,Train/activations/ResidualBlock0_1stConvBlock_forward/min,scalar,-0.6108264923095703
12,1745182902.5394292,Train/activations/ResidualBlock0_1stConvBlock_forward/min,scalar,-0.4312683641910553
13,1745183792.1436212,Train/activations/ResidualBlock0_1stConvBlock_forward/min,scalar,-0.5170742869377136
14,1745184693.3149397,Train/activations/ResidualBlock0_1stConvBlock_forward/min,scalar,-0.5306700468063354
15,1745185595.4931862,Train/activations/ResidualBlock0_1stConvBlock_forward/min,scalar,-0.6963430047035217
16,1745186496.719806,Train/activations/ResidualBlock0_1stConvBlock_forward/min,scalar,-0.6617724895477295
17,1745187405.2420053,Train/activations/ResidualBlock0_1stConvBlock_forward/min,scalar,-0.6215581893920898
18,1745188306.2920358,Train/activations/ResidualBlock0_1stConvBlock_forward/min,scalar,-0.7153743505477905
19,1745189207.7146785,Train/activations/ResidualBlock0_1stConvBlock_forward/min,scalar,-0.5663052797317505
20,1745190256.048104,Train/activations/ResidualBlock0_1stConvBlock_forward/min,scalar,-0.6926215887069702
21,1745191170.6378026,Train/activations/ResidualBlock0_1stConvBlock_forward/min,scalar,-0.3560355305671692
22,1745192071.8583925,Train/activations/ResidualBlock0_1stConvBlock_forward/min,scalar,-0.591058611869812
23,1745192964.19889,Train/activations/ResidualBlock0_1stConvBlock_forward/min,scalar,-0.5874950289726257
24,1745193856.0695903,Train/activations/ResidualBlock0_1stConvBlock_forward/min,scalar,-0.647044837474823
25,1745194746.122096,Train/activations/ResidualBlock0_1stConvBlock_forward/min,scalar,-0.7640210390090942
26,1745195628.7144954,Train/activations/ResidualBlock0_1stConvBlock_forward/min,scalar,-0.43498626351356506
27,1745196516.4116752,Train/activations/ResidualBlock0_1stConvBlock_forward/min,scalar,-0.5474361181259155
28,1745197400.5585084,Train/activations/ResidualBlock0_1stConvBlock_forward/min,scalar,-0.5075217485427856
29,1745198281.625271,Train/activations/ResidualBlock0_1stConvBlock_forward/min,scalar,-0.6343985795974731
30,1745199160.7597473,Train/activations/ResidualBlock0_1stConvBlock_forward/min,scalar,-0.5944221019744873
31,1745200038.8742654,Train/activations/ResidualBlock0_1stConvBlock_forward/min,scalar,-0.6286404132843018
32,1745200913.129218,Train/activations/ResidualBlock0_1stConvBlock_forward/min,scalar,-0.5039820671081543
33,1745201943.3655953,Train/activations/ResidualBlock0_1stConvBlock_forward/min,scalar,-0.4802587628364563
34,1745202839.3993952,Train/activations/ResidualBlock0_1stConvBlock_forward/min,scalar,-0.48949843645095825
35,1745203720.3452632,Train/activations/ResidualBlock0_1stConvBlock_forward/min,scalar,-0.6293584704399109
36,1745204589.385616,Train/activations/ResidualBlock0_1stConvBlock_forward/min,scalar,-0.5085489153862
37,1745205607.472565,Train/activations/ResidualBlock0_1stConvBlock_forward/min,scalar,-0.49563735723495483
38,1745206470.3528209,Train/activations/ResidualBlock0_1stConvBlock_forward/min,scalar,-0.6265741586685181
39,1745207343.4607327,Train/activations/ResidualBlock0_1stConvBlock_forward/min,scalar,-0.6149296164512634
40,1745208209.3657784,Train/activations/ResidualBlock0_1stConvBlock_forward/min,scalar,-0.41714245080947876
41,1745209076.0214865,Train/activations/ResidualBlock0_1stConvBlock_forward/min,scalar,-0.632081925868988
42,1745209942.7680907,Train/activations/ResidualBlock0_1stConvBlock_forward/min,scalar,-0.4766877591609955
43,1745210815.386783,Train/activations/ResidualBlock0_1stConvBlock_forward/min,scalar,-0.5792927742004395
44,1745211689.1709144,Train/activations/ResidualBlock0_1stConvBlock_forward/min,scalar,-0.5021985173225403
45,1745212555.2647583,Train/activations/ResidualBlock0_1stConvBlock_forward/min,scalar,-0.5670853853225708
46,1745213417.3605173,Train/activations/ResidualBlock0_1stConvBlock_forward/min,scalar,-0.5296894311904907
47,1745214282.567018,Train/activations/ResidualBlock0_1stConvBlock_forward/min,scalar,-0.6424543857574463
48,1745215148.0735397,Train/activations/ResidualBlock0_1stConvBlock_forward/min,scalar,-0.5854563117027283
49,1745216019.6728003,Train/activations/ResidualBlock0_1stConvBlock_forward/min,scalar,-0.6154672503471375
50,1745216894.0835617,Train/activations/ResidualBlock0_1stConvBlock_forward/min,scalar,-0.42843014001846313
51,1745217756.6060464,Train/activations/ResidualBlock0_1stConvBlock_forward/min,scalar,-0.6331095695495605
52,1745218620.6407473,Train/activations/ResidualBlock0_1stConvBlock_forward/min,scalar,-0.6829620003700256
53,1745219494.3724344,Train/activations/ResidualBlock0_1stConvBlock_forward/min,scalar,-0.7022665739059448
54,1745220361.1485133,Train/activations/ResidualBlock0_1stConvBlock_forward/min,scalar,-0.621904730796814
55,1745221224.4054685,Train/activations/ResidualBlock0_1stConvBlock_forward/min,scalar,-0.4485326409339905
56,1745222085.8662694,Train/activations/ResidualBlock0_1stConvBlock_forward/min,scalar,-0.5516954660415649
57,1745222948.8967626,Train/activations/ResidualBlock0_1stConvBlock_forward/min,scalar,-0.45807084441185
58,1745223809.5726852,Train/activations/ResidualBlock0_1stConvBlock_forward/min,scalar,-0.6106162667274475
59,1745224668.298886,Train/activations/ResidualBlock0_1stConvBlock_forward/min,scalar,-0.7558756470680237
60,1745225543.6833832,Train/activations/ResidualBlock0_1stConvBlock_forward/min,scalar,-0.6284157037734985
61,1745226401.9246523,Train/activations/ResidualBlock0_1stConvBlock_forward/min,scalar,-0.6974669694900513
62,1745227259.5802681,Train/activations/ResidualBlock0_1stConvBlock_forward/min,scalar,-0.5619426369667053
0,1745171235.4653153,Train/activations/ResidualBlock0_2ndConvBlock_forward/mean,scalar,-0.13971900939941406
1,1745172296.838433,Train/activations/ResidualBlock0_2ndConvBlock_forward/mean,scalar,-0.18465790152549744
2,1745173338.109707,Train/activations/ResidualBlock0_2ndConvBlock_forward/mean,scalar,-0.1504884958267212
3,1745174233.1132684,Train/activations/ResidualBlock0_2ndConvBlock_forward/mean,scalar,-0.20781688392162323
4,1745175273.5479493,Train/activations/ResidualBlock0_2ndConvBlock_forward/mean,scalar,-0.23435847461223602
5,1745176165.7995422,Train/activations/ResidualBlock0_2ndConvBlock_forward/mean,scalar,-0.18176934123039246
6,1745177057.4249933,Train/activations/ResidualBlock0_2ndConvBlock_forward/mean,scalar,-0.33659228682518005
7,1745178097.8278835,Train/activations/ResidualBlock0_2ndConvBlock_forward/mean,scalar,-0.2970171570777893
8,1745179142.345137,Train/activations/ResidualBlock0_2ndConvBlock_forward/mean,scalar,-0.25289419293403625
9,1745180055.561527,Train/activations/ResidualBlock0_2ndConvBlock_forward/mean,scalar,-0.17922009527683258
10,1745181105.8338244,Train/activations/ResidualBlock0_2ndConvBlock_forward/mean,scalar,-0.24265995621681213
11,1745182002.4295132,Train/activations/ResidualBlock0_2ndConvBlock_forward/mean,scalar,-0.21018442511558533
12,1745182902.5394776,Train/activations/ResidualBlock0_2ndConvBlock_forward/mean,scalar,-0.23154518008232117
13,1745183792.1436698,Train/activations/ResidualBlock0_2ndConvBlock_forward/mean,scalar,-0.1707284301519394
14,1745184693.3149881,Train/activations/ResidualBlock0_2ndConvBlock_forward/mean,scalar,-0.161227285861969
15,1745185595.4932342,Train/activations/ResidualBlock0_2ndConvBlock_forward/mean,scalar,-0.10975716263055801
16,1745186496.7198603,Train/activations/ResidualBlock0_2ndConvBlock_forward/mean,scalar,-0.18146447837352753
17,1745187405.2420537,Train/activations/ResidualBlock0_2ndConvBlock_forward/mean,scalar,-0.14592978358268738
18,1745188306.2920842,Train/activations/ResidualBlock0_2ndConvBlock_forward/mean,scalar,-0.12505225837230682
19,1745189207.7147293,Train/activations/ResidualBlock0_2ndConvBlock_forward/mean,scalar,-0.13137808442115784
20,1745190256.0481527,Train/activations/ResidualBlock0_2ndConvBlock_forward/mean,scalar,-0.13346056640148163
21,1745191170.6378562,Train/activations/ResidualBlock0_2ndConvBlock_forward/mean,scalar,-0.12758617103099823
22,1745192071.8584406,Train/activations/ResidualBlock0_2ndConvBlock_forward/mean,scalar,-0.07287929952144623
23,1745192964.1989396,Train/activations/ResidualBlock0_2ndConvBlock_forward/mean,scalar,-0.11615882068872452
24,1745193856.0696392,Train/activations/ResidualBlock0_2ndConvBlock_forward/mean,scalar,-0.08698250353336334
25,1745194746.1221445,Train/activations/ResidualBlock0_2ndConvBlock_forward/mean,scalar,-0.11040420830249786
26,1745195628.7145433,Train/activations/ResidualBlock0_2ndConvBlock_forward/mean,scalar,-0.11454703658819199
27,1745196516.411724,Train/activations/ResidualBlock0_2ndConvBlock_forward/mean,scalar,-0.10972347110509872
28,1745197400.558556,Train/activations/ResidualBlock0_2ndConvBlock_forward/mean,scalar,-0.11901078373193741
29,1745198281.6253202,Train/activations/ResidualBlock0_2ndConvBlock_forward/mean,scalar,-0.09246017038822174
30,1745199160.7597988,Train/activations/ResidualBlock0_2ndConvBlock_forward/mean,scalar,-0.07670946419239044
31,1745200038.8743165,Train/activations/ResidualBlock0_2ndConvBlock_forward/mean,scalar,-0.10667361319065094
32,1745200913.1292667,Train/activations/ResidualBlock0_2ndConvBlock_forward/mean,scalar,-0.11094091832637787
33,1745201943.3656442,Train/activations/ResidualBlock0_2ndConvBlock_forward/mean,scalar,-0.08579250425100327
34,1745202839.399447,Train/activations/ResidualBlock0_2ndConvBlock_forward/mean,scalar,-0.13710953295230865
35,1745203720.3453143,Train/activations/ResidualBlock0_2ndConvBlock_forward/mean,scalar,-0.10612127929925919
36,1745204589.3856652,Train/activations/ResidualBlock0_2ndConvBlock_forward/mean,scalar,-0.11552532762289047
37,1745205607.4726126,Train/activations/ResidualBlock0_2ndConvBlock_forward/mean,scalar,-0.10116720199584961
38,1745206470.3528771,Train/activations/ResidualBlock0_2ndConvBlock_forward/mean,scalar,-0.07793751358985901
39,1745207343.4607825,Train/activations/ResidualBlock0_2ndConvBlock_forward/mean,scalar,-0.12473124265670776
40,1745208209.3658276,Train/activations/ResidualBlock0_2ndConvBlock_forward/mean,scalar,-0.09520990401506424
41,1745209076.021536,Train/activations/ResidualBlock0_2ndConvBlock_forward/mean,scalar,-0.07900835573673248
42,1745209942.7681386,Train/activations/ResidualBlock0_2ndConvBlock_forward/mean,scalar,-0.091075100004673
43,1745210815.3868322,Train/activations/ResidualBlock0_2ndConvBlock_forward/mean,scalar,-0.07778874039649963
44,1745211689.1709623,Train/activations/ResidualBlock0_2ndConvBlock_forward/mean,scalar,-0.10026969015598297
45,1745212555.264806,Train/activations/ResidualBlock0_2ndConvBlock_forward/mean,scalar,-0.1118842214345932
46,1745213417.3605654,Train/activations/ResidualBlock0_2ndConvBlock_forward/mean,scalar,-0.09698192775249481
47,1745214282.5670664,Train/activations/ResidualBlock0_2ndConvBlock_forward/mean,scalar,-0.07806838303804398
48,1745215148.0735884,Train/activations/ResidualBlock0_2ndConvBlock_forward/mean,scalar,-0.08509659022092819
49,1745216019.672853,Train/activations/ResidualBlock0_2ndConvBlock_forward/mean,scalar,-0.09041597694158554
50,1745216894.0836098,Train/activations/ResidualBlock0_2ndConvBlock_forward/mean,scalar,-0.08882041275501251
51,1745217756.6060958,Train/activations/ResidualBlock0_2ndConvBlock_forward/mean,scalar,-0.11173780262470245
52,1745218620.640798,Train/activations/ResidualBlock0_2ndConvBlock_forward/mean,scalar,-0.09632620960474014
53,1745219494.372483,Train/activations/ResidualBlock0_2ndConvBlock_forward/mean,scalar,-0.09036459773778915
54,1745220361.1485622,Train/activations/ResidualBlock0_2ndConvBlock_forward/mean,scalar,-0.09176775813102722
55,1745221224.40552,Train/activations/ResidualBlock0_2ndConvBlock_forward/mean,scalar,-0.0804319828748703
56,1745222085.8663175,Train/activations/ResidualBlock0_2ndConvBlock_forward/mean,scalar,-0.10120655596256256
57,1745222948.896814,Train/activations/ResidualBlock0_2ndConvBlock_forward/mean,scalar,-0.09958481788635254
58,1745223809.5727344,Train/activations/ResidualBlock0_2ndConvBlock_forward/mean,scalar,-0.07822025567293167
59,1745224668.2989357,Train/activations/ResidualBlock0_2ndConvBlock_forward/mean,scalar,-0.07685588300228119
60,1745225543.6834378,Train/activations/ResidualBlock0_2ndConvBlock_forward/mean,scalar,-0.08379383385181427
61,1745226401.9247038,Train/activations/ResidualBlock0_2ndConvBlock_forward/mean,scalar,-0.08196335285902023
62,1745227259.5803163,Train/activations/ResidualBlock0_2ndConvBlock_forward/mean,scalar,-0.08022372424602509
0,1745171235.465362,Train/activations/ResidualBlock0_2ndConvBlock_forward/std,scalar,1.1209309101104736
1,1745172296.8384802,Train/activations/ResidualBlock0_2ndConvBlock_forward/std,scalar,1.2707455158233643
2,1745173338.109755,Train/activations/ResidualBlock0_2ndConvBlock_forward/std,scalar,1.352688193321228
3,1745174233.113315,Train/activations/ResidualBlock0_2ndConvBlock_forward/std,scalar,1.4165667295455933
4,1745175273.5479977,Train/activations/ResidualBlock0_2ndConvBlock_forward/std,scalar,1.460458517074585
5,1745176165.7995892,Train/activations/ResidualBlock0_2ndConvBlock_forward/std,scalar,1.4351412057876587
6,1745177057.4250395,Train/activations/ResidualBlock0_2ndConvBlock_forward/std,scalar,1.7149991989135742
7,1745178097.8279314,Train/activations/ResidualBlock0_2ndConvBlock_forward/std,scalar,1.6585710048675537
8,1745179142.345184,Train/activations/ResidualBlock0_2ndConvBlock_forward/std,scalar,1.5431255102157593
9,1745180055.5615754,Train/activations/ResidualBlock0_2ndConvBlock_forward/std,scalar,1.42617928981781
10,1745181105.8338783,Train/activations/ResidualBlock0_2ndConvBlock_forward/std,scalar,1.423816204071045
11,1745182002.4295645,Train/activations/ResidualBlock0_2ndConvBlock_forward/std,scalar,1.382352352142334
12,1745182902.5395246,Train/activations/ResidualBlock0_2ndConvBlock_forward/std,scalar,1.3282527923583984
13,1745183792.1437168,Train/activations/ResidualBlock0_2ndConvBlock_forward/std,scalar,1.3421200513839722
14,1745184693.3150346,Train/activations/ResidualBlock0_2ndConvBlock_forward/std,scalar,1.261643648147583
15,1745185595.4932806,Train/activations/ResidualBlock0_2ndConvBlock_forward/std,scalar,1.1529127359390259
16,1745186496.7199087,Train/activations/ResidualBlock0_2ndConvBlock_forward/std,scalar,1.1724398136138916
17,1745187405.2421005,Train/activations/ResidualBlock0_2ndConvBlock_forward/std,scalar,1.0872604846954346
18,1745188306.2921314,Train/activations/ResidualBlock0_2ndConvBlock_forward/std,scalar,1.0735013484954834
19,1745189207.7147768,Train/activations/ResidualBlock0_2ndConvBlock_forward/std,scalar,1.077620267868042
20,1745190256.0482004,Train/activations/ResidualBlock0_2ndConvBlock_forward/std,scalar,1.0575060844421387
21,1745191170.6379051,Train/activations/ResidualBlock0_2ndConvBlock_forward/std,scalar,0.9955817461013794
22,1745192071.8584874,Train/activations/ResidualBlock0_2ndConvBlock_forward/std,scalar,1.0196651220321655
23,1745192964.1989875,Train/activations/ResidualBlock0_2ndConvBlock_forward/std,scalar,1.005419135093689
24,1745193856.0696864,Train/activations/ResidualBlock0_2ndConvBlock_forward/std,scalar,0.9436072111129761
25,1745194746.122192,Train/activations/ResidualBlock0_2ndConvBlock_forward/std,scalar,0.911228358745575
26,1745195628.7145903,Train/activations/ResidualBlock0_2ndConvBlock_forward/std,scalar,0.8892205953598022
27,1745196516.4117703,Train/activations/ResidualBlock0_2ndConvBlock_forward/std,scalar,0.8434022665023804
28,1745197400.5586035,Train/activations/ResidualBlock0_2ndConvBlock_forward/std,scalar,0.8570659756660461
29,1745198281.625368,Train/activations/ResidualBlock0_2ndConvBlock_forward/std,scalar,0.8350927233695984
30,1745199160.759852,Train/activations/ResidualBlock0_2ndConvBlock_forward/std,scalar,0.7930159568786621
31,1745200038.8743637,Train/activations/ResidualBlock0_2ndConvBlock_forward/std,scalar,0.7778050303459167
32,1745200913.1293137,Train/activations/ResidualBlock0_2ndConvBlock_forward/std,scalar,0.7692697644233704
33,1745201943.3656912,Train/activations/ResidualBlock0_2ndConvBlock_forward/std,scalar,0.7550241947174072
34,1745202839.3994951,Train/activations/ResidualBlock0_2ndConvBlock_forward/std,scalar,0.7645811438560486
35,1745203720.345362,Train/activations/ResidualBlock0_2ndConvBlock_forward/std,scalar,0.7146190404891968
36,1745204589.3857124,Train/activations/ResidualBlock0_2ndConvBlock_forward/std,scalar,0.6873602867126465
37,1745205607.4726593,Train/activations/ResidualBlock0_2ndConvBlock_forward/std,scalar,0.6392847299575806
38,1745206470.3529246,Train/activations/ResidualBlock0_2ndConvBlock_forward/std,scalar,0.6546669006347656
39,1745207343.46083,Train/activations/ResidualBlock0_2ndConvBlock_forward/std,scalar,0.6646614074707031
40,1745208209.3658807,Train/activations/ResidualBlock0_2ndConvBlock_forward/std,scalar,0.62871253490448
41,1745209076.021583,Train/activations/ResidualBlock0_2ndConvBlock_forward/std,scalar,0.6123945713043213
42,1745209942.768186,Train/activations/ResidualBlock0_2ndConvBlock_forward/std,scalar,0.6184552907943726
43,1745210815.3868885,Train/activations/ResidualBlock0_2ndConvBlock_forward/std,scalar,0.5787994861602783
44,1745211689.171009,Train/activations/ResidualBlock0_2ndConvBlock_forward/std,scalar,0.6014062166213989
45,1745212555.2648606,Train/activations/ResidualBlock0_2ndConvBlock_forward/std,scalar,0.603033185005188
46,1745213417.3606117,Train/activations/ResidualBlock0_2ndConvBlock_forward/std,scalar,0.6004120707511902
47,1745214282.5671134,Train/activations/ResidualBlock0_2ndConvBlock_forward/std,scalar,0.5819727182388306
48,1745215148.0736353,Train/activations/ResidualBlock0_2ndConvBlock_forward/std,scalar,0.5767291784286499
49,1745216019.6729007,Train/activations/ResidualBlock0_2ndConvBlock_forward/std,scalar,0.5676995515823364
50,1745216894.0836565,Train/activations/ResidualBlock0_2ndConvBlock_forward/std,scalar,0.5551528334617615
51,1745217756.6061423,Train/activations/ResidualBlock0_2ndConvBlock_forward/std,scalar,0.5361045598983765
52,1745218620.640853,Train/activations/ResidualBlock0_2ndConvBlock_forward/std,scalar,0.5252219438552856
53,1745219494.3725307,Train/activations/ResidualBlock0_2ndConvBlock_forward/std,scalar,0.5208762884140015
54,1745220361.148609,Train/activations/ResidualBlock0_2ndConvBlock_forward/std,scalar,0.5049567818641663
55,1745221224.4055676,Train/activations/ResidualBlock0_2ndConvBlock_forward/std,scalar,0.498979389667511
56,1745222085.866364,Train/activations/ResidualBlock0_2ndConvBlock_forward/std,scalar,0.484963595867157
57,1745222948.8968725,Train/activations/ResidualBlock0_2ndConvBlock_forward/std,scalar,0.5106712579727173
58,1745223809.5727818,Train/activations/ResidualBlock0_2ndConvBlock_forward/std,scalar,0.5070356130599976
59,1745224668.298983,Train/activations/ResidualBlock0_2ndConvBlock_forward/std,scalar,0.4746852517127991
60,1745225543.6834862,Train/activations/ResidualBlock0_2ndConvBlock_forward/std,scalar,0.47086653113365173
61,1745226401.9247518,Train/activations/ResidualBlock0_2ndConvBlock_forward/std,scalar,0.47238093614578247
62,1745227259.5803628,Train/activations/ResidualBlock0_2ndConvBlock_forward/std,scalar,0.47549253702163696
0,1745171235.4654088,Train/activations/ResidualBlock0_2ndConvBlock_forward/max,scalar,25.165443420410156
1,1745172296.8385262,Train/activations/ResidualBlock0_2ndConvBlock_forward/max,scalar,27.575439453125
2,1745173338.1098018,Train/activations/ResidualBlock0_2ndConvBlock_forward/max,scalar,44.30521774291992
3,1745174233.1133611,Train/activations/ResidualBlock0_2ndConvBlock_forward/max,scalar,24.52646827697754
4,1745175273.5480456,Train/activations/ResidualBlock0_2ndConvBlock_forward/max,scalar,28.08707046508789
5,1745176165.7996356,Train/activations/ResidualBlock0_2ndConvBlock_forward/max,scalar,38.670780181884766
6,1745177057.4250858,Train/activations/ResidualBlock0_2ndConvBlock_forward/max,scalar,30.9794921875
7,1745178097.8279793,Train/activations/ResidualBlock0_2ndConvBlock_forward/max,scalar,30.234243392944336
8,1745179142.3452299,Train/activations/ResidualBlock0_2ndConvBlock_forward/max,scalar,25.58761978149414
9,1745180055.561622,Train/activations/ResidualBlock0_2ndConvBlock_forward/max,scalar,40.9449462890625
10,1745181105.8339257,Train/activations/ResidualBlock0_2ndConvBlock_forward/max,scalar,28.847177505493164
11,1745182002.4296124,Train/activations/ResidualBlock0_2ndConvBlock_forward/max,scalar,30.03765296936035
12,1745182902.539572,Train/activations/ResidualBlock0_2ndConvBlock_forward/max,scalar,24.271467208862305
13,1745183792.1437628,Train/activations/ResidualBlock0_2ndConvBlock_forward/max,scalar,23.455678939819336
14,1745184693.3150802,Train/activations/ResidualBlock0_2ndConvBlock_forward/max,scalar,27.142963409423828
15,1745185595.4933271,Train/activations/ResidualBlock0_2ndConvBlock_forward/max,scalar,38.74535369873047
16,1745186496.7199557,Train/activations/ResidualBlock0_2ndConvBlock_forward/max,scalar,27.63730812072754
17,1745187405.2421474,Train/activations/ResidualBlock0_2ndConvBlock_forward/max,scalar,27.916549682617188
18,1745188306.2921777,Train/activations/ResidualBlock0_2ndConvBlock_forward/max,scalar,33.86914825439453
19,1745189207.7148235,Train/activations/ResidualBlock0_2ndConvBlock_forward/max,scalar,25.153818130493164
20,1745190256.0482469,Train/activations/ResidualBlock0_2ndConvBlock_forward/max,scalar,29.06377601623535
21,1745191170.6379523,Train/activations/ResidualBlock0_2ndConvBlock_forward/max,scalar,16.241134643554688
22,1745192071.8585339,Train/activations/ResidualBlock0_2ndConvBlock_forward/max,scalar,22.748470306396484
23,1745192964.1990345,Train/activations/ResidualBlock0_2ndConvBlock_forward/max,scalar,22.119112014770508
24,1745193856.069733,Train/activations/ResidualBlock0_2ndConvBlock_forward/max,scalar,26.54758644104004
25,1745194746.1222382,Train/activations/ResidualBlock0_2ndConvBlock_forward/max,scalar,27.314838409423828
26,1745195628.714636,Train/activations/ResidualBlock0_2ndConvBlock_forward/max,scalar,16.56397819519043
27,1745196516.4118173,Train/activations/ResidualBlock0_2ndConvBlock_forward/max,scalar,21.464054107666016
28,1745197400.5586498,Train/activations/ResidualBlock0_2ndConvBlock_forward/max,scalar,20.633441925048828
29,1745198281.6254137,Train/activations/ResidualBlock0_2ndConvBlock_forward/max,scalar,24.800329208374023
30,1745199160.7599013,Train/activations/ResidualBlock0_2ndConvBlock_forward/max,scalar,19.186172485351562
31,1745200038.8744097,Train/activations/ResidualBlock0_2ndConvBlock_forward/max,scalar,19.09082794189453
32,1745200913.12936,Train/activations/ResidualBlock0_2ndConvBlock_forward/max,scalar,15.738893508911133
33,1745201943.3657374,Train/activations/ResidualBlock0_2ndConvBlock_forward/max,scalar,13.286168098449707
34,1745202839.399542,Train/activations/ResidualBlock0_2ndConvBlock_forward/max,scalar,16.382417678833008
35,1745203720.3454087,Train/activations/ResidualBlock0_2ndConvBlock_forward/max,scalar,19.976177215576172
36,1745204589.3857589,Train/activations/ResidualBlock0_2ndConvBlock_forward/max,scalar,14.610132217407227
37,1745205607.4727044,Train/activations/ResidualBlock0_2ndConvBlock_forward/max,scalar,17.055265426635742
38,1745206470.3529754,Train/activations/ResidualBlock0_2ndConvBlock_forward/max,scalar,21.213987350463867
39,1745207343.4608834,Train/activations/ResidualBlock0_2ndConvBlock_forward/max,scalar,18.504243850708008
40,1745208209.365929,Train/activations/ResidualBlock0_2ndConvBlock_forward/max,scalar,12.836746215820312
41,1745209076.0216286,Train/activations/ResidualBlock0_2ndConvBlock_forward/max,scalar,18.598005294799805
42,1745209942.7682323,Train/activations/ResidualBlock0_2ndConvBlock_forward/max,scalar,15.115758895874023
43,1745210815.386936,Train/activations/ResidualBlock0_2ndConvBlock_forward/max,scalar,16.287582397460938
44,1745211689.171055,Train/activations/ResidualBlock0_2ndConvBlock_forward/max,scalar,13.562742233276367
45,1745212555.2649095,Train/activations/ResidualBlock0_2ndConvBlock_forward/max,scalar,14.834327697753906
46,1745213417.3606575,Train/activations/ResidualBlock0_2ndConvBlock_forward/max,scalar,12.872754096984863
47,1745214282.567161,Train/activations/ResidualBlock0_2ndConvBlock_forward/max,scalar,13.279067993164062
48,1745215148.0736816,Train/activations/ResidualBlock0_2ndConvBlock_forward/max,scalar,11.996489524841309
49,1745216019.6729465,Train/activations/ResidualBlock0_2ndConvBlock_forward/max,scalar,13.093416213989258
50,1745216894.0837028,Train/activations/ResidualBlock0_2ndConvBlock_forward/max,scalar,11.174614906311035
51,1745217756.606188,Train/activations/ResidualBlock0_2ndConvBlock_forward/max,scalar,13.164027214050293
52,1745218620.6409016,Train/activations/ResidualBlock0_2ndConvBlock_forward/max,scalar,14.456835746765137
53,1745219494.3725767,Train/activations/ResidualBlock0_2ndConvBlock_forward/max,scalar,15.135164260864258
54,1745220361.148655,Train/activations/ResidualBlock0_2ndConvBlock_forward/max,scalar,13.206677436828613
55,1745221224.4056146,Train/activations/ResidualBlock0_2ndConvBlock_forward/max,scalar,9.073823928833008
56,1745222085.86641,Train/activations/ResidualBlock0_2ndConvBlock_forward/max,scalar,10.575803756713867
57,1745222948.8969214,Train/activations/ResidualBlock0_2ndConvBlock_forward/max,scalar,9.645190238952637
58,1745223809.572828,Train/activations/ResidualBlock0_2ndConvBlock_forward/max,scalar,12.150038719177246
59,1745224668.2990308,Train/activations/ResidualBlock0_2ndConvBlock_forward/max,scalar,12.847722053527832
60,1745225543.6835432,Train/activations/ResidualBlock0_2ndConvBlock_forward/max,scalar,12.5560941696167
61,1745226401.9247985,Train/activations/ResidualBlock0_2ndConvBlock_forward/max,scalar,11.90813159942627
62,1745227259.580409,Train/activations/ResidualBlock0_2ndConvBlock_forward/max,scalar,10.02756118774414
0,1745171235.4654539,Train/activations/ResidualBlock0_2ndConvBlock_forward/min,scalar,-27.344482421875
1,1745172296.8385723,Train/activations/ResidualBlock0_2ndConvBlock_forward/min,scalar,-32.3841438293457
2,1745173338.1098542,Train/activations/ResidualBlock0_2ndConvBlock_forward/min,scalar,-51.82634353637695
3,1745174233.1134074,Train/activations/ResidualBlock0_2ndConvBlock_forward/min,scalar,-32.872535705566406
4,1745175273.548092,Train/activations/ResidualBlock0_2ndConvBlock_forward/min,scalar,-37.792816162109375
5,1745176165.7996814,Train/activations/ResidualBlock0_2ndConvBlock_forward/min,scalar,-55.41469192504883
6,1745177057.425133,Train/activations/ResidualBlock0_2ndConvBlock_forward/min,scalar,-55.92180252075195
7,1745178097.828026,Train/activations/ResidualBlock0_2ndConvBlock_forward/min,scalar,-53.86383819580078
8,1745179142.3452754,Train/activations/ResidualBlock0_2ndConvBlock_forward/min,scalar,-45.08313751220703
9,1745180055.5616686,Train/activations/ResidualBlock0_2ndConvBlock_forward/min,scalar,-62.93206024169922
10,1745181105.8339725,Train/activations/ResidualBlock0_2ndConvBlock_forward/min,scalar,-43.838768005371094
11,1745182002.4296594,Train/activations/ResidualBlock0_2ndConvBlock_forward/min,scalar,-46.22585678100586
12,1745182902.5396187,Train/activations/ResidualBlock0_2ndConvBlock_forward/min,scalar,-35.46733093261719
13,1745183792.1438088,Train/activations/ResidualBlock0_2ndConvBlock_forward/min,scalar,-34.15447998046875
14,1745184693.315126,Train/activations/ResidualBlock0_2ndConvBlock_forward/min,scalar,-38.99027633666992
15,1745185595.493373,Train/activations/ResidualBlock0_2ndConvBlock_forward/min,scalar,-57.15644073486328
16,1745186496.7200015,Train/activations/ResidualBlock0_2ndConvBlock_forward/min,scalar,-41.37090301513672
17,1745187405.242194,Train/activations/ResidualBlock0_2ndConvBlock_forward/min,scalar,-41.8250732421875
18,1745188306.2922237,Train/activations/ResidualBlock0_2ndConvBlock_forward/min,scalar,-52.71229934692383
19,1745189207.7148757,Train/activations/ResidualBlock0_2ndConvBlock_forward/min,scalar,-38.94153594970703
20,1745190256.048293,Train/activations/ResidualBlock0_2ndConvBlock_forward/min,scalar,-43.876808166503906
21,1745191170.6379986,Train/activations/ResidualBlock0_2ndConvBlock_forward/min,scalar,-21.75850486755371
22,1745192071.85858,Train/activations/ResidualBlock0_2ndConvBlock_forward/min,scalar,-33.568870544433594
23,1745192964.1990826,Train/activations/ResidualBlock0_2ndConvBlock_forward/min,scalar,-33.41241455078125
24,1745193856.069779,Train/activations/ResidualBlock0_2ndConvBlock_forward/min,scalar,-38.43889236450195
25,1745194746.1222851,Train/activations/ResidualBlock0_2ndConvBlock_forward/min,scalar,-41.06475067138672
26,1745195628.7146816,Train/activations/ResidualBlock0_2ndConvBlock_forward/min,scalar,-23.542285919189453
27,1745196516.411868,Train/activations/ResidualBlock0_2ndConvBlock_forward/min,scalar,-32.62091827392578
28,1745197400.558696,Train/activations/ResidualBlock0_2ndConvBlock_forward/min,scalar,-31.64191246032715
29,1745198281.6254597,Train/activations/ResidualBlock0_2ndConvBlock_forward/min,scalar,-35.881134033203125
30,1745199160.7599485,Train/activations/ResidualBlock0_2ndConvBlock_forward/min,scalar,-28.15631675720215
31,1745200038.8744557,Train/activations/ResidualBlock0_2ndConvBlock_forward/min,scalar,-28.141759872436523
32,1745200913.1294074,Train/activations/ResidualBlock0_2ndConvBlock_forward/min,scalar,-24.64413070678711
33,1745201943.3657835,Train/activations/ResidualBlock0_2ndConvBlock_forward/min,scalar,-19.825239181518555
34,1745202839.3995883,Train/activations/ResidualBlock0_2ndConvBlock_forward/min,scalar,-23.58051109313965
35,1745203720.345456,Train/activations/ResidualBlock0_2ndConvBlock_forward/min,scalar,-28.941659927368164
36,1745204589.3858058,Train/activations/ResidualBlock0_2ndConvBlock_forward/min,scalar,-22.427936553955078
37,1745205607.4727495,Train/activations/ResidualBlock0_2ndConvBlock_forward/min,scalar,-24.346710205078125
38,1745206470.353022,Train/activations/ResidualBlock0_2ndConvBlock_forward/min,scalar,-31.0336856842041
39,1745207343.46093,Train/activations/ResidualBlock0_2ndConvBlock_forward/min,scalar,-27.707530975341797
40,1745208209.365975,Train/activations/ResidualBlock0_2ndConvBlock_forward/min,scalar,-18.100444793701172
41,1745209076.021675,Train/activations/ResidualBlock0_2ndConvBlock_forward/min,scalar,-26.755884170532227
42,1745209942.7682781,Train/activations/ResidualBlock0_2ndConvBlock_forward/min,scalar,-21.988954544067383
43,1745210815.3869836,Train/activations/ResidualBlock0_2ndConvBlock_forward/min,scalar,-24.063642501831055
44,1745211689.1711025,Train/activations/ResidualBlock0_2ndConvBlock_forward/min,scalar,-19.549823760986328
45,1745212555.2649558,Train/activations/ResidualBlock0_2ndConvBlock_forward/min,scalar,-21.085765838623047
46,1745213417.3607047,Train/activations/ResidualBlock0_2ndConvBlock_forward/min,scalar,-20.596683502197266
47,1745214282.567208,Train/activations/ResidualBlock0_2ndConvBlock_forward/min,scalar,-20.86026382446289
48,1745215148.0737278,Train/activations/ResidualBlock0_2ndConvBlock_forward/min,scalar,-18.998271942138672
49,1745216019.6729932,Train/activations/ResidualBlock0_2ndConvBlock_forward/min,scalar,-21.825382232666016
50,1745216894.083749,Train/activations/ResidualBlock0_2ndConvBlock_forward/min,scalar,-16.564109802246094
51,1745217756.6062331,Train/activations/ResidualBlock0_2ndConvBlock_forward/min,scalar,-19.435232162475586
52,1745218620.640949,Train/activations/ResidualBlock0_2ndConvBlock_forward/min,scalar,-24.103652954101562
53,1745219494.3726223,Train/activations/ResidualBlock0_2ndConvBlock_forward/min,scalar,-25.163089752197266
54,1745220361.1487017,Train/activations/ResidualBlock0_2ndConvBlock_forward/min,scalar,-20.64255142211914
55,1745221224.4056609,Train/activations/ResidualBlock0_2ndConvBlock_forward/min,scalar,-13.9005126953125
56,1745222085.866457,Train/activations/ResidualBlock0_2ndConvBlock_forward/min,scalar,-15.92481803894043
57,1745222948.8969686,Train/activations/ResidualBlock0_2ndConvBlock_forward/min,scalar,-14.419075012207031
58,1745223809.57288,Train/activations/ResidualBlock0_2ndConvBlock_forward/min,scalar,-18.823278427124023
59,1745224668.299077,Train/activations/ResidualBlock0_2ndConvBlock_forward/min,scalar,-21.368894577026367
60,1745225543.6835935,Train/activations/ResidualBlock0_2ndConvBlock_forward/min,scalar,-19.1018009185791
61,1745226401.9248517,Train/activations/ResidualBlock0_2ndConvBlock_forward/min,scalar,-18.797731399536133
62,1745227259.5804558,Train/activations/ResidualBlock0_2ndConvBlock_forward/min,scalar,-15.698391914367676
0,1745171235.4655,Train/activations/ResidualBlock1_1stConvBlock_forward/mean,scalar,-0.03766941279172897
1,1745172296.8386211,Train/activations/ResidualBlock1_1stConvBlock_forward/mean,scalar,-0.11507763713598251
2,1745173338.1099029,Train/activations/ResidualBlock1_1stConvBlock_forward/mean,scalar,-0.0730481669306755
3,1745174233.1134539,Train/activations/ResidualBlock1_1stConvBlock_forward/mean,scalar,-0.10957394540309906
4,1745175273.5481393,Train/activations/ResidualBlock1_1stConvBlock_forward/mean,scalar,-0.16213499009609222
5,1745176165.799729,Train/activations/ResidualBlock1_1stConvBlock_forward/mean,scalar,-0.10468888282775879
6,1745177057.4251795,Train/activations/ResidualBlock1_1stConvBlock_forward/mean,scalar,-0.5200411081314087
7,1745178097.8280737,Train/activations/ResidualBlock1_1stConvBlock_forward/mean,scalar,-0.42753520607948303
8,1745179142.3453226,Train/activations/ResidualBlock1_1stConvBlock_forward/mean,scalar,-0.31611379981040955
9,1745180055.5617166,Train/activations/ResidualBlock1_1stConvBlock_forward/mean,scalar,-0.23525185883045197
10,1745181105.8340197,Train/activations/ResidualBlock1_1stConvBlock_forward/mean,scalar,-0.21451516449451447
11,1745182002.429715,Train/activations/ResidualBlock1_1stConvBlock_forward/mean,scalar,-0.1999187022447586
12,1745182902.5396652,Train/activations/ResidualBlock1_1stConvBlock_forward/mean,scalar,-0.2208086997270584
13,1745183792.1438606,Train/activations/ResidualBlock1_1stConvBlock_forward/mean,scalar,-0.15830254554748535
14,1745184693.3151727,Train/activations/ResidualBlock1_1stConvBlock_forward/mean,scalar,-0.20467892289161682
15,1745185595.4934201,Train/activations/ResidualBlock1_1stConvBlock_forward/mean,scalar,-0.17166534066200256
16,1745186496.720048,Train/activations/ResidualBlock1_1stConvBlock_forward/mean,scalar,-0.18170252442359924
17,1745187405.2422407,Train/activations/ResidualBlock1_1stConvBlock_forward/mean,scalar,-0.1890093982219696
18,1745188306.2922711,Train/activations/ResidualBlock1_1stConvBlock_forward/mean,scalar,-0.14168576896190643
19,1745189207.7149236,Train/activations/ResidualBlock1_1stConvBlock_forward/mean,scalar,-0.16633398830890656
20,1745190256.048339,Train/activations/ResidualBlock1_1stConvBlock_forward/mean,scalar,-0.15281978249549866
21,1745191170.638046,Train/activations/ResidualBlock1_1stConvBlock_forward/mean,scalar,-0.19669345021247864
22,1745192071.8586283,Train/activations/ResidualBlock1_1stConvBlock_forward/mean,scalar,-0.17933940887451172
23,1745192964.199129,Train/activations/ResidualBlock1_1stConvBlock_forward/mean,scalar,-0.1259288489818573
24,1745193856.0698252,Train/activations/ResidualBlock1_1stConvBlock_forward/mean,scalar,-0.1226411685347557
25,1745194746.1223319,Train/activations/ResidualBlock1_1stConvBlock_forward/mean,scalar,-0.11159272491931915
26,1745195628.714728,Train/activations/ResidualBlock1_1stConvBlock_forward/mean,scalar,-0.07272199541330338
27,1745196516.4119163,Train/activations/ResidualBlock1_1stConvBlock_forward/mean,scalar,-0.06388217210769653
28,1745197400.558742,Train/activations/ResidualBlock1_1stConvBlock_forward/mean,scalar,-0.0728265792131424
29,1745198281.6255064,Train/activations/ResidualBlock1_1stConvBlock_forward/mean,scalar,-0.07483355700969696
30,1745199160.7599957,Train/activations/ResidualBlock1_1stConvBlock_forward/mean,scalar,-0.08410701900720596
31,1745200038.8745024,Train/activations/ResidualBlock1_1stConvBlock_forward/mean,scalar,-0.07779841870069504
32,1745200913.1294541,Train/activations/ResidualBlock1_1stConvBlock_forward/mean,scalar,-0.06554335355758667
33,1745201943.365832,Train/activations/ResidualBlock1_1stConvBlock_forward/mean,scalar,-0.045011214911937714
34,1745202839.3996365,Train/activations/ResidualBlock1_1stConvBlock_forward/mean,scalar,-0.05957530811429024
35,1745203720.345504,Train/activations/ResidualBlock1_1stConvBlock_forward/mean,scalar,-0.05661432817578316
36,1745204589.3858578,Train/activations/ResidualBlock1_1stConvBlock_forward/mean,scalar,-0.047097768634557724
37,1745205607.4727957,Train/activations/ResidualBlock1_1stConvBlock_forward/mean,scalar,-0.050705015659332275
38,1745206470.3530724,Train/activations/ResidualBlock1_1stConvBlock_forward/mean,scalar,-0.04663041979074478
39,1745207343.4609766,Train/activations/ResidualBlock1_1stConvBlock_forward/mean,scalar,-0.03150622919201851
40,1745208209.3660219,Train/activations/ResidualBlock1_1stConvBlock_forward/mean,scalar,-0.04542044550180435
41,1745209076.0217211,Train/activations/ResidualBlock1_1stConvBlock_forward/mean,scalar,-0.031499143689870834
42,1745209942.7683246,Train/activations/ResidualBlock1_1stConvBlock_forward/mean,scalar,-0.03847112879157066
43,1745210815.3870308,Train/activations/ResidualBlock1_1stConvBlock_forward/mean,scalar,-0.03886697068810463
44,1745211689.1711493,Train/activations/ResidualBlock1_1stConvBlock_forward/mean,scalar,-0.034256331622600555
45,1745212555.265002,Train/activations/ResidualBlock1_1stConvBlock_forward/mean,scalar,-0.03528813272714615
46,1745213417.3607519,Train/activations/ResidualBlock1_1stConvBlock_forward/mean,scalar,-0.029639258980751038
47,1745214282.567255,Train/activations/ResidualBlock1_1stConvBlock_forward/mean,scalar,-0.02660113014280796
48,1745215148.0737746,Train/activations/ResidualBlock1_1stConvBlock_forward/mean,scalar,-0.026340272277593613
49,1745216019.67304,Train/activations/ResidualBlock1_1stConvBlock_forward/mean,scalar,-0.024322202429175377
50,1745216894.0837965,Train/activations/ResidualBlock1_1stConvBlock_forward/mean,scalar,-0.024158798158168793
51,1745217756.606281,Train/activations/ResidualBlock1_1stConvBlock_forward/mean,scalar,-0.04334459826350212
52,1745218620.6409972,Train/activations/ResidualBlock1_1stConvBlock_forward/mean,scalar,-0.028858235105872154
53,1745219494.3726683,Train/activations/ResidualBlock1_1stConvBlock_forward/mean,scalar,-0.021040400490164757
54,1745220361.148749,Train/activations/ResidualBlock1_1stConvBlock_forward/mean,scalar,-0.02059754729270935
55,1745221224.4057076,Train/activations/ResidualBlock1_1stConvBlock_forward/mean,scalar,-0.017992231994867325
56,1745222085.8665042,Train/activations/ResidualBlock1_1stConvBlock_forward/mean,scalar,-0.024493612349033356
57,1745222948.8970163,Train/activations/ResidualBlock1_1stConvBlock_forward/mean,scalar,-0.018826354295015335
58,1745223809.572927,Train/activations/ResidualBlock1_1stConvBlock_forward/mean,scalar,-0.015183930285274982
59,1745224668.2991252,Train/activations/ResidualBlock1_1stConvBlock_forward/mean,scalar,-0.018001895397901535
60,1745225543.683649,Train/activations/ResidualBlock1_1stConvBlock_forward/mean,scalar,-0.01982424035668373
61,1745226401.9249022,Train/activations/ResidualBlock1_1stConvBlock_forward/mean,scalar,-0.01983504556119442
62,1745227259.580503,Train/activations/ResidualBlock1_1stConvBlock_forward/mean,scalar,-0.018492355942726135
0,1745171235.4655452,Train/activations/ResidualBlock1_1stConvBlock_forward/std,scalar,0.8121902346611023
1,1745172296.838669,Train/activations/ResidualBlock1_1stConvBlock_forward/std,scalar,0.760063648223877
2,1745173338.10995,Train/activations/ResidualBlock1_1stConvBlock_forward/std,scalar,0.8255252838134766
3,1745174233.1135,Train/activations/ResidualBlock1_1stConvBlock_forward/std,scalar,0.9418380856513977
4,1745175273.5481856,Train/activations/ResidualBlock1_1stConvBlock_forward/std,scalar,0.9664495587348938
5,1745176165.7997756,Train/activations/ResidualBlock1_1stConvBlock_forward/std,scalar,0.8056983947753906
6,1745177057.4252255,Train/activations/ResidualBlock1_1stConvBlock_forward/std,scalar,1.193429946899414
7,1745178097.82812,Train/activations/ResidualBlock1_1stConvBlock_forward/std,scalar,0.9873045682907104
8,1745179142.3453681,Train/activations/ResidualBlock1_1stConvBlock_forward/std,scalar,0.8650897741317749
9,1745180055.561763,Train/activations/ResidualBlock1_1stConvBlock_forward/std,scalar,0.7527519464492798
10,1745181105.834066,Train/activations/ResidualBlock1_1stConvBlock_forward/std,scalar,0.6862454414367676
11,1745182002.4297998,Train/activations/ResidualBlock1_1stConvBlock_forward/std,scalar,0.7036770582199097
12,1745182902.5397112,Train/activations/ResidualBlock1_1stConvBlock_forward/std,scalar,0.7578477263450623
13,1745183792.1439083,Train/activations/ResidualBlock1_1stConvBlock_forward/std,scalar,0.6532161831855774
14,1745184693.3152196,Train/activations/ResidualBlock1_1stConvBlock_forward/std,scalar,0.6701934337615967
15,1745185595.4934654,Train/activations/ResidualBlock1_1stConvBlock_forward/std,scalar,0.5926399827003479
16,1745186496.7200937,Train/activations/ResidualBlock1_1stConvBlock_forward/std,scalar,0.5929849147796631
17,1745187405.2422867,Train/activations/ResidualBlock1_1stConvBlock_forward/std,scalar,0.5659707188606262
18,1745188306.2923176,Train/activations/ResidualBlock1_1stConvBlock_forward/std,scalar,0.4856540560722351
19,1745189207.7149706,Train/activations/ResidualBlock1_1stConvBlock_forward/std,scalar,0.5108652114868164
20,1745190256.048385,Train/activations/ResidualBlock1_1stConvBlock_forward/std,scalar,0.5178425312042236
21,1745191170.638093,Train/activations/ResidualBlock1_1stConvBlock_forward/std,scalar,0.4497153162956238
22,1745192071.8586748,Train/activations/ResidualBlock1_1stConvBlock_forward/std,scalar,0.7432166337966919
23,1745192964.1991756,Train/activations/ResidualBlock1_1stConvBlock_forward/std,scalar,0.42204660177230835
24,1745193856.0698824,Train/activations/ResidualBlock1_1stConvBlock_forward/std,scalar,0.3796127736568451
25,1745194746.1223779,Train/activations/ResidualBlock1_1stConvBlock_forward/std,scalar,0.3657577633857727
26,1745195628.7147748,Train/activations/ResidualBlock1_1stConvBlock_forward/std,scalar,0.385901540517807
27,1745196516.4119623,Train/activations/ResidualBlock1_1stConvBlock_forward/std,scalar,0.3404221832752228
28,1745197400.5587876,Train/activations/ResidualBlock1_1stConvBlock_forward/std,scalar,0.32903268933296204
29,1745198281.6255531,Train/activations/ResidualBlock1_1stConvBlock_forward/std,scalar,0.32044851779937744
30,1745199160.7600415,Train/activations/ResidualBlock1_1stConvBlock_forward/std,scalar,0.32313886284828186
31,1745200038.8745484,Train/activations/ResidualBlock1_1stConvBlock_forward/std,scalar,0.3155190348625183
32,1745200913.129501,Train/activations/ResidualBlock1_1stConvBlock_forward/std,scalar,0.29671216011047363
33,1745201943.3658864,Train/activations/ResidualBlock1_1stConvBlock_forward/std,scalar,0.3254842758178711
34,1745202839.3996842,Train/activations/ResidualBlock1_1stConvBlock_forward/std,scalar,0.2926320433616638
35,1745203720.345551,Train/activations/ResidualBlock1_1stConvBlock_forward/std,scalar,0.26225242018699646
36,1745204589.385906,Train/activations/ResidualBlock1_1stConvBlock_forward/std,scalar,0.2595537304878235
37,1745205607.472842,Train/activations/ResidualBlock1_1stConvBlock_forward/std,scalar,0.2672334909439087
38,1745206470.3531184,Train/activations/ResidualBlock1_1stConvBlock_forward/std,scalar,0.23824746906757355
39,1745207343.4610221,Train/activations/ResidualBlock1_1stConvBlock_forward/std,scalar,0.22750377655029297
40,1745208209.3660684,Train/activations/ResidualBlock1_1stConvBlock_forward/std,scalar,0.24827492237091064
41,1745209076.021768,Train/activations/ResidualBlock1_1stConvBlock_forward/std,scalar,0.2282658815383911
42,1745209942.7683723,Train/activations/ResidualBlock1_1stConvBlock_forward/std,scalar,0.22054772078990936
43,1745210815.3870776,Train/activations/ResidualBlock1_1stConvBlock_forward/std,scalar,0.23997512459754944
44,1745211689.1711957,Train/activations/ResidualBlock1_1stConvBlock_forward/std,scalar,0.20506636798381805
45,1745212555.265049,Train/activations/ResidualBlock1_1stConvBlock_forward/std,scalar,0.20922212302684784
46,1745213417.360798,Train/activations/ResidualBlock1_1stConvBlock_forward/std,scalar,0.19597774744033813
47,1745214282.567301,Train/activations/ResidualBlock1_1stConvBlock_forward/std,scalar,0.2063852846622467
48,1745215148.073821,Train/activations/ResidualBlock1_1stConvBlock_forward/std,scalar,0.20792421698570251
49,1745216019.6730855,Train/activations/ResidualBlock1_1stConvBlock_forward/std,scalar,0.19163011014461517
50,1745216894.0838418,Train/activations/ResidualBlock1_1stConvBlock_forward/std,scalar,0.17935515940189362
51,1745217756.606327,Train/activations/ResidualBlock1_1stConvBlock_forward/std,scalar,0.22513389587402344
52,1745218620.6410434,Train/activations/ResidualBlock1_1stConvBlock_forward/std,scalar,0.18697555363178253
53,1745219494.3727138,Train/activations/ResidualBlock1_1stConvBlock_forward/std,scalar,0.17213062942028046
54,1745220361.1487956,Train/activations/ResidualBlock1_1stConvBlock_forward/std,scalar,0.17760170996189117
55,1745221224.405754,Train/activations/ResidualBlock1_1stConvBlock_forward/std,scalar,0.16671796143054962
56,1745222085.86655,Train/activations/ResidualBlock1_1stConvBlock_forward/std,scalar,0.17487943172454834
57,1745222948.8970637,Train/activations/ResidualBlock1_1stConvBlock_forward/std,scalar,0.1659153550863266
58,1745223809.5729733,Train/activations/ResidualBlock1_1stConvBlock_forward/std,scalar,0.16012068092823029
59,1745224668.2991729,Train/activations/ResidualBlock1_1stConvBlock_forward/std,scalar,0.16409753262996674
60,1745225543.6837003,Train/activations/ResidualBlock1_1stConvBlock_forward/std,scalar,0.15719573199748993
61,1745226401.9249492,Train/activations/ResidualBlock1_1stConvBlock_forward/std,scalar,0.15372131764888763
62,1745227259.5805488,Train/activations/ResidualBlock1_1stConvBlock_forward/std,scalar,0.1575705111026764
0,1745171235.46559,Train/activations/ResidualBlock1_1stConvBlock_forward/max,scalar,18.264263153076172
1,1745172296.8387153,Train/activations/ResidualBlock1_1stConvBlock_forward/max,scalar,15.931735038757324
2,1745173338.109996,Train/activations/ResidualBlock1_1stConvBlock_forward/max,scalar,24.432201385498047
3,1745174233.113546,Train/activations/ResidualBlock1_1stConvBlock_forward/max,scalar,14.763689041137695
4,1745175273.548231,Train/activations/ResidualBlock1_1stConvBlock_forward/max,scalar,16.98257064819336
5,1745176165.7998214,Train/activations/ResidualBlock1_1stConvBlock_forward/max,scalar,22.984498977661133
6,1745177057.4252706,Train/activations/ResidualBlock1_1stConvBlock_forward/max,scalar,17.13332176208496
7,1745178097.8281658,Train/activations/ResidualBlock1_1stConvBlock_forward/max,scalar,17.82427406311035
8,1745179142.3454137,Train/activations/ResidualBlock1_1stConvBlock_forward/max,scalar,14.774702072143555
9,1745180055.561809,Train/activations/ResidualBlock1_1stConvBlock_forward/max,scalar,28.555660247802734
10,1745181105.8341122,Train/activations/ResidualBlock1_1stConvBlock_forward/max,scalar,16.89937973022461
11,1745182002.4298553,Train/activations/ResidualBlock1_1stConvBlock_forward/max,scalar,17.236827850341797
12,1745182902.5397575,Train/activations/ResidualBlock1_1stConvBlock_forward/max,scalar,15.257466316223145
13,1745183792.143954,Train/activations/ResidualBlock1_1stConvBlock_forward/max,scalar,13.352261543273926
14,1745184693.3152654,Train/activations/ResidualBlock1_1stConvBlock_forward/max,scalar,15.44731330871582
15,1745185595.4935105,Train/activations/ResidualBlock1_1stConvBlock_forward/max,scalar,23.57645606994629
16,1745186496.7201388,Train/activations/ResidualBlock1_1stConvBlock_forward/max,scalar,16.409194946289062
17,1745187405.2423325,Train/activations/ResidualBlock1_1stConvBlock_forward/max,scalar,18.318798065185547
18,1745188306.2923634,Train/activations/ResidualBlock1_1stConvBlock_forward/max,scalar,20.033897399902344
19,1745189207.7150156,Train/activations/ResidualBlock1_1stConvBlock_forward/max,scalar,16.47051239013672
20,1745190256.048431,Train/activations/ResidualBlock1_1stConvBlock_forward/max,scalar,16.935527801513672
21,1745191170.6381395,Train/activations/ResidualBlock1_1stConvBlock_forward/max,scalar,10.04585075378418
22,1745192071.8587208,Train/activations/ResidualBlock1_1stConvBlock_forward/max,scalar,17.290212631225586
23,1745192964.1992223,Train/activations/ResidualBlock1_1stConvBlock_forward/max,scalar,13.14112377166748
24,1745193856.0699303,Train/activations/ResidualBlock1_1stConvBlock_forward/max,scalar,13.767095565795898
25,1745194746.1224241,Train/activations/ResidualBlock1_1stConvBlock_forward/max,scalar,15.335756301879883
26,1745195628.7148206,Train/activations/ResidualBlock1_1stConvBlock_forward/max,scalar,9.81340503692627
27,1745196516.412008,Train/activations/ResidualBlock1_1stConvBlock_forward/max,scalar,11.88440227508545
28,1745197400.5588324,Train/activations/ResidualBlock1_1stConvBlock_forward/max,scalar,11.78101921081543
29,1745198281.625599,Train/activations/ResidualBlock1_1stConvBlock_forward/max,scalar,14.060948371887207
30,1745199160.760088,Train/activations/ResidualBlock1_1stConvBlock_forward/max,scalar,12.038432121276855
31,1745200038.8746321,Train/activations/ResidualBlock1_1stConvBlock_forward/max,scalar,11.85853099822998
32,1745200913.129547,Train/activations/ResidualBlock1_1stConvBlock_forward/max,scalar,8.8745756149292
33,1745201943.3659334,Train/activations/ResidualBlock1_1stConvBlock_forward/max,scalar,7.874659538269043
34,1745202839.3997715,Train/activations/ResidualBlock1_1stConvBlock_forward/max,scalar,7.490566253662109
35,1745203720.3455975,Train/activations/ResidualBlock1_1stConvBlock_forward/max,scalar,10.509897232055664
36,1745204589.385952,Train/activations/ResidualBlock1_1stConvBlock_forward/max,scalar,8.053900718688965
37,1745205607.4729052,Train/activations/ResidualBlock1_1stConvBlock_forward/max,scalar,9.639561653137207
38,1745206470.3531642,Train/activations/ResidualBlock1_1stConvBlock_forward/max,scalar,11.004411697387695
39,1745207343.4610672,Train/activations/ResidualBlock1_1stConvBlock_forward/max,scalar,9.226092338562012
40,1745208209.3661144,Train/activations/ResidualBlock1_1stConvBlock_forward/max,scalar,7.46726131439209
41,1745209076.0218143,Train/activations/ResidualBlock1_1stConvBlock_forward/max,scalar,10.897275924682617
42,1745209942.7684183,Train/activations/ResidualBlock1_1stConvBlock_forward/max,scalar,9.020851135253906
43,1745210815.3871243,Train/activations/ResidualBlock1_1stConvBlock_forward/max,scalar,10.551518440246582
44,1745211689.1712415,Train/activations/ResidualBlock1_1stConvBlock_forward/max,scalar,6.899039268493652
45,1745212555.2650955,Train/activations/ResidualBlock1_1stConvBlock_forward/max,scalar,7.763462066650391
46,1745213417.3608434,Train/activations/ResidualBlock1_1stConvBlock_forward/max,scalar,6.725793361663818
47,1745214282.5673473,Train/activations/ResidualBlock1_1stConvBlock_forward/max,scalar,8.45602035522461
48,1745215148.073873,Train/activations/ResidualBlock1_1stConvBlock_forward/max,scalar,7.706178188323975
49,1745216019.6731305,Train/activations/ResidualBlock1_1stConvBlock_forward/max,scalar,8.336130142211914
50,1745216894.0838938,Train/activations/ResidualBlock1_1stConvBlock_forward/max,scalar,6.144478797912598
51,1745217756.6063726,Train/activations/ResidualBlock1_1stConvBlock_forward/max,scalar,7.894853115081787
52,1745218620.6410906,Train/activations/ResidualBlock1_1stConvBlock_forward/max,scalar,8.452667236328125
53,1745219494.3727593,Train/activations/ResidualBlock1_1stConvBlock_forward/max,scalar,8.80256175994873
54,1745220361.1488411,Train/activations/ResidualBlock1_1stConvBlock_forward/max,scalar,7.6827521324157715
55,1745221224.4057999,Train/activations/ResidualBlock1_1stConvBlock_forward/max,scalar,5.844115257263184
56,1745222085.8665965,Train/activations/ResidualBlock1_1stConvBlock_forward/max,scalar,5.728058338165283
57,1745222948.89711,Train/activations/ResidualBlock1_1stConvBlock_forward/max,scalar,5.508399963378906
58,1745223809.573018,Train/activations/ResidualBlock1_1stConvBlock_forward/max,scalar,7.320554256439209
59,1745224668.2992191,Train/activations/ResidualBlock1_1stConvBlock_forward/max,scalar,9.337271690368652
60,1745225543.683748,Train/activations/ResidualBlock1_1stConvBlock_forward/max,scalar,7.672543525695801
61,1745226401.9250267,Train/activations/ResidualBlock1_1stConvBlock_forward/max,scalar,7.132403373718262
62,1745227259.5805938,Train/activations/ResidualBlock1_1stConvBlock_forward/max,scalar,5.866091728210449
0,1745171235.4656353,Train/activations/ResidualBlock1_1stConvBlock_forward/min,scalar,-17.451690673828125
1,1745172296.8387618,Train/activations/ResidualBlock1_1stConvBlock_forward/min,scalar,-17.269947052001953
2,1745173338.110042,Train/activations/ResidualBlock1_1stConvBlock_forward/min,scalar,-30.217493057250977
3,1745174233.1135912,Train/activations/ResidualBlock1_1stConvBlock_forward/min,scalar,-16.02320671081543
4,1745175273.5483165,Train/activations/ResidualBlock1_1stConvBlock_forward/min,scalar,-20.91525650024414
5,1745176165.7998729,Train/activations/ResidualBlock1_1stConvBlock_forward/min,scalar,-25.143630981445312
6,1745177057.4253156,Train/activations/ResidualBlock1_1stConvBlock_forward/min,scalar,-25.144617080688477
7,1745178097.8282113,Train/activations/ResidualBlock1_1stConvBlock_forward/min,scalar,-24.206348419189453
8,1745179142.345459,Train/activations/ResidualBlock1_1stConvBlock_forward/min,scalar,-17.581418991088867
9,1745180055.561862,Train/activations/ResidualBlock1_1stConvBlock_forward/min,scalar,-27.49810791015625
10,1745181105.8341582,Train/activations/ResidualBlock1_1stConvBlock_forward/min,scalar,-16.32311248779297
11,1745182002.4299033,Train/activations/ResidualBlock1_1stConvBlock_forward/min,scalar,-17.670642852783203
12,1745182902.5398028,Train/activations/ResidualBlock1_1stConvBlock_forward/min,scalar,-12.856790542602539
13,1745183792.1439993,Train/activations/ResidualBlock1_1stConvBlock_forward/min,scalar,-13.521467208862305
14,1745184693.3153112,Train/activations/ResidualBlock1_1stConvBlock_forward/min,scalar,-14.441991806030273
15,1745185595.4935553,Train/activations/ResidualBlock1_1stConvBlock_forward/min,scalar,-23.15938377380371
16,1745186496.7201838,Train/activations/ResidualBlock1_1stConvBlock_forward/min,scalar,-15.051763534545898
17,1745187405.2423785,Train/activations/ResidualBlock1_1stConvBlock_forward/min,scalar,-17.835453033447266
18,1745188306.292409,Train/activations/ResidualBlock1_1stConvBlock_forward/min,scalar,-21.121768951416016
19,1745189207.7150612,Train/activations/ResidualBlock1_1stConvBlock_forward/min,scalar,-15.775784492492676
20,1745190256.0484765,Train/activations/ResidualBlock1_1stConvBlock_forward/min,scalar,-17.921083450317383
21,1745191170.6381853,Train/activations/ResidualBlock1_1stConvBlock_forward/min,scalar,-9.910988807678223
22,1745192071.8587668,Train/activations/ResidualBlock1_1stConvBlock_forward/min,scalar,-16.75477409362793
23,1745192964.199269,Train/activations/ResidualBlock1_1stConvBlock_forward/min,scalar,-14.30736255645752
24,1745193856.0699768,Train/activations/ResidualBlock1_1stConvBlock_forward/min,scalar,-16.314510345458984
25,1745194746.1224694,Train/activations/ResidualBlock1_1stConvBlock_forward/min,scalar,-17.18374252319336
26,1745195628.714872,Train/activations/ResidualBlock1_1stConvBlock_forward/min,scalar,-10.599105834960938
27,1745196516.4120538,Train/activations/ResidualBlock1_1stConvBlock_forward/min,scalar,-13.929924011230469
28,1745197400.5588834,Train/activations/ResidualBlock1_1stConvBlock_forward/min,scalar,-12.963205337524414
29,1745198281.6256452,Train/activations/ResidualBlock1_1stConvBlock_forward/min,scalar,-16.271337509155273
30,1745199160.760136,Train/activations/ResidualBlock1_1stConvBlock_forward/min,scalar,-14.679191589355469
31,1745200038.874687,Train/activations/ResidualBlock1_1stConvBlock_forward/min,scalar,-12.810523986816406
32,1745200913.129593,Train/activations/ResidualBlock1_1stConvBlock_forward/min,scalar,-11.427511215209961
33,1745201943.3659792,Train/activations/ResidualBlock1_1stConvBlock_forward/min,scalar,-10.145593643188477
34,1745202839.3998284,Train/activations/ResidualBlock1_1stConvBlock_forward/min,scalar,-11.066713333129883
35,1745203720.3456433,Train/activations/ResidualBlock1_1stConvBlock_forward/min,scalar,-13.150787353515625
36,1745204589.3859975,Train/activations/ResidualBlock1_1stConvBlock_forward/min,scalar,-9.850850105285645
37,1745205607.472952,Train/activations/ResidualBlock1_1stConvBlock_forward/min,scalar,-12.140176773071289
38,1745206470.3532095,Train/activations/ResidualBlock1_1stConvBlock_forward/min,scalar,-14.885729789733887
39,1745207343.4611123,Train/activations/ResidualBlock1_1stConvBlock_forward/min,scalar,-12.20034122467041
40,1745208209.3661597,Train/activations/ResidualBlock1_1stConvBlock_forward/min,scalar,-8.526232719421387
41,1745209076.0218651,Train/activations/ResidualBlock1_1stConvBlock_forward/min,scalar,-12.083967208862305
42,1745209942.7684639,Train/activations/ResidualBlock1_1stConvBlock_forward/min,scalar,-10.089275360107422
43,1745210815.38717,Train/activations/ResidualBlock1_1stConvBlock_forward/min,scalar,-12.728361129760742
44,1745211689.1712873,Train/activations/ResidualBlock1_1stConvBlock_forward/min,scalar,-8.61292839050293
45,1745212555.2651412,Train/activations/ResidualBlock1_1stConvBlock_forward/min,scalar,-10.330461502075195
46,1745213417.3608956,Train/activations/ResidualBlock1_1stConvBlock_forward/min,scalar,-10.170121192932129
47,1745214282.5673928,Train/activations/ResidualBlock1_1stConvBlock_forward/min,scalar,-9.876876831054688
48,1745215148.07392,Train/activations/ResidualBlock1_1stConvBlock_forward/min,scalar,-9.569314956665039
49,1745216019.6731756,Train/activations/ResidualBlock1_1stConvBlock_forward/min,scalar,-11.006622314453125
50,1745216894.0839396,Train/activations/ResidualBlock1_1stConvBlock_forward/min,scalar,-7.466236114501953
51,1745217756.606418,Train/activations/ResidualBlock1_1stConvBlock_forward/min,scalar,-9.969045639038086
52,1745218620.641137,Train/activations/ResidualBlock1_1stConvBlock_forward/min,scalar,-11.202067375183105
53,1745219494.3728042,Train/activations/ResidualBlock1_1stConvBlock_forward/min,scalar,-11.491342544555664
54,1745220361.1489055,Train/activations/ResidualBlock1_1stConvBlock_forward/min,scalar,-10.81567668914795
55,1745221224.405854,Train/activations/ResidualBlock1_1stConvBlock_forward/min,scalar,-6.599915504455566
56,1745222085.866642,Train/activations/ResidualBlock1_1stConvBlock_forward/min,scalar,-7.521871089935303
57,1745222948.8971558,Train/activations/ResidualBlock1_1stConvBlock_forward/min,scalar,-6.909442901611328
58,1745223809.5730636,Train/activations/ResidualBlock1_1stConvBlock_forward/min,scalar,-8.723550796508789
59,1745224668.299305,Train/activations/ResidualBlock1_1stConvBlock_forward/min,scalar,-9.913084030151367
60,1745225543.6838589,Train/activations/ResidualBlock1_1stConvBlock_forward/min,scalar,-8.137882232666016
61,1745226401.9250796,Train/activations/ResidualBlock1_1stConvBlock_forward/min,scalar,-9.077709197998047
62,1745227259.580639,Train/activations/ResidualBlock1_1stConvBlock_forward/min,scalar,-7.100980281829834
0,1745171235.4686224,Train/activations/ResidualBlock1_2ndConvBlock_forward/mean,scalar,-0.07765130698680878
1,1745172296.840874,Train/activations/ResidualBlock1_2ndConvBlock_forward/mean,scalar,-0.08035492897033691
2,1745173338.1129923,Train/activations/ResidualBlock1_2ndConvBlock_forward/mean,scalar,-0.03452629595994949
3,1745174233.114821,Train/activations/ResidualBlock1_2ndConvBlock_forward/mean,scalar,-0.15821875631809235
4,1745175273.549324,Train/activations/ResidualBlock1_2ndConvBlock_forward/mean,scalar,-0.1276809424161911
5,1745176165.8014576,Train/activations/ResidualBlock1_2ndConvBlock_forward/mean,scalar,-0.09088971465826035
6,1745177057.42615,Train/activations/ResidualBlock1_2ndConvBlock_forward/mean,scalar,-0.19282039999961853
7,1745178097.829143,Train/activations/ResidualBlock1_2ndConvBlock_forward/mean,scalar,-0.19647736847400665
8,1745179142.354194,Train/activations/ResidualBlock1_2ndConvBlock_forward/mean,scalar,-0.20436549186706543
9,1745180055.5633712,Train/activations/ResidualBlock1_2ndConvBlock_forward/mean,scalar,-0.12488193809986115
10,1745181105.8350616,Train/activations/ResidualBlock1_2ndConvBlock_forward/mean,scalar,-0.0814635157585144
11,1745182002.430889,Train/activations/ResidualBlock1_2ndConvBlock_forward/mean,scalar,-0.08750303089618683
12,1745182902.5407832,Train/activations/ResidualBlock1_2ndConvBlock_forward/mean,scalar,-0.05420144647359848
13,1745183792.1451964,Train/activations/ResidualBlock1_2ndConvBlock_forward/mean,scalar,-0.0584254153072834
14,1745184693.3177385,Train/activations/ResidualBlock1_2ndConvBlock_forward/mean,scalar,-0.05372743681073189
15,1745185595.494504,Train/activations/ResidualBlock1_2ndConvBlock_forward/mean,scalar,-0.07109561562538147
16,1745186496.7375782,Train/activations/ResidualBlock1_2ndConvBlock_forward/mean,scalar,-0.0829145535826683
17,1745187405.2434962,Train/activations/ResidualBlock1_2ndConvBlock_forward/mean,scalar,-0.06515543162822723
18,1745188306.2938976,Train/activations/ResidualBlock1_2ndConvBlock_forward/mean,scalar,-0.05442724749445915
19,1745189207.7158248,Train/activations/ResidualBlock1_2ndConvBlock_forward/mean,scalar,-0.06278593093156815
20,1745190256.0505555,Train/activations/ResidualBlock1_2ndConvBlock_forward/mean,scalar,-0.05040094256401062
21,1745191170.643769,Train/activations/ResidualBlock1_2ndConvBlock_forward/mean,scalar,-0.05178733542561531
22,1745192071.8594496,Train/activations/ResidualBlock1_2ndConvBlock_forward/mean,scalar,-0.048307836055755615
23,1745192964.200393,Train/activations/ResidualBlock1_2ndConvBlock_forward/mean,scalar,-0.03487585484981537
24,1745193856.0708156,Train/activations/ResidualBlock1_2ndConvBlock_forward/mean,scalar,-0.053548455238342285
25,1745194746.1233344,Train/activations/ResidualBlock1_2ndConvBlock_forward/mean,scalar,-0.050007134675979614
26,1745195628.7155826,Train/activations/ResidualBlock1_2ndConvBlock_forward/mean,scalar,-0.05644012242555618
27,1745196516.4129858,Train/activations/ResidualBlock1_2ndConvBlock_forward/mean,scalar,-0.049656134098768234
28,1745197400.5598073,Train/activations/ResidualBlock1_2ndConvBlock_forward/mean,scalar,-0.04487840086221695
29,1745198281.6268673,Train/activations/ResidualBlock1_2ndConvBlock_forward/mean,scalar,-0.040405962616205215
30,1745199160.7614126,Train/activations/ResidualBlock1_2ndConvBlock_forward/mean,scalar,-0.03948788717389107
31,1745200038.8753538,Train/activations/ResidualBlock1_2ndConvBlock_forward/mean,scalar,-0.04058148339390755
32,1745200913.1338923,Train/activations/ResidualBlock1_2ndConvBlock_forward/mean,scalar,-0.03232092410326004
33,1745201943.3668344,Train/activations/ResidualBlock1_2ndConvBlock_forward/mean,scalar,-0.028336655348539352
34,1745202839.4007597,Train/activations/ResidualBlock1_2ndConvBlock_forward/mean,scalar,-0.0400228276848793
35,1745203720.3484821,Train/activations/ResidualBlock1_2ndConvBlock_forward/mean,scalar,-0.03352084010839462
36,1745204589.3872647,Train/activations/ResidualBlock1_2ndConvBlock_forward/mean,scalar,-0.027737244963645935
37,1745205607.4737933,Train/activations/ResidualBlock1_2ndConvBlock_forward/mean,scalar,-0.02912209928035736
38,1745206470.3543818,Train/activations/ResidualBlock1_2ndConvBlock_forward/mean,scalar,-0.01881430298089981
39,1745207343.4888844,Train/activations/ResidualBlock1_2ndConvBlock_forward/mean,scalar,-0.031014543026685715
40,1745208209.3701496,Train/activations/ResidualBlock1_2ndConvBlock_forward/mean,scalar,-0.027050664648413658
41,1745209076.084571,Train/activations/ResidualBlock1_2ndConvBlock_forward/mean,scalar,-0.02069919742643833
42,1745209942.773654,Train/activations/ResidualBlock1_2ndConvBlock_forward/mean,scalar,-0.025719504803419113
43,1745210815.4489448,Train/activations/ResidualBlock1_2ndConvBlock_forward/mean,scalar,-0.01793532259762287
44,1745211689.186798,Train/activations/ResidualBlock1_2ndConvBlock_forward/mean,scalar,-0.022142386063933372
45,1745212555.275486,Train/activations/ResidualBlock1_2ndConvBlock_forward/mean,scalar,-0.021032730117440224
46,1745213417.3733885,Train/activations/ResidualBlock1_2ndConvBlock_forward/mean,scalar,-0.018246294930577278
47,1745214282.5714126,Train/activations/ResidualBlock1_2ndConvBlock_forward/mean,scalar,-0.01786161959171295
48,1745215148.1035402,Train/activations/ResidualBlock1_2ndConvBlock_forward/mean,scalar,-0.020110350102186203
49,1745216019.6975126,Train/activations/ResidualBlock1_2ndConvBlock_forward/mean,scalar,-0.016339747235178947
50,1745216894.101678,Train/activations/ResidualBlock1_2ndConvBlock_forward/mean,scalar,-0.014265315607190132
51,1745217756.6208246,Train/activations/ResidualBlock1_2ndConvBlock_forward/mean,scalar,-0.017252886667847633
52,1745218620.672623,Train/activations/ResidualBlock1_2ndConvBlock_forward/mean,scalar,-0.016745757311582565
53,1745219494.3853188,Train/activations/ResidualBlock1_2ndConvBlock_forward/mean,scalar,-0.013496017083525658
54,1745220361.153999,Train/activations/ResidualBlock1_2ndConvBlock_forward/mean,scalar,-0.017466958612203598
55,1745221224.407422,Train/activations/ResidualBlock1_2ndConvBlock_forward/mean,scalar,-0.018186554312705994
56,1745222085.8919473,Train/activations/ResidualBlock1_2ndConvBlock_forward/mean,scalar,-0.01397028099745512
57,1745222948.9081535,Train/activations/ResidualBlock1_2ndConvBlock_forward/mean,scalar,-0.014998966827988625
58,1745223809.574155,Train/activations/ResidualBlock1_2ndConvBlock_forward/mean,scalar,-0.014623569324612617
59,1745224668.3003893,Train/activations/ResidualBlock1_2ndConvBlock_forward/mean,scalar,-0.013819371350109577
60,1745225543.684918,Train/activations/ResidualBlock1_2ndConvBlock_forward/mean,scalar,-0.012837829068303108
61,1745226401.9260213,Train/activations/ResidualBlock1_2ndConvBlock_forward/mean,scalar,-0.01615179516375065
62,1745227259.5843177,Train/activations/ResidualBlock1_2ndConvBlock_forward/mean,scalar,-0.01254570484161377
0,1745171235.4690697,Train/activations/ResidualBlock1_2ndConvBlock_forward/std,scalar,1.2140984535217285
1,1745172296.8412528,Train/activations/ResidualBlock1_2ndConvBlock_forward/std,scalar,1.190842628479004
2,1745173338.114641,Train/activations/ResidualBlock1_2ndConvBlock_forward/std,scalar,1.214066743850708
3,1745174233.115259,Train/activations/ResidualBlock1_2ndConvBlock_forward/std,scalar,1.2542874813079834
4,1745175273.549814,Train/activations/ResidualBlock1_2ndConvBlock_forward/std,scalar,1.2614332437515259
5,1745176165.8018303,Train/activations/ResidualBlock1_2ndConvBlock_forward/std,scalar,1.0986595153808594
6,1745177057.4265094,Train/activations/ResidualBlock1_2ndConvBlock_forward/std,scalar,1.4792348146438599
7,1745178097.829516,Train/activations/ResidualBlock1_2ndConvBlock_forward/std,scalar,1.2170233726501465
8,1745179142.3545768,Train/activations/ResidualBlock1_2ndConvBlock_forward/std,scalar,1.0426393747329712
9,1745180055.564585,Train/activations/ResidualBlock1_2ndConvBlock_forward/std,scalar,0.9889141917228699
10,1745181105.8354137,Train/activations/ResidualBlock1_2ndConvBlock_forward/std,scalar,0.8869192004203796
11,1745182002.431283,Train/activations/ResidualBlock1_2ndConvBlock_forward/std,scalar,0.8229670524597168
12,1745182902.5411437,Train/activations/ResidualBlock1_2ndConvBlock_forward/std,scalar,0.8256893157958984
13,1745183792.1457386,Train/activations/ResidualBlock1_2ndConvBlock_forward/std,scalar,0.6979038119316101
14,1745184693.3181124,Train/activations/ResidualBlock1_2ndConvBlock_forward/std,scalar,0.6244937777519226
15,1745185595.4948862,Train/activations/ResidualBlock1_2ndConvBlock_forward/std,scalar,0.5828121304512024
16,1745186496.7390094,Train/activations/ResidualBlock1_2ndConvBlock_forward/std,scalar,0.5439410209655762
17,1745187405.2439613,Train/activations/ResidualBlock1_2ndConvBlock_forward/std,scalar,0.49093666672706604
18,1745188306.2943149,Train/activations/ResidualBlock1_2ndConvBlock_forward/std,scalar,0.4400367736816406
19,1745189207.7163234,Train/activations/ResidualBlock1_2ndConvBlock_forward/std,scalar,0.4345601499080658
20,1745190256.0509715,Train/activations/ResidualBlock1_2ndConvBlock_forward/std,scalar,0.393074095249176
21,1745191170.6447349,Train/activations/ResidualBlock1_2ndConvBlock_forward/std,scalar,0.35480114817619324
22,1745192071.8597894,Train/activations/ResidualBlock1_2ndConvBlock_forward/std,scalar,0.3878273367881775
23,1745192964.200814,Train/activations/ResidualBlock1_2ndConvBlock_forward/std,scalar,0.3253261148929596
24,1745193856.071194,Train/activations/ResidualBlock1_2ndConvBlock_forward/std,scalar,0.29560473561286926
25,1745194746.1237555,Train/activations/ResidualBlock1_2ndConvBlock_forward/std,scalar,0.280449241399765
26,1745195628.7159982,Train/activations/ResidualBlock1_2ndConvBlock_forward/std,scalar,0.288536012172699
27,1745196516.4133992,Train/activations/ResidualBlock1_2ndConvBlock_forward/std,scalar,0.25441402196884155
28,1745197400.5602002,Train/activations/ResidualBlock1_2ndConvBlock_forward/std,scalar,0.2518323063850403
29,1745198281.6272364,Train/activations/ResidualBlock1_2ndConvBlock_forward/std,scalar,0.2376607209444046
30,1745199160.761828,Train/activations/ResidualBlock1_2ndConvBlock_forward/std,scalar,0.21228769421577454
31,1745200038.8757648,Train/activations/ResidualBlock1_2ndConvBlock_forward/std,scalar,0.21564587950706482
32,1745200913.1344385,Train/activations/ResidualBlock1_2ndConvBlock_forward/std,scalar,0.20235450565814972
33,1745201943.3672667,Train/activations/ResidualBlock1_2ndConvBlock_forward/std,scalar,0.19871583580970764
34,1745202839.4011648,Train/activations/ResidualBlock1_2ndConvBlock_forward/std,scalar,0.19736889004707336
35,1745203720.349009,Train/activations/ResidualBlock1_2ndConvBlock_forward/std,scalar,0.18808262050151825
36,1745204589.3877084,Train/activations/ResidualBlock1_2ndConvBlock_forward/std,scalar,0.18131960928440094
37,1745205607.4741764,Train/activations/ResidualBlock1_2ndConvBlock_forward/std,scalar,0.17893606424331665
38,1745206470.3547416,Train/activations/ResidualBlock1_2ndConvBlock_forward/std,scalar,0.15896271169185638
39,1745207343.4945242,Train/activations/ResidualBlock1_2ndConvBlock_forward/std,scalar,0.17082463204860687
40,1745208209.3722117,Train/activations/ResidualBlock1_2ndConvBlock_forward/std,scalar,0.16109676659107208
41,1745209076.0867321,Train/activations/ResidualBlock1_2ndConvBlock_forward/std,scalar,0.15327216684818268
42,1745209942.7763011,Train/activations/ResidualBlock1_2ndConvBlock_forward/std,scalar,0.15371544659137726
43,1745210815.4499652,Train/activations/ResidualBlock1_2ndConvBlock_forward/std,scalar,0.14596937596797943
44,1745211689.1873019,Train/activations/ResidualBlock1_2ndConvBlock_forward/std,scalar,0.14695748686790466
45,1745212555.2760162,Train/activations/ResidualBlock1_2ndConvBlock_forward/std,scalar,0.14048483967781067
46,1745213417.373895,Train/activations/ResidualBlock1_2ndConvBlock_forward/std,scalar,0.1435737907886505
47,1745214282.5719724,Train/activations/ResidualBlock1_2ndConvBlock_forward/std,scalar,0.1397145539522171
48,1745215148.1128228,Train/activations/ResidualBlock1_2ndConvBlock_forward/std,scalar,0.14002610743045807
49,1745216019.7076705,Train/activations/ResidualBlock1_2ndConvBlock_forward/std,scalar,0.13511516153812408
50,1745216894.1033533,Train/activations/ResidualBlock1_2ndConvBlock_forward/std,scalar,0.1297558844089508
51,1745217756.62667,Train/activations/ResidualBlock1_2ndConvBlock_forward/std,scalar,0.1396350860595703
52,1745218620.6733098,Train/activations/ResidualBlock1_2ndConvBlock_forward/std,scalar,0.12359770387411118
53,1745219494.3859794,Train/activations/ResidualBlock1_2ndConvBlock_forward/std,scalar,0.1219605952501297
54,1745220361.1548667,Train/activations/ResidualBlock1_2ndConvBlock_forward/std,scalar,0.12041040509939194
55,1745221224.4078567,Train/activations/ResidualBlock1_2ndConvBlock_forward/std,scalar,0.11809180676937103
56,1745222085.9029903,Train/activations/ResidualBlock1_2ndConvBlock_forward/std,scalar,0.11660251766443253
57,1745222948.9087706,Train/activations/ResidualBlock1_2ndConvBlock_forward/std,scalar,0.12096850574016571
58,1745223809.5745385,Train/activations/ResidualBlock1_2ndConvBlock_forward/std,scalar,0.11951186507940292
59,1745224668.300762,Train/activations/ResidualBlock1_2ndConvBlock_forward/std,scalar,0.11202038824558258
60,1745225543.6852913,Train/activations/ResidualBlock1_2ndConvBlock_forward/std,scalar,0.11015187203884125
61,1745226401.9263887,Train/activations/ResidualBlock1_2ndConvBlock_forward/std,scalar,0.11066941916942596
62,1745227259.5848382,Train/activations/ResidualBlock1_2ndConvBlock_forward/std,scalar,0.10958345979452133
0,1745171235.4695022,Train/activations/ResidualBlock1_2ndConvBlock_forward/max,scalar,21.324827194213867
1,1745172296.8416884,Train/activations/ResidualBlock1_2ndConvBlock_forward/max,scalar,18.337932586669922
2,1745173338.1150484,Train/activations/ResidualBlock1_2ndConvBlock_forward/max,scalar,33.7486686706543
3,1745174233.115607,Train/activations/ResidualBlock1_2ndConvBlock_forward/max,scalar,16.984630584716797
4,1745175273.55021,Train/activations/ResidualBlock1_2ndConvBlock_forward/max,scalar,24.128952026367188
5,1745176165.802244,Train/activations/ResidualBlock1_2ndConvBlock_forward/max,scalar,27.155040740966797
6,1745177057.4268718,Train/activations/ResidualBlock1_2ndConvBlock_forward/max,scalar,21.486326217651367
7,1745178097.829869,Train/activations/ResidualBlock1_2ndConvBlock_forward/max,scalar,18.523448944091797
8,1745179142.3552666,Train/activations/ResidualBlock1_2ndConvBlock_forward/max,scalar,15.623678207397461
9,1745180055.5651083,Train/activations/ResidualBlock1_2ndConvBlock_forward/max,scalar,28.411666870117188
10,1745181105.8357644,Train/activations/ResidualBlock1_2ndConvBlock_forward/max,scalar,16.287639617919922
11,1745182002.4316602,Train/activations/ResidualBlock1_2ndConvBlock_forward/max,scalar,14.159177780151367
12,1745182902.5415018,Train/activations/ResidualBlock1_2ndConvBlock_forward/max,scalar,12.163888931274414
13,1745183792.1461058,Train/activations/ResidualBlock1_2ndConvBlock_forward/max,scalar,9.960853576660156
14,1745184693.3185794,Train/activations/ResidualBlock1_2ndConvBlock_forward/max,scalar,10.929475784301758
15,1745185595.495256,Train/activations/ResidualBlock1_2ndConvBlock_forward/max,scalar,14.957754135131836
16,1745186496.7441638,Train/activations/ResidualBlock1_2ndConvBlock_forward/max,scalar,12.0684232711792
17,1745187405.244329,Train/activations/ResidualBlock1_2ndConvBlock_forward/max,scalar,8.442171096801758
18,1745188306.294819,Train/activations/ResidualBlock1_2ndConvBlock_forward/max,scalar,9.843243598937988
19,1745189207.7167919,Train/activations/ResidualBlock1_2ndConvBlock_forward/max,scalar,8.744916915893555
20,1745190256.0513906,Train/activations/ResidualBlock1_2ndConvBlock_forward/max,scalar,7.464694023132324
21,1745191170.6462047,Train/activations/ResidualBlock1_2ndConvBlock_forward/max,scalar,6.587197303771973
22,1745192071.8601508,Train/activations/ResidualBlock1_2ndConvBlock_forward/max,scalar,6.511586666107178
23,1745192964.2011938,Train/activations/ResidualBlock1_2ndConvBlock_forward/max,scalar,5.746258735656738
24,1745193856.0715673,Train/activations/ResidualBlock1_2ndConvBlock_forward/max,scalar,7.507974147796631
25,1745194746.124177,Train/activations/ResidualBlock1_2ndConvBlock_forward/max,scalar,6.623313903808594
26,1745195628.7164419,Train/activations/ResidualBlock1_2ndConvBlock_forward/max,scalar,4.585358619689941
27,1745196516.4137757,Train/activations/ResidualBlock1_2ndConvBlock_forward/max,scalar,4.883498668670654
28,1745197400.5606427,Train/activations/ResidualBlock1_2ndConvBlock_forward/max,scalar,6.223540306091309
29,1745198281.6276171,Train/activations/ResidualBlock1_2ndConvBlock_forward/max,scalar,5.234943389892578
30,1745199160.7623456,Train/activations/ResidualBlock1_2ndConvBlock_forward/max,scalar,3.9207732677459717
31,1745200038.8761666,Train/activations/ResidualBlock1_2ndConvBlock_forward/max,scalar,4.039608478546143
32,1745200913.134872,Train/activations/ResidualBlock1_2ndConvBlock_forward/max,scalar,3.9213123321533203
33,1745201943.3676329,Train/activations/ResidualBlock1_2ndConvBlock_forward/max,scalar,3.561565399169922
34,1745202839.401547,Train/activations/ResidualBlock1_2ndConvBlock_forward/max,scalar,3.622643232345581
35,1745203720.3494785,Train/activations/ResidualBlock1_2ndConvBlock_forward/max,scalar,4.75937032699585
36,1745204589.388095,Train/activations/ResidualBlock1_2ndConvBlock_forward/max,scalar,3.7674949169158936
37,1745205607.4745953,Train/activations/ResidualBlock1_2ndConvBlock_forward/max,scalar,3.6848819255828857
38,1745206470.3550966,Train/activations/ResidualBlock1_2ndConvBlock_forward/max,scalar,5.891531944274902
39,1745207343.4989738,Train/activations/ResidualBlock1_2ndConvBlock_forward/max,scalar,4.860175609588623
40,1745208209.3731265,Train/activations/ResidualBlock1_2ndConvBlock_forward/max,scalar,3.2097346782684326
41,1745209076.0871618,Train/activations/ResidualBlock1_2ndConvBlock_forward/max,scalar,4.355772495269775
42,1745209942.7766767,Train/activations/ResidualBlock1_2ndConvBlock_forward/max,scalar,3.9342586994171143
43,1745210815.451889,Train/activations/ResidualBlock1_2ndConvBlock_forward/max,scalar,4.985168933868408
44,1745211689.1878042,Train/activations/ResidualBlock1_2ndConvBlock_forward/max,scalar,2.9260237216949463
45,1745212555.2765527,Train/activations/ResidualBlock1_2ndConvBlock_forward/max,scalar,2.9158437252044678
46,1745213417.3745162,Train/activations/ResidualBlock1_2ndConvBlock_forward/max,scalar,3.1471633911132812
47,1745214282.5723953,Train/activations/ResidualBlock1_2ndConvBlock_forward/max,scalar,3.1569082736968994
48,1745215148.114365,Train/activations/ResidualBlock1_2ndConvBlock_forward/max,scalar,3.0128982067108154
49,1745216019.715745,Train/activations/ResidualBlock1_2ndConvBlock_forward/max,scalar,3.531571865081787
50,1745216894.104731,Train/activations/ResidualBlock1_2ndConvBlock_forward/max,scalar,2.7137608528137207
51,1745217756.627428,Train/activations/ResidualBlock1_2ndConvBlock_forward/max,scalar,2.677732229232788
52,1745218620.6738021,Train/activations/ResidualBlock1_2ndConvBlock_forward/max,scalar,2.8252530097961426
53,1745219494.3865485,Train/activations/ResidualBlock1_2ndConvBlock_forward/max,scalar,3.5556366443634033
54,1745220361.1552658,Train/activations/ResidualBlock1_2ndConvBlock_forward/max,scalar,2.861825942993164
55,1745221224.4083552,Train/activations/ResidualBlock1_2ndConvBlock_forward/max,scalar,2.6978914737701416
56,1745222085.903599,Train/activations/ResidualBlock1_2ndConvBlock_forward/max,scalar,2.205497980117798
57,1745222948.909964,Train/activations/ResidualBlock1_2ndConvBlock_forward/max,scalar,2.192974090576172
58,1745223809.5749369,Train/activations/ResidualBlock1_2ndConvBlock_forward/max,scalar,2.660876750946045
59,1745224668.3011222,Train/activations/ResidualBlock1_2ndConvBlock_forward/max,scalar,2.776123046875
60,1745225543.6856806,Train/activations/ResidualBlock1_2ndConvBlock_forward/max,scalar,2.74052095413208
61,1745226401.9267466,Train/activations/ResidualBlock1_2ndConvBlock_forward/max,scalar,2.7467293739318848
62,1745227259.5852702,Train/activations/ResidualBlock1_2ndConvBlock_forward/max,scalar,2.2505736351013184
0,1745171235.470046,Train/activations/ResidualBlock1_2ndConvBlock_forward/min,scalar,-22.04599380493164
1,1745172296.8420756,Train/activations/ResidualBlock1_2ndConvBlock_forward/min,scalar,-20.10074234008789
2,1745173338.1154928,Train/activations/ResidualBlock1_2ndConvBlock_forward/min,scalar,-38.13787078857422
3,1745174233.1159976,Train/activations/ResidualBlock1_2ndConvBlock_forward/min,scalar,-19.490909576416016
4,1745175273.5506265,Train/activations/ResidualBlock1_2ndConvBlock_forward/min,scalar,-20.841766357421875
5,1745176165.803003,Train/activations/ResidualBlock1_2ndConvBlock_forward/min,scalar,-31.540552139282227
6,1745177057.4272304,Train/activations/ResidualBlock1_2ndConvBlock_forward/min,scalar,-21.112747192382812
7,1745178097.8302042,Train/activations/ResidualBlock1_2ndConvBlock_forward/min,scalar,-20.20573616027832
8,1745179142.3556323,Train/activations/ResidualBlock1_2ndConvBlock_forward/min,scalar,-15.234167098999023
9,1745180055.5658858,Train/activations/ResidualBlock1_2ndConvBlock_forward/min,scalar,-29.028995513916016
10,1745181105.836126,Train/activations/ResidualBlock1_2ndConvBlock_forward/min,scalar,-17.390758514404297
11,1745182002.4320266,Train/activations/ResidualBlock1_2ndConvBlock_forward/min,scalar,-17.40376091003418
12,1745182902.541856,Train/activations/ResidualBlock1_2ndConvBlock_forward/min,scalar,-11.822778701782227
13,1745183792.14646,Train/activations/ResidualBlock1_2ndConvBlock_forward/min,scalar,-13.955497741699219
14,1745184693.3189642,Train/activations/ResidualBlock1_2ndConvBlock_forward/min,scalar,-14.62671947479248
15,1745185595.495609,Train/activations/ResidualBlock1_2ndConvBlock_forward/min,scalar,-24.12832260131836
16,1745186496.7481945,Train/activations/ResidualBlock1_2ndConvBlock_forward/min,scalar,-16.168855667114258
17,1745187405.2449858,Train/activations/ResidualBlock1_2ndConvBlock_forward/min,scalar,-13.37559986114502
18,1745188306.2952912,Train/activations/ResidualBlock1_2ndConvBlock_forward/min,scalar,-15.776788711547852
19,1745189207.7172122,Train/activations/ResidualBlock1_2ndConvBlock_forward/min,scalar,-11.936015129089355
20,1745190256.0529122,Train/activations/ResidualBlock1_2ndConvBlock_forward/min,scalar,-12.64031982421875
21,1745191170.6468174,Train/activations/ResidualBlock1_2ndConvBlock_forward/min,scalar,-7.289980411529541
22,1745192071.8604982,Train/activations/ResidualBlock1_2ndConvBlock_forward/min,scalar,-8.442622184753418
23,1745192964.2015934,Train/activations/ResidualBlock1_2ndConvBlock_forward/min,scalar,-10.14310073852539
24,1745193856.0719626,Train/activations/ResidualBlock1_2ndConvBlock_forward/min,scalar,-10.331457138061523
25,1745194746.1245685,Train/activations/ResidualBlock1_2ndConvBlock_forward/min,scalar,-12.176576614379883
26,1745195628.7168398,Train/activations/ResidualBlock1_2ndConvBlock_forward/min,scalar,-6.5792412757873535
27,1745196516.4141338,Train/activations/ResidualBlock1_2ndConvBlock_forward/min,scalar,-9.274613380432129
28,1745197400.5610087,Train/activations/ResidualBlock1_2ndConvBlock_forward/min,scalar,-7.357519626617432
29,1745198281.6279695,Train/activations/ResidualBlock1_2ndConvBlock_forward/min,scalar,-7.4248528480529785
30,1745199160.762736,Train/activations/ResidualBlock1_2ndConvBlock_forward/min,scalar,-6.601840019226074
31,1745200038.876531,Train/activations/ResidualBlock1_2ndConvBlock_forward/min,scalar,-6.381442546844482
32,1745200913.1353269,Train/activations/ResidualBlock1_2ndConvBlock_forward/min,scalar,-4.658929347991943
33,1745201943.3680859,Train/activations/ResidualBlock1_2ndConvBlock_forward/min,scalar,-4.346092224121094
34,1745202839.402584,Train/activations/ResidualBlock1_2ndConvBlock_forward/min,scalar,-4.882021903991699
35,1745203720.349865,Train/activations/ResidualBlock1_2ndConvBlock_forward/min,scalar,-7.203089237213135
36,1745204589.3884807,Train/activations/ResidualBlock1_2ndConvBlock_forward/min,scalar,-4.654067039489746
37,1745205607.4749808,Train/activations/ResidualBlock1_2ndConvBlock_forward/min,scalar,-4.295325756072998
38,1745206470.3555129,Train/activations/ResidualBlock1_2ndConvBlock_forward/min,scalar,-6.090920448303223
39,1745207343.500348,Train/activations/ResidualBlock1_2ndConvBlock_forward/min,scalar,-5.7079949378967285
40,1745208209.3740416,Train/activations/ResidualBlock1_2ndConvBlock_forward/min,scalar,-3.6691372394561768
41,1745209076.0878034,Train/activations/ResidualBlock1_2ndConvBlock_forward/min,scalar,-5.877461910247803
42,1745209942.7771256,Train/activations/ResidualBlock1_2ndConvBlock_forward/min,scalar,-4.567990303039551
43,1745210815.452836,Train/activations/ResidualBlock1_2ndConvBlock_forward/min,scalar,-5.053369522094727
44,1745211689.189258,Train/activations/ResidualBlock1_2ndConvBlock_forward/min,scalar,-3.8696112632751465
45,1745212555.2769675,Train/activations/ResidualBlock1_2ndConvBlock_forward/min,scalar,-3.8864550590515137
46,1745213417.3750231,Train/activations/ResidualBlock1_2ndConvBlock_forward/min,scalar,-3.2833499908447266
47,1745214282.5728376,Train/activations/ResidualBlock1_2ndConvBlock_forward/min,scalar,-4.748852729797363
48,1745215148.117195,Train/activations/ResidualBlock1_2ndConvBlock_forward/min,scalar,-3.6012496948242188
49,1745216019.7234979,Train/activations/ResidualBlock1_2ndConvBlock_forward/min,scalar,-4.297066688537598
50,1745216894.1088994,Train/activations/ResidualBlock1_2ndConvBlock_forward/min,scalar,-3.4184982776641846
51,1745217756.6294322,Train/activations/ResidualBlock1_2ndConvBlock_forward/min,scalar,-3.171989917755127
52,1745218620.6742048,Train/activations/ResidualBlock1_2ndConvBlock_forward/min,scalar,-3.9198989868164062
53,1745219494.3869512,Train/activations/ResidualBlock1_2ndConvBlock_forward/min,scalar,-4.589780330657959
54,1745220361.1556401,Train/activations/ResidualBlock1_2ndConvBlock_forward/min,scalar,-3.2549850940704346
55,1745221224.4087818,Train/activations/ResidualBlock1_2ndConvBlock_forward/min,scalar,-3.147895336151123
56,1745222085.9052906,Train/activations/ResidualBlock1_2ndConvBlock_forward/min,scalar,-2.7680320739746094
57,1745222948.9109983,Train/activations/ResidualBlock1_2ndConvBlock_forward/min,scalar,-2.7481141090393066
58,1745223809.5753164,Train/activations/ResidualBlock1_2ndConvBlock_forward/min,scalar,-4.038124084472656
59,1745224668.3014772,Train/activations/ResidualBlock1_2ndConvBlock_forward/min,scalar,-3.7964065074920654
60,1745225543.6860359,Train/activations/ResidualBlock1_2ndConvBlock_forward/min,scalar,-3.734055757522583
61,1745226401.9271164,Train/activations/ResidualBlock1_2ndConvBlock_forward/min,scalar,-3.849648952484131
62,1745227259.5856802,Train/activations/ResidualBlock1_2ndConvBlock_forward/min,scalar,-3.0953056812286377
0,1745171235.470641,Train/activations/ResidualBlock2_1stConvBlock_forward/mean,scalar,-0.8199300765991211
1,1745172296.8424482,Train/activations/ResidualBlock2_1stConvBlock_forward/mean,scalar,-0.6512064933776855
2,1745173338.115952,Train/activations/ResidualBlock2_1stConvBlock_forward/mean,scalar,-0.7444676160812378
3,1745174233.1164372,Train/activations/ResidualBlock2_1stConvBlock_forward/mean,scalar,-0.623812198638916
4,1745175273.5510414,Train/activations/ResidualBlock2_1stConvBlock_forward/mean,scalar,-0.495678573846817
5,1745176165.803397,Train/activations/ResidualBlock2_1stConvBlock_forward/mean,scalar,-0.4821139872074127
6,1745177057.4275904,Train/activations/ResidualBlock2_1stConvBlock_forward/mean,scalar,-0.25204768776893616
7,1745178097.8305948,Train/activations/ResidualBlock2_1stConvBlock_forward/mean,scalar,-0.4032532572746277
8,1745179142.3597634,Train/activations/ResidualBlock2_1stConvBlock_forward/mean,scalar,-0.3834643065929413
9,1745180055.5688596,Train/activations/ResidualBlock2_1stConvBlock_forward/mean,scalar,-0.362032949924469
10,1745181105.8365037,Train/activations/ResidualBlock2_1stConvBlock_forward/mean,scalar,-0.38789454102516174
11,1745182002.4323788,Train/activations/ResidualBlock2_1stConvBlock_forward/mean,scalar,-0.36019977927207947
12,1745182902.5422664,Train/activations/ResidualBlock2_1stConvBlock_forward/mean,scalar,-0.339159220457077
13,1745183792.1480176,Train/activations/ResidualBlock2_1stConvBlock_forward/mean,scalar,-0.32515639066696167
14,1745184693.319347,Train/activations/ResidualBlock2_1stConvBlock_forward/mean,scalar,-0.2636163532733917
15,1745185595.4959562,Train/activations/ResidualBlock2_1stConvBlock_forward/mean,scalar,-0.24379785358905792
16,1745186496.7497356,Train/activations/ResidualBlock2_1stConvBlock_forward/mean,scalar,-0.19810326397418976
17,1745187405.2454886,Train/activations/ResidualBlock2_1stConvBlock_forward/mean,scalar,-0.22502951323986053
18,1745188306.2957687,Train/activations/ResidualBlock2_1stConvBlock_forward/mean,scalar,-0.11495800316333771
19,1745189207.7176917,Train/activations/ResidualBlock2_1stConvBlock_forward/mean,scalar,-0.16666357219219208
20,1745190256.053583,Train/activations/ResidualBlock2_1stConvBlock_forward/mean,scalar,-0.15797540545463562
21,1745191170.647397,Train/activations/ResidualBlock2_1stConvBlock_forward/mean,scalar,-0.14857065677642822
22,1745192071.8608694,Train/activations/ResidualBlock2_1stConvBlock_forward/mean,scalar,-0.1576249748468399
23,1745192964.2019844,Train/activations/ResidualBlock2_1stConvBlock_forward/mean,scalar,-0.12481944262981415
24,1745193856.0723553,Train/activations/ResidualBlock2_1stConvBlock_forward/mean,scalar,-0.10260702669620514
25,1745194746.1250112,Train/activations/ResidualBlock2_1stConvBlock_forward/mean,scalar,-0.08032429218292236
26,1745195628.7172048,Train/activations/ResidualBlock2_1stConvBlock_forward/mean,scalar,-0.06721420586109161
27,1745196516.414626,Train/activations/ResidualBlock2_1stConvBlock_forward/mean,scalar,-0.046530548483133316
28,1745197400.5613842,Train/activations/ResidualBlock2_1stConvBlock_forward/mean,scalar,-0.04173900559544563
29,1745198281.6283195,Train/activations/ResidualBlock2_1stConvBlock_forward/mean,scalar,-0.040354933589696884
30,1745199160.763116,Train/activations/ResidualBlock2_1stConvBlock_forward/mean,scalar,-0.03605542331933975
31,1745200038.8769004,Train/activations/ResidualBlock2_1stConvBlock_forward/mean,scalar,-0.03029203973710537
32,1745200913.1359408,Train/activations/ResidualBlock2_1stConvBlock_forward/mean,scalar,-0.03160572797060013
33,1745201943.3684838,Train/activations/ResidualBlock2_1stConvBlock_forward/mean,scalar,-0.02725965343415737
34,1745202839.402978,Train/activations/ResidualBlock2_1stConvBlock_forward/mean,scalar,-0.020143326371908188
35,1745203720.3504348,Train/activations/ResidualBlock2_1stConvBlock_forward/mean,scalar,-0.024948889389634132
36,1745204589.3889084,Train/activations/ResidualBlock2_1stConvBlock_forward/mean,scalar,-0.023328138515353203
37,1745205607.4753616,Train/activations/ResidualBlock2_1stConvBlock_forward/mean,scalar,-0.019631529226899147
38,1745206470.3558946,Train/activations/ResidualBlock2_1stConvBlock_forward/mean,scalar,-0.019604915753006935
39,1745207343.5012386,Train/activations/ResidualBlock2_1stConvBlock_forward/mean,scalar,-0.018047835677862167
40,1745208209.3755913,Train/activations/ResidualBlock2_1stConvBlock_forward/mean,scalar,-0.019000833854079247
41,1745209076.0891593,Train/activations/ResidualBlock2_1stConvBlock_forward/mean,scalar,-0.01754462718963623
42,1745209942.7776005,Train/activations/ResidualBlock2_1stConvBlock_forward/mean,scalar,-0.016949458047747612
43,1745210815.5119896,Train/activations/ResidualBlock2_1stConvBlock_forward/mean,scalar,-0.015570968389511108
44,1745211689.1898105,Train/activations/ResidualBlock2_1stConvBlock_forward/mean,scalar,-0.01482321321964264
45,1745212555.2775462,Train/activations/ResidualBlock2_1stConvBlock_forward/mean,scalar,-0.014959804713726044
46,1745213417.3756237,Train/activations/ResidualBlock2_1stConvBlock_forward/mean,scalar,-0.014842805452644825
47,1745214282.5734494,Train/activations/ResidualBlock2_1stConvBlock_forward/mean,scalar,-0.01334652490913868
48,1745215148.1202161,Train/activations/ResidualBlock2_1stConvBlock_forward/mean,scalar,-0.014213289134204388
49,1745216019.7308137,Train/activations/ResidualBlock2_1stConvBlock_forward/mean,scalar,-0.013435053639113903
50,1745216894.110066,Train/activations/ResidualBlock2_1stConvBlock_forward/mean,scalar,-0.013249663636088371
51,1745217756.632199,Train/activations/ResidualBlock2_1stConvBlock_forward/mean,scalar,-0.01400150079280138
52,1745218620.674668,Train/activations/ResidualBlock2_1stConvBlock_forward/mean,scalar,-0.011344699189066887
53,1745219494.3873613,Train/activations/ResidualBlock2_1stConvBlock_forward/mean,scalar,-0.012921923771500587
54,1745220361.1562107,Train/activations/ResidualBlock2_1stConvBlock_forward/mean,scalar,-0.011690090410411358
55,1745221224.4091816,Train/activations/ResidualBlock2_1stConvBlock_forward/mean,scalar,-0.012230625376105309
56,1745222085.9058392,Train/activations/ResidualBlock2_1stConvBlock_forward/mean,scalar,-0.012026986107230186
57,1745222948.9123876,Train/activations/ResidualBlock2_1stConvBlock_forward/mean,scalar,-0.010923797264695168
58,1745223809.575701,Train/activations/ResidualBlock2_1stConvBlock_forward/mean,scalar,-0.00990088190883398
59,1745224668.3018658,Train/activations/ResidualBlock2_1stConvBlock_forward/mean,scalar,-0.009932717308402061
60,1745225543.686507,Train/activations/ResidualBlock2_1stConvBlock_forward/mean,scalar,-0.00982476957142353
61,1745226401.927509,Train/activations/ResidualBlock2_1stConvBlock_forward/mean,scalar,-0.008894968777894974
62,1745227259.5860953,Train/activations/ResidualBlock2_1stConvBlock_forward/mean,scalar,-0.00955219753086567
0,1745171235.4711025,Train/activations/ResidualBlock2_1stConvBlock_forward/std,scalar,1.2918082475662231
1,1745172296.8435612,Train/activations/ResidualBlock2_1stConvBlock_forward/std,scalar,1.0621840953826904
2,1745173338.1164365,Train/activations/ResidualBlock2_1stConvBlock_forward/std,scalar,0.9025605320930481
3,1745174233.1168125,Train/activations/ResidualBlock2_1stConvBlock_forward/std,scalar,0.7360607385635376
4,1745175273.5514884,Train/activations/ResidualBlock2_1stConvBlock_forward/std,scalar,0.6848652958869934
5,1745176165.8038685,Train/activations/ResidualBlock2_1stConvBlock_forward/std,scalar,0.5579911470413208
6,1745177057.427962,Train/activations/ResidualBlock2_1stConvBlock_forward/std,scalar,1.0547869205474854
7,1745178097.8309844,Train/activations/ResidualBlock2_1stConvBlock_forward/std,scalar,0.8275448083877563
8,1745179142.3604805,Train/activations/ResidualBlock2_1stConvBlock_forward/std,scalar,0.6560203433036804
9,1745180055.5754275,Train/activations/ResidualBlock2_1stConvBlock_forward/std,scalar,0.5120877623558044
10,1745181105.836872,Train/activations/ResidualBlock2_1stConvBlock_forward/std,scalar,0.5011308789253235
11,1745182002.4327538,Train/activations/ResidualBlock2_1stConvBlock_forward/std,scalar,0.4247223436832428
12,1745182902.5426233,Train/activations/ResidualBlock2_1stConvBlock_forward/std,scalar,0.405435174703598
13,1745183792.1485407,Train/activations/ResidualBlock2_1stConvBlock_forward/std,scalar,0.3388385474681854
14,1745184693.3198164,Train/activations/ResidualBlock2_1stConvBlock_forward/std,scalar,0.2674897611141205
15,1745185595.4963243,Train/activations/ResidualBlock2_1stConvBlock_forward/std,scalar,0.2445937842130661
16,1745186496.7534947,Train/activations/ResidualBlock2_1stConvBlock_forward/std,scalar,0.23176202178001404
17,1745187405.2458417,Train/activations/ResidualBlock2_1stConvBlock_forward/std,scalar,0.18610532581806183
18,1745188306.2963092,Train/activations/ResidualBlock2_1stConvBlock_forward/std,scalar,0.2006477415561676
19,1745189207.7181902,Train/activations/ResidualBlock2_1stConvBlock_forward/std,scalar,0.1536232978105545
20,1745190256.0544615,Train/activations/ResidualBlock2_1stConvBlock_forward/std,scalar,0.1448027342557907
21,1745191170.6478994,Train/activations/ResidualBlock2_1stConvBlock_forward/std,scalar,0.14241856336593628
22,1745192071.8612506,Train/activations/ResidualBlock2_1stConvBlock_forward/std,scalar,0.15448102355003357
23,1745192964.20241,Train/activations/ResidualBlock2_1stConvBlock_forward/std,scalar,0.12835173308849335
24,1745193856.072737,Train/activations/ResidualBlock2_1stConvBlock_forward/std,scalar,0.11271326243877411
25,1745194746.12541,Train/activations/ResidualBlock2_1stConvBlock_forward/std,scalar,0.1185932382941246
26,1745195628.7175913,Train/activations/ResidualBlock2_1stConvBlock_forward/std,scalar,0.10609076172113419
27,1745196516.4150724,Train/activations/ResidualBlock2_1stConvBlock_forward/std,scalar,0.1008279100060463
28,1745197400.5617712,Train/activations/ResidualBlock2_1stConvBlock_forward/std,scalar,0.09751953184604645
29,1745198281.6287017,Train/activations/ResidualBlock2_1stConvBlock_forward/std,scalar,0.10131257772445679
30,1745199160.7635202,Train/activations/ResidualBlock2_1stConvBlock_forward/std,scalar,0.09173858910799026
31,1745200038.8772845,Train/activations/ResidualBlock2_1stConvBlock_forward/std,scalar,0.0863455981016159
32,1745200913.1363952,Train/activations/ResidualBlock2_1stConvBlock_forward/std,scalar,0.087516188621521
33,1745201943.3688543,Train/activations/ResidualBlock2_1stConvBlock_forward/std,scalar,0.07677020132541656
34,1745202839.4033587,Train/activations/ResidualBlock2_1stConvBlock_forward/std,scalar,0.07466505467891693
35,1745203720.3508368,Train/activations/ResidualBlock2_1stConvBlock_forward/std,scalar,0.07690156996250153
36,1745204589.3893223,Train/activations/ResidualBlock2_1stConvBlock_forward/std,scalar,0.07219449430704117
37,1745205607.4757502,Train/activations/ResidualBlock2_1stConvBlock_forward/std,scalar,0.06427735835313797
38,1745206470.3562448,Train/activations/ResidualBlock2_1stConvBlock_forward/std,scalar,0.06296563148498535
39,1745207343.502482,Train/activations/ResidualBlock2_1stConvBlock_forward/std,scalar,0.061461109668016434
40,1745208209.3774123,Train/activations/ResidualBlock2_1stConvBlock_forward/std,scalar,0.06401906907558441
41,1745209076.0942385,Train/activations/ResidualBlock2_1stConvBlock_forward/std,scalar,0.05892184376716614
42,1745209942.778105,Train/activations/ResidualBlock2_1stConvBlock_forward/std,scalar,0.058242786675691605
43,1745210815.5143762,Train/activations/ResidualBlock2_1stConvBlock_forward/std,scalar,0.05488007515668869
44,1745211689.1902165,Train/activations/ResidualBlock2_1stConvBlock_forward/std,scalar,0.053153883665800095
45,1745212555.2783022,Train/activations/ResidualBlock2_1stConvBlock_forward/std,scalar,0.05266064405441284
46,1745213417.3763015,Train/activations/ResidualBlock2_1stConvBlock_forward/std,scalar,0.05270879715681076
47,1745214282.573801,Train/activations/ResidualBlock2_1stConvBlock_forward/std,scalar,0.04916897043585777
48,1745215148.1206143,Train/activations/ResidualBlock2_1stConvBlock_forward/std,scalar,0.04954806715250015
49,1745216019.7356608,Train/activations/ResidualBlock2_1stConvBlock_forward/std,scalar,0.04805419594049454
50,1745216894.1128476,Train/activations/ResidualBlock2_1stConvBlock_forward/std,scalar,0.04804494231939316
51,1745217756.6328049,Train/activations/ResidualBlock2_1stConvBlock_forward/std,scalar,0.0530465729534626
52,1745218620.6751733,Train/activations/ResidualBlock2_1stConvBlock_forward/std,scalar,0.04393160343170166
53,1745219494.388105,Train/activations/ResidualBlock2_1stConvBlock_forward/std,scalar,0.04610076919198036
54,1745220361.157111,Train/activations/ResidualBlock2_1stConvBlock_forward/std,scalar,0.044264692813158035
55,1745221224.409649,Train/activations/ResidualBlock2_1stConvBlock_forward/std,scalar,0.0439750999212265
56,1745222085.9071133,Train/activations/ResidualBlock2_1stConvBlock_forward/std,scalar,0.04383973404765129
57,1745222948.9135711,Train/activations/ResidualBlock2_1stConvBlock_forward/std,scalar,0.04201766848564148
58,1745223809.5761113,Train/activations/ResidualBlock2_1stConvBlock_forward/std,scalar,0.039095886051654816
59,1745224668.3022187,Train/activations/ResidualBlock2_1stConvBlock_forward/std,scalar,0.038744572550058365
60,1745225543.6869085,Train/activations/ResidualBlock2_1stConvBlock_forward/std,scalar,0.038249898701906204
61,1745226401.9279182,Train/activations/ResidualBlock2_1stConvBlock_forward/std,scalar,0.0363491028547287
62,1745227259.5865397,Train/activations/ResidualBlock2_1stConvBlock_forward/std,scalar,0.03795658051967621
0,1745171235.471606,Train/activations/ResidualBlock2_1stConvBlock_forward/max,scalar,21.919633865356445
1,1745172296.844256,Train/activations/ResidualBlock2_1stConvBlock_forward/max,scalar,16.451332092285156
2,1745173338.1168916,Train/activations/ResidualBlock2_1stConvBlock_forward/max,scalar,32.229530334472656
3,1745174233.1172028,Train/activations/ResidualBlock2_1stConvBlock_forward/max,scalar,11.489514350891113
4,1745175273.5521955,Train/activations/ResidualBlock2_1stConvBlock_forward/max,scalar,10.159529685974121
5,1745176165.805886,Train/activations/ResidualBlock2_1stConvBlock_forward/max,scalar,17.541540145874023
6,1745177057.4283197,Train/activations/ResidualBlock2_1stConvBlock_forward/max,scalar,19.681537628173828
7,1745178097.8313286,Train/activations/ResidualBlock2_1stConvBlock_forward/max,scalar,13.469182968139648
8,1745179142.3610392,Train/activations/ResidualBlock2_1stConvBlock_forward/max,scalar,9.131436347961426
9,1745180055.5758145,Train/activations/ResidualBlock2_1stConvBlock_forward/max,scalar,12.066596984863281
10,1745181105.8372364,Train/activations/ResidualBlock2_1stConvBlock_forward/max,scalar,6.887280464172363
11,1745182002.4331217,Train/activations/ResidualBlock2_1stConvBlock_forward/max,scalar,5.591883659362793
12,1745182902.5430157,Train/activations/ResidualBlock2_1stConvBlock_forward/max,scalar,6.383102893829346
13,1745183792.1490166,Train/activations/ResidualBlock2_1stConvBlock_forward/max,scalar,4.418584823608398
14,1745184693.3205092,Train/activations/ResidualBlock2_1stConvBlock_forward/max,scalar,3.2121291160583496
15,1745185595.4966836,Train/activations/ResidualBlock2_1stConvBlock_forward/max,scalar,4.93239164352417
16,1745186496.7541575,Train/activations/ResidualBlock2_1stConvBlock_forward/max,scalar,4.088454723358154
17,1745187405.2462826,Train/activations/ResidualBlock2_1stConvBlock_forward/max,scalar,3.5410094261169434
18,1745188306.2966697,Train/activations/ResidualBlock2_1stConvBlock_forward/max,scalar,3.2975566387176514
19,1745189207.7185538,Train/activations/ResidualBlock2_1stConvBlock_forward/max,scalar,3.6464011669158936
20,1745190256.0554857,Train/activations/ResidualBlock2_1stConvBlock_forward/max,scalar,2.3645780086517334
21,1745191170.6484993,Train/activations/ResidualBlock2_1stConvBlock_forward/max,scalar,2.1925415992736816
22,1745192071.8615978,Train/activations/ResidualBlock2_1stConvBlock_forward/max,scalar,3.06992506980896
23,1745192964.2027826,Train/activations/ResidualBlock2_1stConvBlock_forward/max,scalar,2.5813417434692383
24,1745193856.073096,Train/activations/ResidualBlock2_1stConvBlock_forward/max,scalar,2.210963249206543
25,1745194746.125787,Train/activations/ResidualBlock2_1stConvBlock_forward/max,scalar,2.5564727783203125
26,1745195628.7180488,Train/activations/ResidualBlock2_1stConvBlock_forward/max,scalar,1.9010928869247437
27,1745196516.415519,Train/activations/ResidualBlock2_1stConvBlock_forward/max,scalar,2.188046932220459
28,1745197400.5621295,Train/activations/ResidualBlock2_1stConvBlock_forward/max,scalar,1.615166425704956
29,1745198281.6290724,Train/activations/ResidualBlock2_1stConvBlock_forward/max,scalar,1.878074288368225
30,1745199160.764002,Train/activations/ResidualBlock2_1stConvBlock_forward/max,scalar,1.7752994298934937
31,1745200038.877701,Train/activations/ResidualBlock2_1stConvBlock_forward/max,scalar,1.9985105991363525
32,1745200913.136786,Train/activations/ResidualBlock2_1stConvBlock_forward/max,scalar,1.6731313467025757
33,1745201943.3692603,Train/activations/ResidualBlock2_1stConvBlock_forward/max,scalar,1.363594651222229
34,1745202839.4037585,Train/activations/ResidualBlock2_1stConvBlock_forward/max,scalar,1.7878572940826416
35,1745203720.3512464,Train/activations/ResidualBlock2_1stConvBlock_forward/max,scalar,2.504751682281494
36,1745204589.3897736,Train/activations/ResidualBlock2_1stConvBlock_forward/max,scalar,1.456133246421814
37,1745205607.476143,Train/activations/ResidualBlock2_1stConvBlock_forward/max,scalar,1.6392265558242798
38,1745206470.4134505,Train/activations/ResidualBlock2_1stConvBlock_forward/max,scalar,1.929197072982788
39,1745207343.505001,Train/activations/ResidualBlock2_1stConvBlock_forward/max,scalar,1.9617259502410889
40,1745208209.3782632,Train/activations/ResidualBlock2_1stConvBlock_forward/max,scalar,1.2932446002960205
41,1745209076.0960448,Train/activations/ResidualBlock2_1stConvBlock_forward/max,scalar,2.0563409328460693
42,1745209942.7786741,Train/activations/ResidualBlock2_1stConvBlock_forward/max,scalar,1.3932287693023682
43,1745210815.5150344,Train/activations/ResidualBlock2_1stConvBlock_forward/max,scalar,1.6375726461410522
44,1745211689.1916509,Train/activations/ResidualBlock2_1stConvBlock_forward/max,scalar,1.3148539066314697
45,1745212555.2793577,Train/activations/ResidualBlock2_1stConvBlock_forward/max,scalar,1.3159226179122925
46,1745213417.3767707,Train/activations/ResidualBlock2_1stConvBlock_forward/max,scalar,1.2954756021499634
47,1745214282.5742116,Train/activations/ResidualBlock2_1stConvBlock_forward/max,scalar,1.813478708267212
48,1745215148.1211534,Train/activations/ResidualBlock2_1stConvBlock_forward/max,scalar,1.266434907913208
49,1745216019.7413042,Train/activations/ResidualBlock2_1stConvBlock_forward/max,scalar,1.6365087032318115
50,1745216894.1142335,Train/activations/ResidualBlock2_1stConvBlock_forward/max,scalar,1.0242644548416138
51,1745217756.6385734,Train/activations/ResidualBlock2_1stConvBlock_forward/max,scalar,1.066787838935852
52,1745218620.6755807,Train/activations/ResidualBlock2_1stConvBlock_forward/max,scalar,1.2903668880462646
53,1745219494.3888423,Train/activations/ResidualBlock2_1stConvBlock_forward/max,scalar,0.9685463905334473
54,1745220361.1574793,Train/activations/ResidualBlock2_1stConvBlock_forward/max,scalar,1.0213406085968018
55,1745221224.4101484,Train/activations/ResidualBlock2_1stConvBlock_forward/max,scalar,0.7977944016456604
56,1745222085.907681,Train/activations/ResidualBlock2_1stConvBlock_forward/max,scalar,0.9032574892044067
57,1745222948.9144192,Train/activations/ResidualBlock2_1stConvBlock_forward/max,scalar,0.7788494825363159
58,1745223809.5764859,Train/activations/ResidualBlock2_1stConvBlock_forward/max,scalar,1.155409812927246
59,1745224668.3025792,Train/activations/ResidualBlock2_1stConvBlock_forward/max,scalar,1.2872118949890137
60,1745225543.687269,Train/activations/ResidualBlock2_1stConvBlock_forward/max,scalar,1.2355225086212158
61,1745226401.9282904,Train/activations/ResidualBlock2_1stConvBlock_forward/max,scalar,1.142075777053833
62,1745227259.586934,Train/activations/ResidualBlock2_1stConvBlock_forward/max,scalar,1.039196252822876
0,1745171235.472277,Train/activations/ResidualBlock2_1stConvBlock_forward/min,scalar,-26.45717430114746
1,1745172296.8446033,Train/activations/ResidualBlock2_1stConvBlock_forward/min,scalar,-23.598960876464844
2,1745173338.1173558,Train/activations/ResidualBlock2_1stConvBlock_forward/min,scalar,-28.37993812561035
3,1745174233.117631,Train/activations/ResidualBlock2_1stConvBlock_forward/min,scalar,-11.848433494567871
4,1745175273.5541568,Train/activations/ResidualBlock2_1stConvBlock_forward/min,scalar,-13.635907173156738
5,1745176165.8063316,Train/activations/ResidualBlock2_1stConvBlock_forward/min,scalar,-17.89256477355957
6,1745177057.4287746,Train/activations/ResidualBlock2_1stConvBlock_forward/min,scalar,-22.03264808654785
7,1745178097.8316946,Train/activations/ResidualBlock2_1stConvBlock_forward/min,scalar,-17.476449966430664
8,1745179142.3615952,Train/activations/ResidualBlock2_1stConvBlock_forward/min,scalar,-11.646400451660156
9,1745180055.5763152,Train/activations/ResidualBlock2_1stConvBlock_forward/min,scalar,-15.267534255981445
10,1745181105.8375914,Train/activations/ResidualBlock2_1stConvBlock_forward/min,scalar,-8.355161666870117
11,1745182002.4334679,Train/activations/ResidualBlock2_1stConvBlock_forward/min,scalar,-9.421595573425293
12,1745182902.5433912,Train/activations/ResidualBlock2_1stConvBlock_forward/min,scalar,-7.219033241271973
13,1745183792.149405,Train/activations/ResidualBlock2_1stConvBlock_forward/min,scalar,-6.983141899108887
14,1745184693.3209424,Train/activations/ResidualBlock2_1stConvBlock_forward/min,scalar,-5.299787521362305
15,1745185595.4970443,Train/activations/ResidualBlock2_1stConvBlock_forward/min,scalar,-7.2363128662109375
16,1745186496.754666,Train/activations/ResidualBlock2_1stConvBlock_forward/min,scalar,-5.550145149230957
17,1745187405.246738,Train/activations/ResidualBlock2_1stConvBlock_forward/min,scalar,-4.991989612579346
18,1745188306.297133,Train/activations/ResidualBlock2_1stConvBlock_forward/min,scalar,-5.864549160003662
19,1745189207.7189727,Train/activations/ResidualBlock2_1stConvBlock_forward/min,scalar,-4.044987678527832
20,1745190256.0567684,Train/activations/ResidualBlock2_1stConvBlock_forward/min,scalar,-4.063082218170166
21,1745191170.649176,Train/activations/ResidualBlock2_1stConvBlock_forward/min,scalar,-2.765244960784912
22,1745192071.8619633,Train/activations/ResidualBlock2_1stConvBlock_forward/min,scalar,-3.9086883068084717
23,1745192964.2031662,Train/activations/ResidualBlock2_1stConvBlock_forward/min,scalar,-3.118800640106201
24,1745193856.0734992,Train/activations/ResidualBlock2_1stConvBlock_forward/min,scalar,-4.343395233154297
25,1745194746.126247,Train/activations/ResidualBlock2_1stConvBlock_forward/min,scalar,-4.991608142852783
26,1745195628.718518,Train/activations/ResidualBlock2_1stConvBlock_forward/min,scalar,-2.7908358573913574
27,1745196516.4159186,Train/activations/ResidualBlock2_1stConvBlock_forward/min,scalar,-3.259110689163208
28,1745197400.5624843,Train/activations/ResidualBlock2_1stConvBlock_forward/min,scalar,-3.0037477016448975
29,1745198281.6294334,Train/activations/ResidualBlock2_1stConvBlock_forward/min,scalar,-3.2993431091308594
30,1745199160.764441,Train/activations/ResidualBlock2_1stConvBlock_forward/min,scalar,-3.131601333618164
31,1745200038.8780446,Train/activations/ResidualBlock2_1stConvBlock_forward/min,scalar,-3.0975914001464844
32,1745200913.1371896,Train/activations/ResidualBlock2_1stConvBlock_forward/min,scalar,-2.4992451667785645
33,1745201943.3696518,Train/activations/ResidualBlock2_1stConvBlock_forward/min,scalar,-1.9845807552337646
34,1745202839.4042273,Train/activations/ResidualBlock2_1stConvBlock_forward/min,scalar,-2.2925937175750732
35,1745203720.3531566,Train/activations/ResidualBlock2_1stConvBlock_forward/min,scalar,-2.925386905670166
36,1745204589.3901608,Train/activations/ResidualBlock2_1stConvBlock_forward/min,scalar,-2.2371737957000732
37,1745205607.4765613,Train/activations/ResidualBlock2_1stConvBlock_forward/min,scalar,-2.4374146461486816
38,1745206470.4152372,Train/activations/ResidualBlock2_1stConvBlock_forward/min,scalar,-3.0500571727752686
39,1745207343.5059702,Train/activations/ResidualBlock2_1stConvBlock_forward/min,scalar,-2.459420919418335
40,1745208209.3791041,Train/activations/ResidualBlock2_1stConvBlock_forward/min,scalar,-1.7701784372329712
41,1745209076.0964406,Train/activations/ResidualBlock2_1stConvBlock_forward/min,scalar,-2.965632915496826
42,1745209942.7791228,Train/activations/ResidualBlock2_1stConvBlock_forward/min,scalar,-2.0146772861480713
43,1745210815.5173182,Train/activations/ResidualBlock2_1stConvBlock_forward/min,scalar,-2.6070618629455566
44,1745211689.1930473,Train/activations/ResidualBlock2_1stConvBlock_forward/min,scalar,-1.9292576313018799
45,1745212555.2797906,Train/activations/ResidualBlock2_1stConvBlock_forward/min,scalar,-2.006038188934326
46,1745213417.3773897,Train/activations/ResidualBlock2_1stConvBlock_forward/min,scalar,-1.771305799484253
47,1745214282.5746353,Train/activations/ResidualBlock2_1stConvBlock_forward/min,scalar,-2.0354788303375244
48,1745215148.1218674,Train/activations/ResidualBlock2_1stConvBlock_forward/min,scalar,-1.749292016029358
49,1745216019.747529,Train/activations/ResidualBlock2_1stConvBlock_forward/min,scalar,-1.9428573846817017
50,1745216894.1178286,Train/activations/ResidualBlock2_1stConvBlock_forward/min,scalar,-1.4082610607147217
51,1745217756.653153,Train/activations/ResidualBlock2_1stConvBlock_forward/min,scalar,-1.645282506942749
52,1745218620.6760185,Train/activations/ResidualBlock2_1stConvBlock_forward/min,scalar,-1.9654337167739868
53,1745219494.3893962,Train/activations/ResidualBlock2_1stConvBlock_forward/min,scalar,-2.1856179237365723
54,1745220361.158441,Train/activations/ResidualBlock2_1stConvBlock_forward/min,scalar,-1.6900367736816406
55,1745221224.410636,Train/activations/ResidualBlock2_1stConvBlock_forward/min,scalar,-1.3834786415100098
56,1745222085.9082224,Train/activations/ResidualBlock2_1stConvBlock_forward/min,scalar,-1.4368047714233398
57,1745222948.9185405,Train/activations/ResidualBlock2_1stConvBlock_forward/min,scalar,-1.2733356952667236
58,1745223809.5768647,Train/activations/ResidualBlock2_1stConvBlock_forward/min,scalar,-1.784841537475586
59,1745224668.3029325,Train/activations/ResidualBlock2_1stConvBlock_forward/min,scalar,-2.1505775451660156
60,1745225543.6876307,Train/activations/ResidualBlock2_1stConvBlock_forward/min,scalar,-1.8383325338363647
61,1745226401.9286346,Train/activations/ResidualBlock2_1stConvBlock_forward/min,scalar,-1.5661990642547607
62,1745227259.587324,Train/activations/ResidualBlock2_1stConvBlock_forward/min,scalar,-1.3995343446731567
0,1745171235.4741516,Train/activations/ResidualBlock2_2ndConvBlock_forward/mean,scalar,-0.3213520646095276
1,1745172296.8450406,Train/activations/ResidualBlock2_2ndConvBlock_forward/mean,scalar,-0.5468928813934326
2,1745173338.117762,Train/activations/ResidualBlock2_2ndConvBlock_forward/mean,scalar,-0.4716011583805084
3,1745174233.1180265,Train/activations/ResidualBlock2_2ndConvBlock_forward/mean,scalar,-0.5156463384628296
4,1745175273.5569093,Train/activations/ResidualBlock2_2ndConvBlock_forward/mean,scalar,-0.5193738341331482
5,1745176165.8068352,Train/activations/ResidualBlock2_2ndConvBlock_forward/mean,scalar,-0.5451981425285339
6,1745177057.4291334,Train/activations/ResidualBlock2_2ndConvBlock_forward/mean,scalar,-0.5704964399337769
7,1745178097.8320382,Train/activations/ResidualBlock2_2ndConvBlock_forward/mean,scalar,-0.6359518766403198
8,1745179142.3621666,Train/activations/ResidualBlock2_2ndConvBlock_forward/mean,scalar,-0.5104012489318848
9,1745180055.5767858,Train/activations/ResidualBlock2_2ndConvBlock_forward/mean,scalar,-0.4753510057926178
10,1745181105.8379657,Train/activations/ResidualBlock2_2ndConvBlock_forward/mean,scalar,-0.4784184396266937
11,1745182002.4338505,Train/activations/ResidualBlock2_2ndConvBlock_forward/mean,scalar,-0.36889272928237915
12,1745182902.54376,Train/activations/ResidualBlock2_2ndConvBlock_forward/mean,scalar,-0.3768770694732666
13,1745183792.1499498,Train/activations/ResidualBlock2_2ndConvBlock_forward/mean,scalar,-0.36725321412086487
14,1745184693.3213837,Train/activations/ResidualBlock2_2ndConvBlock_forward/mean,scalar,-0.2668306827545166
15,1745185595.4974408,Train/activations/ResidualBlock2_2ndConvBlock_forward/mean,scalar,-0.2758755385875702
16,1745186496.755284,Train/activations/ResidualBlock2_2ndConvBlock_forward/mean,scalar,-0.3004869222640991
17,1745187405.2471497,Train/activations/ResidualBlock2_2ndConvBlock_forward/mean,scalar,-0.2476864755153656
18,1745188306.2976935,Train/activations/ResidualBlock2_2ndConvBlock_forward/mean,scalar,-0.24035079777240753
19,1745189207.7193222,Train/activations/ResidualBlock2_2ndConvBlock_forward/mean,scalar,-0.15835224092006683
20,1745190256.0573027,Train/activations/ResidualBlock2_2ndConvBlock_forward/mean,scalar,-0.13929888606071472
21,1745191170.6499207,Train/activations/ResidualBlock2_2ndConvBlock_forward/mean,scalar,-0.11617724597454071
22,1745192071.8623483,Train/activations/ResidualBlock2_2ndConvBlock_forward/mean,scalar,-0.10026930272579193
23,1745192964.2035294,Train/activations/ResidualBlock2_2ndConvBlock_forward/mean,scalar,-0.12424669414758682
24,1745193856.0739067,Train/activations/ResidualBlock2_2ndConvBlock_forward/mean,scalar,-0.07912256568670273
25,1745194746.1266496,Train/activations/ResidualBlock2_2ndConvBlock_forward/mean,scalar,-0.07891161739826202
26,1745195628.7189457,Train/activations/ResidualBlock2_2ndConvBlock_forward/mean,scalar,-0.06720100343227386
27,1745196516.416305,Train/activations/ResidualBlock2_2ndConvBlock_forward/mean,scalar,-0.05580044910311699
28,1745197400.562854,Train/activations/ResidualBlock2_2ndConvBlock_forward/mean,scalar,-0.054658133536577225
29,1745198281.6298969,Train/activations/ResidualBlock2_2ndConvBlock_forward/mean,scalar,-0.06290413439273834
30,1745199160.7648656,Train/activations/ResidualBlock2_2ndConvBlock_forward/mean,scalar,-0.05668037384748459
31,1745200038.8784876,Train/activations/ResidualBlock2_2ndConvBlock_forward/mean,scalar,-0.058218229562044144
32,1745200913.1375537,Train/activations/ResidualBlock2_2ndConvBlock_forward/mean,scalar,-0.04846692830324173
33,1745201943.370004,Train/activations/ResidualBlock2_2ndConvBlock_forward/mean,scalar,-0.047531090676784515
34,1745202839.404617,Train/activations/ResidualBlock2_2ndConvBlock_forward/mean,scalar,-0.04447602108120918
35,1745203720.353544,Train/activations/ResidualBlock2_2ndConvBlock_forward/mean,scalar,-0.03967685624957085
36,1745204589.3905833,Train/activations/ResidualBlock2_2ndConvBlock_forward/mean,scalar,-0.03577747568488121
37,1745205607.4769382,Train/activations/ResidualBlock2_2ndConvBlock_forward/mean,scalar,-0.03086962178349495
38,1745206470.4159265,Train/activations/ResidualBlock2_2ndConvBlock_forward/mean,scalar,-0.029756471514701843
39,1745207343.5064182,Train/activations/ResidualBlock2_2ndConvBlock_forward/mean,scalar,-0.037533897906541824
40,1745208209.3800466,Train/activations/ResidualBlock2_2ndConvBlock_forward/mean,scalar,-0.03273957595229149
41,1745209076.0968382,Train/activations/ResidualBlock2_2ndConvBlock_forward/mean,scalar,-0.028554469347000122
42,1745209942.7796907,Train/activations/ResidualBlock2_2ndConvBlock_forward/mean,scalar,-0.026672448962926865
43,1745210815.518343,Train/activations/ResidualBlock2_2ndConvBlock_forward/mean,scalar,-0.02599276602268219
44,1745211689.1934612,Train/activations/ResidualBlock2_2ndConvBlock_forward/mean,scalar,-0.026559602469205856
45,1745212555.280217,Train/activations/ResidualBlock2_2ndConvBlock_forward/mean,scalar,-0.026669243350625038
46,1745213417.3780005,Train/activations/ResidualBlock2_2ndConvBlock_forward/mean,scalar,-0.02955174818634987
47,1745214282.5751147,Train/activations/ResidualBlock2_2ndConvBlock_forward/mean,scalar,-0.02444479614496231
48,1745215148.1298914,Train/activations/ResidualBlock2_2ndConvBlock_forward/mean,scalar,-0.02196136675775051
49,1745216019.7513413,Train/activations/ResidualBlock2_2ndConvBlock_forward/mean,scalar,-0.02241690829396248
50,1745216894.1185842,Train/activations/ResidualBlock2_2ndConvBlock_forward/mean,scalar,-0.021799102425575256
51,1745217756.6681833,Train/activations/ResidualBlock2_2ndConvBlock_forward/mean,scalar,-0.01910323090851307
52,1745218620.676428,Train/activations/ResidualBlock2_2ndConvBlock_forward/mean,scalar,-0.01995176635682583
53,1745219494.3899744,Train/activations/ResidualBlock2_2ndConvBlock_forward/mean,scalar,-0.019321303814649582
54,1745220361.158828,Train/activations/ResidualBlock2_2ndConvBlock_forward/mean,scalar,-0.020579960197210312
55,1745221224.4113572,Train/activations/ResidualBlock2_2ndConvBlock_forward/mean,scalar,-0.01713956892490387
56,1745222085.908754,Train/activations/ResidualBlock2_2ndConvBlock_forward/mean,scalar,-0.017515137791633606
57,1745222948.9242718,Train/activations/ResidualBlock2_2ndConvBlock_forward/mean,scalar,-0.017178555950522423
58,1745223809.577216,Train/activations/ResidualBlock2_2ndConvBlock_forward/mean,scalar,-0.01780569553375244
59,1745224668.3032937,Train/activations/ResidualBlock2_2ndConvBlock_forward/mean,scalar,-0.018320204690098763
60,1745225543.687999,Train/activations/ResidualBlock2_2ndConvBlock_forward/mean,scalar,-0.015288772992789745
61,1745226401.9290123,Train/activations/ResidualBlock2_2ndConvBlock_forward/mean,scalar,-0.014587527140974998
62,1745227259.587791,Train/activations/ResidualBlock2_2ndConvBlock_forward/mean,scalar,-0.01635216549038887
0,1745171235.4747777,Train/activations/ResidualBlock2_2ndConvBlock_forward/std,scalar,1.2208791971206665
1,1745172296.8458254,Train/activations/ResidualBlock2_2ndConvBlock_forward/std,scalar,1.1535968780517578
2,1745173338.1182265,Train/activations/ResidualBlock2_2ndConvBlock_forward/std,scalar,0.8260208964347839
3,1745174233.118354,Train/activations/ResidualBlock2_2ndConvBlock_forward/std,scalar,1.0499985218048096
4,1745175273.5572622,Train/activations/ResidualBlock2_2ndConvBlock_forward/std,scalar,0.9748525619506836
5,1745176165.807244,Train/activations/ResidualBlock2_2ndConvBlock_forward/std,scalar,0.899507999420166
6,1745177057.4294908,Train/activations/ResidualBlock2_2ndConvBlock_forward/std,scalar,2.1236701011657715
7,1745178097.8323712,Train/activations/ResidualBlock2_2ndConvBlock_forward/std,scalar,1.2730835676193237
8,1745179142.3629415,Train/activations/ResidualBlock2_2ndConvBlock_forward/std,scalar,1.1504243612289429
9,1745180055.5795374,Train/activations/ResidualBlock2_2ndConvBlock_forward/std,scalar,0.8116963505744934
10,1745181105.8383198,Train/activations/ResidualBlock2_2ndConvBlock_forward/std,scalar,0.8462177515029907
11,1745182002.4342012,Train/activations/ResidualBlock2_2ndConvBlock_forward/std,scalar,0.8879656791687012
12,1745182902.5441122,Train/activations/ResidualBlock2_2ndConvBlock_forward/std,scalar,0.7892860770225525
13,1745183792.1504254,Train/activations/ResidualBlock2_2ndConvBlock_forward/std,scalar,0.644363522529602
14,1745184693.3217359,Train/activations/ResidualBlock2_2ndConvBlock_forward/std,scalar,0.5369974374771118
15,1745185595.4978864,Train/activations/ResidualBlock2_2ndConvBlock_forward/std,scalar,0.4591243863105774
16,1745186496.755763,Train/activations/ResidualBlock2_2ndConvBlock_forward/std,scalar,0.43813762068748474
17,1745187405.2482395,Train/activations/ResidualBlock2_2ndConvBlock_forward/std,scalar,0.40568891167640686
18,1745188306.2981424,Train/activations/ResidualBlock2_2ndConvBlock_forward/std,scalar,0.5945614576339722
19,1745189207.7196836,Train/activations/ResidualBlock2_2ndConvBlock_forward/std,scalar,0.28259775042533875
20,1745190256.0578628,Train/activations/ResidualBlock2_2ndConvBlock_forward/std,scalar,0.2791963517665863
21,1745191170.6505713,Train/activations/ResidualBlock2_2ndConvBlock_forward/std,scalar,0.21970832347869873
22,1745192071.8627157,Train/activations/ResidualBlock2_2ndConvBlock_forward/std,scalar,0.23828597366809845
23,1745192964.2038894,Train/activations/ResidualBlock2_2ndConvBlock_forward/std,scalar,0.2090187966823578
24,1745193856.074313,Train/activations/ResidualBlock2_2ndConvBlock_forward/std,scalar,0.15905806422233582
25,1745194746.1270337,Train/activations/ResidualBlock2_2ndConvBlock_forward/std,scalar,0.147159606218338
26,1745195628.71939,Train/activations/ResidualBlock2_2ndConvBlock_forward/std,scalar,0.14997586607933044
27,1745196516.4167159,Train/activations/ResidualBlock2_2ndConvBlock_forward/std,scalar,0.13715466856956482
28,1745197400.5632257,Train/activations/ResidualBlock2_2ndConvBlock_forward/std,scalar,0.13745735585689545
29,1745198281.6302543,Train/activations/ResidualBlock2_2ndConvBlock_forward/std,scalar,0.12150881439447403
30,1745199160.7653394,Train/activations/ResidualBlock2_2ndConvBlock_forward/std,scalar,0.11733821779489517
31,1745200038.8788755,Train/activations/ResidualBlock2_2ndConvBlock_forward/std,scalar,0.11694838851690292
32,1745200913.1379728,Train/activations/ResidualBlock2_2ndConvBlock_forward/std,scalar,0.10629954189062119
33,1745201943.3703713,Train/activations/ResidualBlock2_2ndConvBlock_forward/std,scalar,0.10568191111087799
34,1745202839.404982,Train/activations/ResidualBlock2_2ndConvBlock_forward/std,scalar,0.1153825893998146
35,1745203720.3539226,Train/activations/ResidualBlock2_2ndConvBlock_forward/std,scalar,0.10118905454874039
36,1745204589.391027,Train/activations/ResidualBlock2_2ndConvBlock_forward/std,scalar,0.09990157932043076
37,1745205607.4773164,Train/activations/ResidualBlock2_2ndConvBlock_forward/std,scalar,0.10252109915018082
38,1745206470.4170969,Train/activations/ResidualBlock2_2ndConvBlock_forward/std,scalar,0.09132961183786392
39,1745207343.5082943,Train/activations/ResidualBlock2_2ndConvBlock_forward/std,scalar,0.09145689010620117
40,1745208209.3809142,Train/activations/ResidualBlock2_2ndConvBlock_forward/std,scalar,0.09391278028488159
41,1745209076.0973384,Train/activations/ResidualBlock2_2ndConvBlock_forward/std,scalar,0.0818539410829544
42,1745209942.780039,Train/activations/ResidualBlock2_2ndConvBlock_forward/std,scalar,0.08461840450763702
43,1745210815.5192173,Train/activations/ResidualBlock2_2ndConvBlock_forward/std,scalar,0.07560566812753677
44,1745211689.1939554,Train/activations/ResidualBlock2_2ndConvBlock_forward/std,scalar,0.07909351587295532
45,1745212555.2805686,Train/activations/ResidualBlock2_2ndConvBlock_forward/std,scalar,0.07618512213230133
46,1745213417.3785677,Train/activations/ResidualBlock2_2ndConvBlock_forward/std,scalar,0.08463180810213089
47,1745214282.575632,Train/activations/ResidualBlock2_2ndConvBlock_forward/std,scalar,0.0764898955821991
48,1745215148.1310542,Train/activations/ResidualBlock2_2ndConvBlock_forward/std,scalar,0.07601560652256012
49,1745216019.7544343,Train/activations/ResidualBlock2_2ndConvBlock_forward/std,scalar,0.07250933349132538
50,1745216894.1191788,Train/activations/ResidualBlock2_2ndConvBlock_forward/std,scalar,0.07405149191617966
51,1745217756.6849346,Train/activations/ResidualBlock2_2ndConvBlock_forward/std,scalar,0.07754544168710709
52,1745218620.676848,Train/activations/ResidualBlock2_2ndConvBlock_forward/std,scalar,0.06703335791826248
53,1745219494.3915226,Train/activations/ResidualBlock2_2ndConvBlock_forward/std,scalar,0.06494320929050446
54,1745220361.1593385,Train/activations/ResidualBlock2_2ndConvBlock_forward/std,scalar,0.0699484795331955
55,1745221224.4118052,Train/activations/ResidualBlock2_2ndConvBlock_forward/std,scalar,0.062018752098083496
56,1745222085.909369,Train/activations/ResidualBlock2_2ndConvBlock_forward/std,scalar,0.06247509643435478
57,1745222948.9263504,Train/activations/ResidualBlock2_2ndConvBlock_forward/std,scalar,0.06475023925304413
58,1745223809.5775604,Train/activations/ResidualBlock2_2ndConvBlock_forward/std,scalar,0.05927601456642151
59,1745224668.3036616,Train/activations/ResidualBlock2_2ndConvBlock_forward/std,scalar,0.0576033890247345
60,1745225543.6884103,Train/activations/ResidualBlock2_2ndConvBlock_forward/std,scalar,0.058122605085372925
61,1745226401.9294124,Train/activations/ResidualBlock2_2ndConvBlock_forward/std,scalar,0.05818649381399155
62,1745227259.588265,Train/activations/ResidualBlock2_2ndConvBlock_forward/std,scalar,0.05892350152134895
0,1745171235.475667,Train/activations/ResidualBlock2_2ndConvBlock_forward/max,scalar,14.090350151062012
1,1745172296.8470254,Train/activations/ResidualBlock2_2ndConvBlock_forward/max,scalar,12.561675071716309
2,1745173338.118646,Train/activations/ResidualBlock2_2ndConvBlock_forward/max,scalar,10.525426864624023
3,1745174233.1188223,Train/activations/ResidualBlock2_2ndConvBlock_forward/max,scalar,9.365625381469727
4,1745175273.5576596,Train/activations/ResidualBlock2_2ndConvBlock_forward/max,scalar,8.064143180847168
5,1745176165.807674,Train/activations/ResidualBlock2_2ndConvBlock_forward/max,scalar,16.77254867553711
6,1745177057.4298666,Train/activations/ResidualBlock2_2ndConvBlock_forward/max,scalar,34.007606506347656
7,1745178097.8327124,Train/activations/ResidualBlock2_2ndConvBlock_forward/max,scalar,11.672208786010742
8,1745179142.3641586,Train/activations/ResidualBlock2_2ndConvBlock_forward/max,scalar,9.528655052185059
9,1745180055.5799165,Train/activations/ResidualBlock2_2ndConvBlock_forward/max,scalar,9.253707885742188
10,1745181105.8387206,Train/activations/ResidualBlock2_2ndConvBlock_forward/max,scalar,5.27009391784668
11,1745182002.4345427,Train/activations/ResidualBlock2_2ndConvBlock_forward/max,scalar,7.5762529373168945
12,1745182902.5444698,Train/activations/ResidualBlock2_2ndConvBlock_forward/max,scalar,6.042121887207031
13,1745183792.1523778,Train/activations/ResidualBlock2_2ndConvBlock_forward/max,scalar,3.696974515914917
14,1745184693.3221204,Train/activations/ResidualBlock2_2ndConvBlock_forward/max,scalar,2.864943027496338
15,1745185595.4982276,Train/activations/ResidualBlock2_2ndConvBlock_forward/max,scalar,3.3816113471984863
16,1745186496.7562044,Train/activations/ResidualBlock2_2ndConvBlock_forward/max,scalar,5.072418689727783
17,1745187405.2486238,Train/activations/ResidualBlock2_2ndConvBlock_forward/max,scalar,3.4520339965820312
18,1745188306.2987015,Train/activations/ResidualBlock2_2ndConvBlock_forward/max,scalar,4.0214009284973145
19,1745189207.7200727,Train/activations/ResidualBlock2_2ndConvBlock_forward/max,scalar,3.496891498565674
20,1745190256.058361,Train/activations/ResidualBlock2_2ndConvBlock_forward/max,scalar,2.348684310913086
21,1745191170.651014,Train/activations/ResidualBlock2_2ndConvBlock_forward/max,scalar,2.975660562515259
22,1745192071.8630967,Train/activations/ResidualBlock2_2ndConvBlock_forward/max,scalar,2.979524612426758
23,1745192964.2042818,Train/activations/ResidualBlock2_2ndConvBlock_forward/max,scalar,2.1939656734466553
24,1745193856.0746841,Train/activations/ResidualBlock2_2ndConvBlock_forward/max,scalar,2.317105770111084
25,1745194746.1274405,Train/activations/ResidualBlock2_2ndConvBlock_forward/max,scalar,2.0232086181640625
26,1745195628.719867,Train/activations/ResidualBlock2_2ndConvBlock_forward/max,scalar,1.9531981945037842
27,1745196516.4171784,Train/activations/ResidualBlock2_2ndConvBlock_forward/max,scalar,1.6481506824493408
28,1745197400.5635998,Train/activations/ResidualBlock2_2ndConvBlock_forward/max,scalar,1.600725531578064
29,1745198281.630612,Train/activations/ResidualBlock2_2ndConvBlock_forward/max,scalar,1.4867126941680908
30,1745199160.7657251,Train/activations/ResidualBlock2_2ndConvBlock_forward/max,scalar,2.2189905643463135
31,1745200038.8792565,Train/activations/ResidualBlock2_2ndConvBlock_forward/max,scalar,1.8939119577407837
32,1745200913.1387994,Train/activations/ResidualBlock2_2ndConvBlock_forward/max,scalar,1.726095199584961
33,1745201943.3707583,Train/activations/ResidualBlock2_2ndConvBlock_forward/max,scalar,1.5115638971328735
34,1745202839.405371,Train/activations/ResidualBlock2_2ndConvBlock_forward/max,scalar,1.6171505451202393
35,1745203720.3543332,Train/activations/ResidualBlock2_2ndConvBlock_forward/max,scalar,1.7453515529632568
36,1745204589.3914063,Train/activations/ResidualBlock2_2ndConvBlock_forward/max,scalar,1.3369911909103394
37,1745205607.477695,Train/activations/ResidualBlock2_2ndConvBlock_forward/max,scalar,1.6837561130523682
38,1745206470.4177306,Train/activations/ResidualBlock2_2ndConvBlock_forward/max,scalar,1.6713893413543701
39,1745207343.5091553,Train/activations/ResidualBlock2_2ndConvBlock_forward/max,scalar,1.4231793880462646
40,1745208209.382528,Train/activations/ResidualBlock2_2ndConvBlock_forward/max,scalar,1.333404779434204
41,1745209076.097817,Train/activations/ResidualBlock2_2ndConvBlock_forward/max,scalar,1.6410261392593384
42,1745209942.7804468,Train/activations/ResidualBlock2_2ndConvBlock_forward/max,scalar,1.3174011707305908
43,1745210815.5198288,Train/activations/ResidualBlock2_2ndConvBlock_forward/max,scalar,1.7126967906951904
44,1745211689.1944697,Train/activations/ResidualBlock2_2ndConvBlock_forward/max,scalar,1.323970079421997
45,1745212555.2809927,Train/activations/ResidualBlock2_2ndConvBlock_forward/max,scalar,1.3299763202667236
46,1745213417.3793845,Train/activations/ResidualBlock2_2ndConvBlock_forward/max,scalar,1.2716684341430664
47,1745214282.5760572,Train/activations/ResidualBlock2_2ndConvBlock_forward/max,scalar,1.5988061428070068
48,1745215148.1367402,Train/activations/ResidualBlock2_2ndConvBlock_forward/max,scalar,1.3688898086547852
49,1745216019.7587838,Train/activations/ResidualBlock2_2ndConvBlock_forward/max,scalar,1.6226093769073486
50,1745216894.1200745,Train/activations/ResidualBlock2_2ndConvBlock_forward/max,scalar,1.274017095565796
51,1745217756.6882772,Train/activations/ResidualBlock2_2ndConvBlock_forward/max,scalar,1.0409519672393799
52,1745218620.6772614,Train/activations/ResidualBlock2_2ndConvBlock_forward/max,scalar,1.2269381284713745
53,1745219494.3942938,Train/activations/ResidualBlock2_2ndConvBlock_forward/max,scalar,1.0490906238555908
54,1745220361.1604965,Train/activations/ResidualBlock2_2ndConvBlock_forward/max,scalar,1.2306411266326904
55,1745221224.4121563,Train/activations/ResidualBlock2_2ndConvBlock_forward/max,scalar,0.9556252360343933
56,1745222085.9098127,Train/activations/ResidualBlock2_2ndConvBlock_forward/max,scalar,1.0346564054489136
57,1745222948.9269552,Train/activations/ResidualBlock2_2ndConvBlock_forward/max,scalar,1.0592271089553833
58,1745223809.5779312,Train/activations/ResidualBlock2_2ndConvBlock_forward/max,scalar,1.1045185327529907
59,1745224668.3040519,Train/activations/ResidualBlock2_2ndConvBlock_forward/max,scalar,1.211033821105957
60,1745225543.6887674,Train/activations/ResidualBlock2_2ndConvBlock_forward/max,scalar,1.283230185508728
61,1745226401.9297602,Train/activations/ResidualBlock2_2ndConvBlock_forward/max,scalar,1.260334849357605
62,1745227259.588644,Train/activations/ResidualBlock2_2ndConvBlock_forward/max,scalar,1.0801060199737549
0,1745171235.4760866,Train/activations/ResidualBlock2_2ndConvBlock_forward/min,scalar,-15.981361389160156
1,1745172296.8478737,Train/activations/ResidualBlock2_2ndConvBlock_forward/min,scalar,-14.348573684692383
2,1745173338.1200843,Train/activations/ResidualBlock2_2ndConvBlock_forward/min,scalar,-13.34167766571045
3,1745174233.1191728,Train/activations/ResidualBlock2_2ndConvBlock_forward/min,scalar,-10.103357315063477
4,1745175273.5580864,Train/activations/ResidualBlock2_2ndConvBlock_forward/min,scalar,-8.485552787780762
5,1745176165.8080935,Train/activations/ResidualBlock2_2ndConvBlock_forward/min,scalar,-14.829687118530273
6,1745177057.4302256,Train/activations/ResidualBlock2_2ndConvBlock_forward/min,scalar,-46.4868278503418
7,1745178097.833076,Train/activations/ResidualBlock2_2ndConvBlock_forward/min,scalar,-18.902469635009766
8,1745179142.3648276,Train/activations/ResidualBlock2_2ndConvBlock_forward/min,scalar,-10.69322681427002
9,1745180055.5802875,Train/activations/ResidualBlock2_2ndConvBlock_forward/min,scalar,-12.133000373840332
10,1745181105.8391018,Train/activations/ResidualBlock2_2ndConvBlock_forward/min,scalar,-5.563185691833496
11,1745182002.4349034,Train/activations/ResidualBlock2_2ndConvBlock_forward/min,scalar,-6.078882694244385
12,1745182902.5448203,Train/activations/ResidualBlock2_2ndConvBlock_forward/min,scalar,-6.3859663009643555
13,1745183792.152772,Train/activations/ResidualBlock2_2ndConvBlock_forward/min,scalar,-4.341917514801025
14,1745184693.322505,Train/activations/ResidualBlock2_2ndConvBlock_forward/min,scalar,-3.1884727478027344
15,1745185595.4985821,Train/activations/ResidualBlock2_2ndConvBlock_forward/min,scalar,-3.6507163047790527
16,1745186496.756705,Train/activations/ResidualBlock2_2ndConvBlock_forward/min,scalar,-3.980149745941162
17,1745187405.2490728,Train/activations/ResidualBlock2_2ndConvBlock_forward/min,scalar,-2.582489490509033
18,1745188306.2990415,Train/activations/ResidualBlock2_2ndConvBlock_forward/min,scalar,-5.773221492767334
19,1745189207.7204425,Train/activations/ResidualBlock2_2ndConvBlock_forward/min,scalar,-2.3433995246887207
20,1745190256.0587862,Train/activations/ResidualBlock2_2ndConvBlock_forward/min,scalar,-1.8042945861816406
21,1745191170.651668,Train/activations/ResidualBlock2_2ndConvBlock_forward/min,scalar,-1.9903873205184937
22,1745192071.8634686,Train/activations/ResidualBlock2_2ndConvBlock_forward/min,scalar,-2.018608331680298
23,1745192964.20466,Train/activations/ResidualBlock2_2ndConvBlock_forward/min,scalar,-1.570446252822876
24,1745193856.0751002,Train/activations/ResidualBlock2_2ndConvBlock_forward/min,scalar,-1.2230581045150757
25,1745194746.127833,Train/activations/ResidualBlock2_2ndConvBlock_forward/min,scalar,-1.2955254316329956
26,1745195628.7203748,Train/activations/ResidualBlock2_2ndConvBlock_forward/min,scalar,-1.1541783809661865
27,1745196516.417555,Train/activations/ResidualBlock2_2ndConvBlock_forward/min,scalar,-1.1691644191741943
28,1745197400.5639982,Train/activations/ResidualBlock2_2ndConvBlock_forward/min,scalar,-1.1604437828063965
29,1745198281.6310818,Train/activations/ResidualBlock2_2ndConvBlock_forward/min,scalar,-1.0163854360580444
30,1745199160.7661066,Train/activations/ResidualBlock2_2ndConvBlock_forward/min,scalar,-1.1505160331726074
31,1745200038.8796518,Train/activations/ResidualBlock2_2ndConvBlock_forward/min,scalar,-1.2757444381713867
32,1745200913.1392806,Train/activations/ResidualBlock2_2ndConvBlock_forward/min,scalar,-1.0546971559524536
33,1745201943.3711503,Train/activations/ResidualBlock2_2ndConvBlock_forward/min,scalar,-1.0104451179504395
34,1745202839.405758,Train/activations/ResidualBlock2_2ndConvBlock_forward/min,scalar,-1.2964723110198975
35,1745203720.3547375,Train/activations/ResidualBlock2_2ndConvBlock_forward/min,scalar,-1.5672974586486816
36,1745204589.3922231,Train/activations/ResidualBlock2_2ndConvBlock_forward/min,scalar,-1.1036183834075928
37,1745205607.4780533,Train/activations/ResidualBlock2_2ndConvBlock_forward/min,scalar,-1.3094775676727295
38,1745206470.4181364,Train/activations/ResidualBlock2_2ndConvBlock_forward/min,scalar,-1.6667648553848267
39,1745207343.513038,Train/activations/ResidualBlock2_2ndConvBlock_forward/min,scalar,-1.450778603553772
40,1745208209.3836987,Train/activations/ResidualBlock2_2ndConvBlock_forward/min,scalar,-1.237290859222412
41,1745209076.0983474,Train/activations/ResidualBlock2_2ndConvBlock_forward/min,scalar,-1.855093002319336
42,1745209942.7808318,Train/activations/ResidualBlock2_2ndConvBlock_forward/min,scalar,-1.4514753818511963
43,1745210815.5203469,Train/activations/ResidualBlock2_2ndConvBlock_forward/min,scalar,-1.8859609365463257
44,1745211689.1949353,Train/activations/ResidualBlock2_2ndConvBlock_forward/min,scalar,-1.5077370405197144
45,1745212555.2814555,Train/activations/ResidualBlock2_2ndConvBlock_forward/min,scalar,-1.3810508251190186
46,1745213417.3801405,Train/activations/ResidualBlock2_2ndConvBlock_forward/min,scalar,-1.1583080291748047
47,1745214282.5765512,Train/activations/ResidualBlock2_2ndConvBlock_forward/min,scalar,-1.7750345468521118
48,1745215148.137265,Train/activations/ResidualBlock2_2ndConvBlock_forward/min,scalar,-1.3296136856079102
49,1745216019.7616084,Train/activations/ResidualBlock2_2ndConvBlock_forward/min,scalar,-1.6348040103912354
50,1745216894.1205692,Train/activations/ResidualBlock2_2ndConvBlock_forward/min,scalar,-1.2181590795516968
51,1745217756.6899152,Train/activations/ResidualBlock2_2ndConvBlock_forward/min,scalar,-0.9504734873771667
52,1745218620.6776729,Train/activations/ResidualBlock2_2ndConvBlock_forward/min,scalar,-1.1855425834655762
53,1745219494.39475,Train/activations/ResidualBlock2_2ndConvBlock_forward/min,scalar,-0.9011739492416382
54,1745220361.1613379,Train/activations/ResidualBlock2_2ndConvBlock_forward/min,scalar,-1.114870309829712
55,1745221224.413042,Train/activations/ResidualBlock2_2ndConvBlock_forward/min,scalar,-0.923417866230011
56,1745222085.9105341,Train/activations/ResidualBlock2_2ndConvBlock_forward/min,scalar,-0.9846585988998413
57,1745222948.928771,Train/activations/ResidualBlock2_2ndConvBlock_forward/min,scalar,-0.9655271768569946
58,1745223809.5783234,Train/activations/ResidualBlock2_2ndConvBlock_forward/min,scalar,-1.0616108179092407
59,1745224668.3044152,Train/activations/ResidualBlock2_2ndConvBlock_forward/min,scalar,-1.3118996620178223
60,1745225543.6891425,Train/activations/ResidualBlock2_2ndConvBlock_forward/min,scalar,-1.29679274559021
61,1745226401.9301202,Train/activations/ResidualBlock2_2ndConvBlock_forward/min,scalar,-1.2407044172286987
62,1745227259.5890324,Train/activations/ResidualBlock2_2ndConvBlock_forward/min,scalar,-1.2231225967407227
0,1745171235.476474,Train/activations/ResidualBlockbottle1_1stConvBlock_forward/mean,scalar,-0.4245285391807556
1,1745172296.848275,Train/activations/ResidualBlockbottle1_1stConvBlock_forward/mean,scalar,-0.3829159140586853
2,1745173338.1205037,Train/activations/ResidualBlockbottle1_1stConvBlock_forward/mean,scalar,-0.1553651988506317
3,1745174233.119623,Train/activations/ResidualBlockbottle1_1stConvBlock_forward/mean,scalar,-0.15971645712852478
4,1745175273.5585384,Train/activations/ResidualBlockbottle1_1stConvBlock_forward/mean,scalar,-0.07692500948905945
5,1745176165.8084896,Train/activations/ResidualBlockbottle1_1stConvBlock_forward/mean,scalar,-0.11105479300022125
6,1745177057.430587,Train/activations/ResidualBlockbottle1_1stConvBlock_forward/mean,scalar,-0.1681041419506073
7,1745178097.8334348,Train/activations/ResidualBlockbottle1_1stConvBlock_forward/mean,scalar,-0.1391545832157135
8,1745179142.3652267,Train/activations/ResidualBlockbottle1_1stConvBlock_forward/mean,scalar,-0.1128135696053505
9,1745180055.5806825,Train/activations/ResidualBlockbottle1_1stConvBlock_forward/mean,scalar,-0.10805575549602509
10,1745181105.839503,Train/activations/ResidualBlockbottle1_1stConvBlock_forward/mean,scalar,-0.09756406396627426
11,1745182002.4352567,Train/activations/ResidualBlockbottle1_1stConvBlock_forward/mean,scalar,-0.06994163990020752
12,1745182902.545192,Train/activations/ResidualBlockbottle1_1stConvBlock_forward/mean,scalar,-0.0675487145781517
13,1745183792.1532354,Train/activations/ResidualBlockbottle1_1stConvBlock_forward/mean,scalar,-0.06615810841321945
14,1745184693.323061,Train/activations/ResidualBlockbottle1_1stConvBlock_forward/mean,scalar,-0.04542599618434906
15,1745185595.498946,Train/activations/ResidualBlockbottle1_1stConvBlock_forward/mean,scalar,-0.06311337649822235
16,1745186496.7572043,Train/activations/ResidualBlockbottle1_1stConvBlock_forward/mean,scalar,-0.037131935358047485
17,1745187405.2499552,Train/activations/ResidualBlockbottle1_1stConvBlock_forward/mean,scalar,-0.037897709757089615
18,1745188306.299444,Train/activations/ResidualBlockbottle1_1stConvBlock_forward/mean,scalar,0.00733589380979538
19,1745189207.7208352,Train/activations/ResidualBlockbottle1_1stConvBlock_forward/mean,scalar,-0.031473398208618164
20,1745190256.0594287,Train/activations/ResidualBlockbottle1_1stConvBlock_forward/mean,scalar,-0.028955239802598953
21,1745191170.65213,Train/activations/ResidualBlockbottle1_1stConvBlock_forward/mean,scalar,-0.031687088310718536
22,1745192071.8638139,Train/activations/ResidualBlockbottle1_1stConvBlock_forward/mean,scalar,-0.0333716906607151
23,1745192964.205036,Train/activations/ResidualBlockbottle1_1stConvBlock_forward/mean,scalar,-0.01924782618880272
24,1745193856.0754912,Train/activations/ResidualBlockbottle1_1stConvBlock_forward/mean,scalar,-0.02268471196293831
25,1745194746.128244,Train/activations/ResidualBlockbottle1_1stConvBlock_forward/mean,scalar,-0.018829703330993652
26,1745195628.7212472,Train/activations/ResidualBlockbottle1_1stConvBlock_forward/mean,scalar,-0.019346656277775764
27,1745196516.4179869,Train/activations/ResidualBlockbottle1_1stConvBlock_forward/mean,scalar,-0.015864752233028412
28,1745197400.5643792,Train/activations/ResidualBlockbottle1_1stConvBlock_forward/mean,scalar,-0.018697116523981094
29,1745198281.631472,Train/activations/ResidualBlockbottle1_1stConvBlock_forward/mean,scalar,-0.013504883274435997
30,1745199160.7665184,Train/activations/ResidualBlockbottle1_1stConvBlock_forward/mean,scalar,-0.012377200648188591
31,1745200038.8801293,Train/activations/ResidualBlockbottle1_1stConvBlock_forward/mean,scalar,-0.01241050474345684
32,1745200913.1400802,Train/activations/ResidualBlockbottle1_1stConvBlock_forward/mean,scalar,-0.01032294798642397
33,1745201943.371548,Train/activations/ResidualBlockbottle1_1stConvBlock_forward/mean,scalar,-0.00947148073464632
34,1745202839.4061308,Train/activations/ResidualBlockbottle1_1stConvBlock_forward/mean,scalar,-0.008739504963159561
35,1745203720.3552396,Train/activations/ResidualBlockbottle1_1stConvBlock_forward/mean,scalar,-0.007942196913063526
36,1745204589.3926628,Train/activations/ResidualBlockbottle1_1stConvBlock_forward/mean,scalar,-0.008430407382547855
37,1745205607.4784648,Train/activations/ResidualBlockbottle1_1stConvBlock_forward/mean,scalar,-0.007189474068582058
38,1745206470.4193892,Train/activations/ResidualBlockbottle1_1stConvBlock_forward/mean,scalar,-0.006823780480772257
39,1745207343.5168552,Train/activations/ResidualBlockbottle1_1stConvBlock_forward/mean,scalar,-0.006461760960519314
40,1745208209.3844707,Train/activations/ResidualBlockbottle1_1stConvBlock_forward/mean,scalar,-0.006635322235524654
41,1745209076.0988076,Train/activations/ResidualBlockbottle1_1stConvBlock_forward/mean,scalar,-0.0058004469610750675
42,1745209942.7825491,Train/activations/ResidualBlockbottle1_1stConvBlock_forward/mean,scalar,-0.006185121368616819
43,1745210815.5631618,Train/activations/ResidualBlockbottle1_1stConvBlock_forward/mean,scalar,-0.005111992359161377
44,1745211689.195421,Train/activations/ResidualBlockbottle1_1stConvBlock_forward/mean,scalar,-0.0057568927295506
45,1745212555.2837176,Train/activations/ResidualBlockbottle1_1stConvBlock_forward/mean,scalar,-0.005313918460160494
46,1745213417.3809664,Train/activations/ResidualBlockbottle1_1stConvBlock_forward/mean,scalar,-0.005920735187828541
47,1745214282.5769894,Train/activations/ResidualBlockbottle1_1stConvBlock_forward/mean,scalar,-0.005053904838860035
48,1745215148.138437,Train/activations/ResidualBlockbottle1_1stConvBlock_forward/mean,scalar,-0.0053335572592914104
49,1745216019.7635748,Train/activations/ResidualBlockbottle1_1stConvBlock_forward/mean,scalar,-0.004765218123793602
50,1745216894.12115,Train/activations/ResidualBlockbottle1_1stConvBlock_forward/mean,scalar,-0.005281462334096432
51,1745217756.6976058,Train/activations/ResidualBlockbottle1_1stConvBlock_forward/mean,scalar,-0.005076324101537466
52,1745218620.6782725,Train/activations/ResidualBlockbottle1_1stConvBlock_forward/mean,scalar,-0.004527027253061533
53,1745219494.3952403,Train/activations/ResidualBlockbottle1_1stConvBlock_forward/mean,scalar,-0.004689332563430071
54,1745220361.1619585,Train/activations/ResidualBlockbottle1_1stConvBlock_forward/mean,scalar,-0.0049345106817781925
55,1745221224.4135711,Train/activations/ResidualBlockbottle1_1stConvBlock_forward/mean,scalar,-0.00437867920845747
56,1745222085.9119284,Train/activations/ResidualBlockbottle1_1stConvBlock_forward/mean,scalar,-0.004316250327974558
57,1745222948.92963,Train/activations/ResidualBlockbottle1_1stConvBlock_forward/mean,scalar,-0.004164159297943115
58,1745223809.5786772,Train/activations/ResidualBlockbottle1_1stConvBlock_forward/mean,scalar,-0.004049012903124094
59,1745224668.304773,Train/activations/ResidualBlockbottle1_1stConvBlock_forward/mean,scalar,-0.0035400050692260265
60,1745225543.6895647,Train/activations/ResidualBlockbottle1_1stConvBlock_forward/mean,scalar,-0.003382570343092084
61,1745226401.9304912,Train/activations/ResidualBlockbottle1_1stConvBlock_forward/mean,scalar,-0.004040852189064026
62,1745227259.5894523,Train/activations/ResidualBlockbottle1_1stConvBlock_forward/mean,scalar,-0.0037749402690678835
0,1745171235.4769187,Train/activations/ResidualBlockbottle1_1stConvBlock_forward/std,scalar,0.7035549879074097
1,1745172296.8486674,Train/activations/ResidualBlockbottle1_1stConvBlock_forward/std,scalar,0.5305923223495483
2,1745173338.120923,Train/activations/ResidualBlockbottle1_1stConvBlock_forward/std,scalar,0.3606683611869812
3,1745174233.1200573,Train/activations/ResidualBlockbottle1_1stConvBlock_forward/std,scalar,0.2913522720336914
4,1745175273.5589578,Train/activations/ResidualBlockbottle1_1stConvBlock_forward/std,scalar,0.2810521721839905
5,1745176165.808891,Train/activations/ResidualBlockbottle1_1stConvBlock_forward/std,scalar,0.21202905476093292
6,1745177057.430929,Train/activations/ResidualBlockbottle1_1stConvBlock_forward/std,scalar,0.3189755082130432
7,1745178097.8337939,Train/activations/ResidualBlockbottle1_1stConvBlock_forward/std,scalar,0.2248867303133011
8,1745179142.366788,Train/activations/ResidualBlockbottle1_1stConvBlock_forward/std,scalar,0.20434077084064484
9,1745180055.5811129,Train/activations/ResidualBlockbottle1_1stConvBlock_forward/std,scalar,0.1569327563047409
10,1745181105.8398662,Train/activations/ResidualBlockbottle1_1stConvBlock_forward/std,scalar,0.15821287035942078
11,1745182002.4356167,Train/activations/ResidualBlockbottle1_1stConvBlock_forward/std,scalar,0.12263894081115723
12,1745182902.5455341,Train/activations/ResidualBlockbottle1_1stConvBlock_forward/std,scalar,0.11330324411392212
13,1745183792.153719,Train/activations/ResidualBlockbottle1_1stConvBlock_forward/std,scalar,0.1132577508687973
14,1745184693.3234704,Train/activations/ResidualBlockbottle1_1stConvBlock_forward/std,scalar,0.08538804203271866
15,1745185595.499352,Train/activations/ResidualBlockbottle1_1stConvBlock_forward/std,scalar,0.0807034820318222
16,1745186496.7576048,Train/activations/ResidualBlockbottle1_1stConvBlock_forward/std,scalar,0.08925750106573105
17,1745187405.2503097,Train/activations/ResidualBlockbottle1_1stConvBlock_forward/std,scalar,0.06663896143436432
18,1745188306.299822,Train/activations/ResidualBlockbottle1_1stConvBlock_forward/std,scalar,0.10202671587467194
19,1745189207.7213275,Train/activations/ResidualBlockbottle1_1stConvBlock_forward/std,scalar,0.05317871645092964
20,1745190256.0597816,Train/activations/ResidualBlockbottle1_1stConvBlock_forward/std,scalar,0.04318389296531677
21,1745191170.6527433,Train/activations/ResidualBlockbottle1_1stConvBlock_forward/std,scalar,0.04527493566274643
22,1745192071.8642352,Train/activations/ResidualBlockbottle1_1stConvBlock_forward/std,scalar,0.046860817819833755
23,1745192964.2054136,Train/activations/ResidualBlockbottle1_1stConvBlock_forward/std,scalar,0.04090191423892975
24,1745193856.0758574,Train/activations/ResidualBlockbottle1_1stConvBlock_forward/std,scalar,0.03527194634079933
25,1745194746.128636,Train/activations/ResidualBlockbottle1_1stConvBlock_forward/std,scalar,0.035380516201257706
26,1745195628.7219353,Train/activations/ResidualBlockbottle1_1stConvBlock_forward/std,scalar,0.02791421487927437
27,1745196516.418355,Train/activations/ResidualBlockbottle1_1stConvBlock_forward/std,scalar,0.023900236934423447
28,1745197400.5647705,Train/activations/ResidualBlockbottle1_1stConvBlock_forward/std,scalar,0.02466457337141037
29,1745198281.631843,Train/activations/ResidualBlockbottle1_1stConvBlock_forward/std,scalar,0.021526101976633072
30,1745199160.766913,Train/activations/ResidualBlockbottle1_1stConvBlock_forward/std,scalar,0.022453317418694496
31,1745200038.8805804,Train/activations/ResidualBlockbottle1_1stConvBlock_forward/std,scalar,0.021716773509979248
32,1745200913.140506,Train/activations/ResidualBlockbottle1_1stConvBlock_forward/std,scalar,0.020460303872823715
33,1745201943.371921,Train/activations/ResidualBlockbottle1_1stConvBlock_forward/std,scalar,0.020004555583000183
34,1745202839.4065623,Train/activations/ResidualBlockbottle1_1stConvBlock_forward/std,scalar,0.019650137051939964
35,1745203720.3556778,Train/activations/ResidualBlockbottle1_1stConvBlock_forward/std,scalar,0.018734119832515717
36,1745204589.3931077,Train/activations/ResidualBlockbottle1_1stConvBlock_forward/std,scalar,0.018564004451036453
37,1745205607.478878,Train/activations/ResidualBlockbottle1_1stConvBlock_forward/std,scalar,0.020656118169426918
38,1745206470.4198945,Train/activations/ResidualBlockbottle1_1stConvBlock_forward/std,scalar,0.01749936118721962
39,1745207343.5172594,Train/activations/ResidualBlockbottle1_1stConvBlock_forward/std,scalar,0.01774635538458824
40,1745208209.385142,Train/activations/ResidualBlockbottle1_1stConvBlock_forward/std,scalar,0.018105678260326385
41,1745209076.099593,Train/activations/ResidualBlockbottle1_1stConvBlock_forward/std,scalar,0.016498353332281113
42,1745209942.7861402,Train/activations/ResidualBlockbottle1_1stConvBlock_forward/std,scalar,0.018615836277604103
43,1745210815.564457,Train/activations/ResidualBlockbottle1_1stConvBlock_forward/std,scalar,0.0162159763276577
44,1745211689.1973403,Train/activations/ResidualBlockbottle1_1stConvBlock_forward/std,scalar,0.016962384805083275
45,1745212555.2843034,Train/activations/ResidualBlockbottle1_1stConvBlock_forward/std,scalar,0.016552070155739784
46,1745213417.384717,Train/activations/ResidualBlockbottle1_1stConvBlock_forward/std,scalar,0.017464330419898033
47,1745214282.5811245,Train/activations/ResidualBlockbottle1_1stConvBlock_forward/std,scalar,0.016329804435372353
48,1745215148.1425717,Train/activations/ResidualBlockbottle1_1stConvBlock_forward/std,scalar,0.01649557054042816
49,1745216019.7650645,Train/activations/ResidualBlockbottle1_1stConvBlock_forward/std,scalar,0.014785178005695343
50,1745216894.1216266,Train/activations/ResidualBlockbottle1_1stConvBlock_forward/std,scalar,0.0155097097158432
51,1745217756.698019,Train/activations/ResidualBlockbottle1_1stConvBlock_forward/std,scalar,0.01639062538743019
52,1745218620.6791532,Train/activations/ResidualBlockbottle1_1stConvBlock_forward/std,scalar,0.014721465297043324
53,1745219494.3956838,Train/activations/ResidualBlockbottle1_1stConvBlock_forward/std,scalar,0.015041179955005646
54,1745220361.1624389,Train/activations/ResidualBlockbottle1_1stConvBlock_forward/std,scalar,0.015549506060779095
55,1745221224.4140694,Train/activations/ResidualBlockbottle1_1stConvBlock_forward/std,scalar,0.014487318694591522
56,1745222085.9149966,Train/activations/ResidualBlockbottle1_1stConvBlock_forward/std,scalar,0.01483713649213314
57,1745222948.9300802,Train/activations/ResidualBlockbottle1_1stConvBlock_forward/std,scalar,0.013992445543408394
58,1745223809.5791094,Train/activations/ResidualBlockbottle1_1stConvBlock_forward/std,scalar,0.014127498492598534
59,1745224668.3052418,Train/activations/ResidualBlockbottle1_1stConvBlock_forward/std,scalar,0.013465708121657372
60,1745225543.6899364,Train/activations/ResidualBlockbottle1_1stConvBlock_forward/std,scalar,0.013072428293526173
61,1745226401.9308798,Train/activations/ResidualBlockbottle1_1stConvBlock_forward/std,scalar,0.013842778280377388
62,1745227259.5898788,Train/activations/ResidualBlockbottle1_1stConvBlock_forward/std,scalar,0.013533877208828926
0,1745171235.477632,Train/activations/ResidualBlockbottle1_1stConvBlock_forward/max,scalar,7.787149906158447
1,1745172296.8495467,Train/activations/ResidualBlockbottle1_1stConvBlock_forward/max,scalar,4.328253269195557
2,1745173338.1213806,Train/activations/ResidualBlockbottle1_1stConvBlock_forward/max,scalar,4.843174934387207
3,1745174233.120446,Train/activations/ResidualBlockbottle1_1stConvBlock_forward/max,scalar,3.2403934001922607
4,1745175273.5593677,Train/activations/ResidualBlockbottle1_1stConvBlock_forward/max,scalar,3.2766730785369873
5,1745176165.809255,Train/activations/ResidualBlockbottle1_1stConvBlock_forward/max,scalar,4.3947343826293945
6,1745177057.4312675,Train/activations/ResidualBlockbottle1_1stConvBlock_forward/max,scalar,3.1229820251464844
7,1745178097.8341691,Train/activations/ResidualBlockbottle1_1stConvBlock_forward/max,scalar,3.1234853267669678
8,1745179142.499197,Train/activations/ResidualBlockbottle1_1stConvBlock_forward/max,scalar,1.8962526321411133
9,1745180055.5814912,Train/activations/ResidualBlockbottle1_1stConvBlock_forward/max,scalar,1.73761785030365
10,1745181105.8402255,Train/activations/ResidualBlockbottle1_1stConvBlock_forward/max,scalar,1.9757258892059326
11,1745182002.4359677,Train/activations/ResidualBlockbottle1_1stConvBlock_forward/max,scalar,2.0222039222717285
12,1745182902.5459096,Train/activations/ResidualBlockbottle1_1stConvBlock_forward/max,scalar,1.4399895668029785
13,1745183792.1541476,Train/activations/ResidualBlockbottle1_1stConvBlock_forward/max,scalar,1.3717691898345947
14,1745184693.3240273,Train/activations/ResidualBlockbottle1_1stConvBlock_forward/max,scalar,1.1181464195251465
15,1745185595.4997282,Train/activations/ResidualBlockbottle1_1stConvBlock_forward/max,scalar,1.0113314390182495
16,1745186496.7580914,Train/activations/ResidualBlockbottle1_1stConvBlock_forward/max,scalar,1.350038766860962
17,1745187405.2508225,Train/activations/ResidualBlockbottle1_1stConvBlock_forward/max,scalar,1.1013481616973877
18,1745188306.300198,Train/activations/ResidualBlockbottle1_1stConvBlock_forward/max,scalar,0.850089430809021
19,1745189207.721857,Train/activations/ResidualBlockbottle1_1stConvBlock_forward/max,scalar,1.0552687644958496
20,1745190256.0602741,Train/activations/ResidualBlockbottle1_1stConvBlock_forward/max,scalar,0.7230220437049866
21,1745191170.653324,Train/activations/ResidualBlockbottle1_1stConvBlock_forward/max,scalar,0.7104185819625854
22,1745192071.8646648,Train/activations/ResidualBlockbottle1_1stConvBlock_forward/max,scalar,0.7869420051574707
23,1745192964.2057953,Train/activations/ResidualBlockbottle1_1stConvBlock_forward/max,scalar,0.5028908848762512
24,1745193856.076272,Train/activations/ResidualBlockbottle1_1stConvBlock_forward/max,scalar,0.5839362144470215
25,1745194746.129023,Train/activations/ResidualBlockbottle1_1stConvBlock_forward/max,scalar,0.4484723210334778
26,1745195628.7223396,Train/activations/ResidualBlockbottle1_1stConvBlock_forward/max,scalar,0.45991817116737366
27,1745196516.4187107,Train/activations/ResidualBlockbottle1_1stConvBlock_forward/max,scalar,0.3189260959625244
28,1745197400.5651286,Train/activations/ResidualBlockbottle1_1stConvBlock_forward/max,scalar,0.2925353944301605
29,1745198281.6321805,Train/activations/ResidualBlockbottle1_1stConvBlock_forward/max,scalar,0.2885741591453552
30,1745199160.7673244,Train/activations/ResidualBlockbottle1_1stConvBlock_forward/max,scalar,0.31236281991004944
31,1745200038.880967,Train/activations/ResidualBlockbottle1_1stConvBlock_forward/max,scalar,0.28287529945373535
32,1745200913.1413133,Train/activations/ResidualBlockbottle1_1stConvBlock_forward/max,scalar,0.21236371994018555
33,1745201943.3723302,Train/activations/ResidualBlockbottle1_1stConvBlock_forward/max,scalar,0.21155865490436554
34,1745202839.4069622,Train/activations/ResidualBlockbottle1_1stConvBlock_forward/max,scalar,0.23979441821575165
35,1745203720.357026,Train/activations/ResidualBlockbottle1_1stConvBlock_forward/max,scalar,0.2329643964767456
36,1745204589.3935595,Train/activations/ResidualBlockbottle1_1stConvBlock_forward/max,scalar,0.16407443583011627
37,1745205607.4793105,Train/activations/ResidualBlockbottle1_1stConvBlock_forward/max,scalar,0.26038995385169983
38,1745206470.420294,Train/activations/ResidualBlockbottle1_1stConvBlock_forward/max,scalar,0.21796803176403046
39,1745207343.5176768,Train/activations/ResidualBlockbottle1_1stConvBlock_forward/max,scalar,0.1831250786781311
40,1745208209.3856807,Train/activations/ResidualBlockbottle1_1stConvBlock_forward/max,scalar,0.1641218066215515
41,1745209076.101822,Train/activations/ResidualBlockbottle1_1stConvBlock_forward/max,scalar,0.16697637736797333
42,1745209942.787004,Train/activations/ResidualBlockbottle1_1stConvBlock_forward/max,scalar,0.19885578751564026
43,1745210815.5655117,Train/activations/ResidualBlockbottle1_1stConvBlock_forward/max,scalar,0.1718982756137848
44,1745211689.1979656,Train/activations/ResidualBlockbottle1_1stConvBlock_forward/max,scalar,0.16185103356838226
45,1745212555.2847593,Train/activations/ResidualBlockbottle1_1stConvBlock_forward/max,scalar,0.14453354477882385
46,1745213417.3906424,Train/activations/ResidualBlockbottle1_1stConvBlock_forward/max,scalar,0.16597744822502136
47,1745214282.583978,Train/activations/ResidualBlockbottle1_1stConvBlock_forward/max,scalar,0.16221317648887634
48,1745215148.1501267,Train/activations/ResidualBlockbottle1_1stConvBlock_forward/max,scalar,0.13176055252552032
49,1745216019.7670972,Train/activations/ResidualBlockbottle1_1stConvBlock_forward/max,scalar,0.14581845700740814
50,1745216894.122234,Train/activations/ResidualBlockbottle1_1stConvBlock_forward/max,scalar,0.13253095746040344
51,1745217756.6984413,Train/activations/ResidualBlockbottle1_1stConvBlock_forward/max,scalar,0.1553826779127121
52,1745218620.6795547,Train/activations/ResidualBlockbottle1_1stConvBlock_forward/max,scalar,0.15795008838176727
53,1745219494.3962703,Train/activations/ResidualBlockbottle1_1stConvBlock_forward/max,scalar,0.14628739655017853
54,1745220361.1632955,Train/activations/ResidualBlockbottle1_1stConvBlock_forward/max,scalar,0.13792899250984192
55,1745221224.4147284,Train/activations/ResidualBlockbottle1_1stConvBlock_forward/max,scalar,0.12963338196277618
56,1745222085.9219556,Train/activations/ResidualBlockbottle1_1stConvBlock_forward/max,scalar,0.11503299325704575
57,1745222948.9306026,Train/activations/ResidualBlockbottle1_1stConvBlock_forward/max,scalar,0.12328924983739853
58,1745223809.5794866,Train/activations/ResidualBlockbottle1_1stConvBlock_forward/max,scalar,0.12103889882564545
59,1745224668.3055995,Train/activations/ResidualBlockbottle1_1stConvBlock_forward/max,scalar,0.13795237243175507
60,1745225543.6903448,Train/activations/ResidualBlockbottle1_1stConvBlock_forward/max,scalar,0.12448658049106598
61,1745226401.931253,Train/activations/ResidualBlockbottle1_1stConvBlock_forward/max,scalar,0.12632417678833008
62,1745227259.5903232,Train/activations/ResidualBlockbottle1_1stConvBlock_forward/max,scalar,0.11618030071258545
0,1745171235.478123,Train/activations/ResidualBlockbottle1_1stConvBlock_forward/min,scalar,-8.622091293334961
1,1745172296.8529131,Train/activations/ResidualBlockbottle1_1stConvBlock_forward/min,scalar,-7.442850589752197
2,1745173338.121771,Train/activations/ResidualBlockbottle1_1stConvBlock_forward/min,scalar,-3.3214080333709717
3,1745174233.120815,Train/activations/ResidualBlockbottle1_1stConvBlock_forward/min,scalar,-2.359484910964966
4,1745175273.5597556,Train/activations/ResidualBlockbottle1_1stConvBlock_forward/min,scalar,-2.7281312942504883
5,1745176165.8096044,Train/activations/ResidualBlockbottle1_1stConvBlock_forward/min,scalar,-3.0899670124053955
6,1745177057.431605,Train/activations/ResidualBlockbottle1_1stConvBlock_forward/min,scalar,-2.9599380493164062
7,1745178097.8345163,Train/activations/ResidualBlockbottle1_1stConvBlock_forward/min,scalar,-2.447368860244751
8,1745179142.5055344,Train/activations/ResidualBlockbottle1_1stConvBlock_forward/min,scalar,-1.6406619548797607
9,1745180055.5833838,Train/activations/ResidualBlockbottle1_1stConvBlock_forward/min,scalar,-1.5643686056137085
10,1745181105.8405926,Train/activations/ResidualBlockbottle1_1stConvBlock_forward/min,scalar,-1.494616150856018
11,1745182002.436341,Train/activations/ResidualBlockbottle1_1stConvBlock_forward/min,scalar,-1.2562716007232666
12,1745182902.546294,Train/activations/ResidualBlockbottle1_1stConvBlock_forward/min,scalar,-1.1001640558242798
13,1745183792.1547108,Train/activations/ResidualBlockbottle1_1stConvBlock_forward/min,scalar,-0.9670141935348511
14,1745184693.324451,Train/activations/ResidualBlockbottle1_1stConvBlock_forward/min,scalar,-0.7414239645004272
15,1745185595.5000846,Train/activations/ResidualBlockbottle1_1stConvBlock_forward/min,scalar,-0.9747702479362488
16,1745186496.7598016,Train/activations/ResidualBlockbottle1_1stConvBlock_forward/min,scalar,-1.1218289136886597
17,1745187405.2515104,Train/activations/ResidualBlockbottle1_1stConvBlock_forward/min,scalar,-0.8653300404548645
18,1745188306.3006172,Train/activations/ResidualBlockbottle1_1stConvBlock_forward/min,scalar,-0.6480059027671814
19,1745189207.7222078,Train/activations/ResidualBlockbottle1_1stConvBlock_forward/min,scalar,-0.7779315114021301
20,1745190256.0606647,Train/activations/ResidualBlockbottle1_1stConvBlock_forward/min,scalar,-0.5498126745223999
21,1745191170.6539438,Train/activations/ResidualBlockbottle1_1stConvBlock_forward/min,scalar,-0.6549750566482544
22,1745192071.8650486,Train/activations/ResidualBlockbottle1_1stConvBlock_forward/min,scalar,-0.7171825766563416
23,1745192964.2061949,Train/activations/ResidualBlockbottle1_1stConvBlock_forward/min,scalar,-0.560185968875885
24,1745193856.076667,Train/activations/ResidualBlockbottle1_1stConvBlock_forward/min,scalar,-0.6196115612983704
25,1745194746.129442,Train/activations/ResidualBlockbottle1_1stConvBlock_forward/min,scalar,-0.5344089269638062
26,1745195628.7227259,Train/activations/ResidualBlockbottle1_1stConvBlock_forward/min,scalar,-0.4921685755252838
27,1745196516.4191017,Train/activations/ResidualBlockbottle1_1stConvBlock_forward/min,scalar,-0.43079710006713867
28,1745197400.5655086,Train/activations/ResidualBlockbottle1_1stConvBlock_forward/min,scalar,-0.43030136823654175
29,1745198281.6326516,Train/activations/ResidualBlockbottle1_1stConvBlock_forward/min,scalar,-0.38937029242515564
30,1745199160.7677152,Train/activations/ResidualBlockbottle1_1stConvBlock_forward/min,scalar,-0.4435979723930359
31,1745200038.8813777,Train/activations/ResidualBlockbottle1_1stConvBlock_forward/min,scalar,-0.3741571307182312
32,1745200913.141741,Train/activations/ResidualBlockbottle1_1stConvBlock_forward/min,scalar,-0.3623097836971283
33,1745201943.3726845,Train/activations/ResidualBlockbottle1_1stConvBlock_forward/min,scalar,-0.3427162766456604
34,1745202839.4073372,Train/activations/ResidualBlockbottle1_1stConvBlock_forward/min,scalar,-0.33316874504089355
35,1745203720.3581636,Train/activations/ResidualBlockbottle1_1stConvBlock_forward/min,scalar,-0.3388741612434387
36,1745204589.3939846,Train/activations/ResidualBlockbottle1_1stConvBlock_forward/min,scalar,-0.29902583360671997
37,1745205607.4796824,Train/activations/ResidualBlockbottle1_1stConvBlock_forward/min,scalar,-0.39650171995162964
38,1745206470.4206944,Train/activations/ResidualBlockbottle1_1stConvBlock_forward/min,scalar,-0.3700190484523773
39,1745207343.5182996,Train/activations/ResidualBlockbottle1_1stConvBlock_forward/min,scalar,-0.27865445613861084
40,1745208209.3861234,Train/activations/ResidualBlockbottle1_1stConvBlock_forward/min,scalar,-0.3045126497745514
41,1745209076.1022675,Train/activations/ResidualBlockbottle1_1stConvBlock_forward/min,scalar,-0.2921929955482483
42,1745209942.7875059,Train/activations/ResidualBlockbottle1_1stConvBlock_forward/min,scalar,-0.323797345161438
43,1745210815.5660086,Train/activations/ResidualBlockbottle1_1stConvBlock_forward/min,scalar,-0.30729350447654724
44,1745211689.1986458,Train/activations/ResidualBlockbottle1_1stConvBlock_forward/min,scalar,-0.28780779242515564
45,1745212555.2852716,Train/activations/ResidualBlockbottle1_1stConvBlock_forward/min,scalar,-0.2634342312812805
46,1745213417.3911252,Train/activations/ResidualBlockbottle1_1stConvBlock_forward/min,scalar,-0.29302334785461426
47,1745214282.584527,Train/activations/ResidualBlockbottle1_1stConvBlock_forward/min,scalar,-0.2754400968551636
48,1745215148.156881,Train/activations/ResidualBlockbottle1_1stConvBlock_forward/min,scalar,-0.24828211963176727
49,1745216019.768273,Train/activations/ResidualBlockbottle1_1stConvBlock_forward/min,scalar,-0.23439982533454895
50,1745216894.122886,Train/activations/ResidualBlockbottle1_1stConvBlock_forward/min,scalar,-0.26109758019447327
51,1745217756.6988947,Train/activations/ResidualBlockbottle1_1stConvBlock_forward/min,scalar,-0.27986830472946167
52,1745218620.6800902,Train/activations/ResidualBlockbottle1_1stConvBlock_forward/min,scalar,-0.2412995547056198
53,1745219494.3967216,Train/activations/ResidualBlockbottle1_1stConvBlock_forward/min,scalar,-0.23835024237632751
54,1745220361.163675,Train/activations/ResidualBlockbottle1_1stConvBlock_forward/min,scalar,-0.2449243813753128
55,1745221224.4151654,Train/activations/ResidualBlockbottle1_1stConvBlock_forward/min,scalar,-0.22717711329460144
56,1745222085.9236753,Train/activations/ResidualBlockbottle1_1stConvBlock_forward/min,scalar,-0.21677660942077637
57,1745222948.9311728,Train/activations/ResidualBlockbottle1_1stConvBlock_forward/min,scalar,-0.22517123818397522
58,1745223809.579858,Train/activations/ResidualBlockbottle1_1stConvBlock_forward/min,scalar,-0.22309008240699768
59,1745224668.30597,Train/activations/ResidualBlockbottle1_1stConvBlock_forward/min,scalar,-0.22241541743278503
60,1745225543.6906905,Train/activations/ResidualBlockbottle1_1stConvBlock_forward/min,scalar,-0.2112155705690384
61,1745226401.9316094,Train/activations/ResidualBlockbottle1_1stConvBlock_forward/min,scalar,-0.20794180035591125
62,1745227259.5907722,Train/activations/ResidualBlockbottle1_1stConvBlock_forward/min,scalar,-0.208316832780838
0,1745171235.4790459,Train/activations/ResidualBlockbottle1_2ndConvBlock_forward/mean,scalar,-0.32117268443107605
1,1745172296.8611553,Train/activations/ResidualBlockbottle1_2ndConvBlock_forward/mean,scalar,-0.3651646077632904
2,1745173338.1222062,Train/activations/ResidualBlockbottle1_2ndConvBlock_forward/mean,scalar,-0.28406503796577454
3,1745174233.1212535,Train/activations/ResidualBlockbottle1_2ndConvBlock_forward/mean,scalar,-0.4378243088722229
4,1745175273.5601563,Train/activations/ResidualBlockbottle1_2ndConvBlock_forward/mean,scalar,-0.7611986398696899
5,1745176165.8115237,Train/activations/ResidualBlockbottle1_2ndConvBlock_forward/mean,scalar,-0.2842457890510559
6,1745177057.4319854,Train/activations/ResidualBlockbottle1_2ndConvBlock_forward/mean,scalar,0.3697759509086609
7,1745178097.834838,Train/activations/ResidualBlockbottle1_2ndConvBlock_forward/mean,scalar,-0.01702616736292839
8,1745179142.5061786,Train/activations/ResidualBlockbottle1_2ndConvBlock_forward/mean,scalar,-0.21683530509471893
9,1745180055.5838668,Train/activations/ResidualBlockbottle1_2ndConvBlock_forward/mean,scalar,-0.059803642332553864
10,1745181105.8409534,Train/activations/ResidualBlockbottle1_2ndConvBlock_forward/mean,scalar,-0.17620213329792023
11,1745182002.436702,Train/activations/ResidualBlockbottle1_2ndConvBlock_forward/mean,scalar,-0.10820777714252472
12,1745182902.546652,Train/activations/ResidualBlockbottle1_2ndConvBlock_forward/mean,scalar,-0.05093343183398247
13,1745183792.155094,Train/activations/ResidualBlockbottle1_2ndConvBlock_forward/mean,scalar,-0.21386399865150452
14,1745184693.3248184,Train/activations/ResidualBlockbottle1_2ndConvBlock_forward/mean,scalar,-0.10351525247097015
15,1745185595.5004508,Train/activations/ResidualBlockbottle1_2ndConvBlock_forward/mean,scalar,-0.1549406200647354
16,1745186496.7640061,Train/activations/ResidualBlockbottle1_2ndConvBlock_forward/mean,scalar,0.022789916023612022
17,1745187405.2519078,Train/activations/ResidualBlockbottle1_2ndConvBlock_forward/mean,scalar,-0.07986842095851898
18,1745188306.3011093,Train/activations/ResidualBlockbottle1_2ndConvBlock_forward/mean,scalar,-0.19360318779945374
19,1745189207.7227125,Train/activations/ResidualBlockbottle1_2ndConvBlock_forward/mean,scalar,-0.08679378032684326
20,1745190256.0610576,Train/activations/ResidualBlockbottle1_2ndConvBlock_forward/mean,scalar,-0.05313907191157341
21,1745191170.6549294,Train/activations/ResidualBlockbottle1_2ndConvBlock_forward/mean,scalar,-0.004818357992917299
22,1745192071.865433,Train/activations/ResidualBlockbottle1_2ndConvBlock_forward/mean,scalar,-0.04748886078596115
23,1745192964.2065923,Train/activations/ResidualBlockbottle1_2ndConvBlock_forward/mean,scalar,-0.008835789747536182
24,1745193856.0770519,Train/activations/ResidualBlockbottle1_2ndConvBlock_forward/mean,scalar,-0.024665839970111847
25,1745194746.1298406,Train/activations/ResidualBlockbottle1_2ndConvBlock_forward/mean,scalar,-0.023376589640975
26,1745195628.7231112,Train/activations/ResidualBlockbottle1_2ndConvBlock_forward/mean,scalar,-0.014032190665602684
27,1745196516.4194872,Train/activations/ResidualBlockbottle1_2ndConvBlock_forward/mean,scalar,-0.0050635552033782005
28,1745197400.5658891,Train/activations/ResidualBlockbottle1_2ndConvBlock_forward/mean,scalar,-0.0024630415719002485
29,1745198281.633024,Train/activations/ResidualBlockbottle1_2ndConvBlock_forward/mean,scalar,-0.001695880084298551
30,1745199160.7681372,Train/activations/ResidualBlockbottle1_2ndConvBlock_forward/mean,scalar,-0.0015720644732937217
31,1745200038.881794,Train/activations/ResidualBlockbottle1_2ndConvBlock_forward/mean,scalar,-0.002190220169723034
32,1745200913.1422222,Train/activations/ResidualBlockbottle1_2ndConvBlock_forward/mean,scalar,-0.0014760666526854038
33,1745201943.373055,Train/activations/ResidualBlockbottle1_2ndConvBlock_forward/mean,scalar,-0.001161065069027245
34,1745202839.4077048,Train/activations/ResidualBlockbottle1_2ndConvBlock_forward/mean,scalar,-0.00038421672070398927
35,1745203720.358566,Train/activations/ResidualBlockbottle1_2ndConvBlock_forward/mean,scalar,-0.0014516264200210571
36,1745204589.3943489,Train/activations/ResidualBlockbottle1_2ndConvBlock_forward/mean,scalar,-0.0017241962486878037
37,1745205607.480053,Train/activations/ResidualBlockbottle1_2ndConvBlock_forward/mean,scalar,-0.001827320782467723
38,1745206470.4211252,Train/activations/ResidualBlockbottle1_2ndConvBlock_forward/mean,scalar,-0.001355163985863328
39,1745207343.5215693,Train/activations/ResidualBlockbottle1_2ndConvBlock_forward/mean,scalar,-0.0025725385639816523
40,1745208209.3870656,Train/activations/ResidualBlockbottle1_2ndConvBlock_forward/mean,scalar,-0.0014632194070145488
41,1745209076.1027575,Train/activations/ResidualBlockbottle1_2ndConvBlock_forward/mean,scalar,-0.0012818875256925821
42,1745209942.7881546,Train/activations/ResidualBlockbottle1_2ndConvBlock_forward/mean,scalar,-0.001393465674482286
43,1745210815.5666592,Train/activations/ResidualBlockbottle1_2ndConvBlock_forward/mean,scalar,-0.0013806780334562063
44,1745211689.1995041,Train/activations/ResidualBlockbottle1_2ndConvBlock_forward/mean,scalar,-0.001667642267420888
45,1745212555.285797,Train/activations/ResidualBlockbottle1_2ndConvBlock_forward/mean,scalar,-0.0015153290005400777
46,1745213417.3924568,Train/activations/ResidualBlockbottle1_2ndConvBlock_forward/mean,scalar,-0.0012197054456919432
47,1745214282.585042,Train/activations/ResidualBlockbottle1_2ndConvBlock_forward/mean,scalar,-0.0013196647632867098
48,1745215148.158655,Train/activations/ResidualBlockbottle1_2ndConvBlock_forward/mean,scalar,-0.0014266850193962455
49,1745216019.7689044,Train/activations/ResidualBlockbottle1_2ndConvBlock_forward/mean,scalar,-0.0018557555740699172
50,1745216894.123651,Train/activations/ResidualBlockbottle1_2ndConvBlock_forward/mean,scalar,-0.001649373210966587
51,1745217756.699572,Train/activations/ResidualBlockbottle1_2ndConvBlock_forward/mean,scalar,-0.0016139087965711951
52,1745218620.680553,Train/activations/ResidualBlockbottle1_2ndConvBlock_forward/mean,scalar,-0.0019066364038735628
53,1745219494.3977568,Train/activations/ResidualBlockbottle1_2ndConvBlock_forward/mean,scalar,-0.0012687700800597668
54,1745220361.1645033,Train/activations/ResidualBlockbottle1_2ndConvBlock_forward/mean,scalar,-0.0017335830489173532
55,1745221224.4155636,Train/activations/ResidualBlockbottle1_2ndConvBlock_forward/mean,scalar,-0.0012380564585328102
56,1745222085.924441,Train/activations/ResidualBlockbottle1_2ndConvBlock_forward/mean,scalar,-0.0018051009392365813
57,1745222948.9319117,Train/activations/ResidualBlockbottle1_2ndConvBlock_forward/mean,scalar,-0.0015768634621053934
58,1745223809.580247,Train/activations/ResidualBlockbottle1_2ndConvBlock_forward/mean,scalar,-0.0011003927793353796
59,1745224668.3063536,Train/activations/ResidualBlockbottle1_2ndConvBlock_forward/mean,scalar,-0.001717258244752884
60,1745225543.6910462,Train/activations/ResidualBlockbottle1_2ndConvBlock_forward/mean,scalar,-0.0014233419205993414
61,1745226401.9320474,Train/activations/ResidualBlockbottle1_2ndConvBlock_forward/mean,scalar,-0.0016500111669301987
62,1745227259.5912464,Train/activations/ResidualBlockbottle1_2ndConvBlock_forward/mean,scalar,-0.0013423432828858495
0,1745171235.4794147,Train/activations/ResidualBlockbottle1_2ndConvBlock_forward/std,scalar,1.2556579113006592
1,1745172296.872423,Train/activations/ResidualBlockbottle1_2ndConvBlock_forward/std,scalar,1.2677974700927734
2,1745173338.1226084,Train/activations/ResidualBlockbottle1_2ndConvBlock_forward/std,scalar,1.2896902561187744
3,1745174233.121626,Train/activations/ResidualBlockbottle1_2ndConvBlock_forward/std,scalar,1.216495156288147
4,1745175273.5606384,Train/activations/ResidualBlockbottle1_2ndConvBlock_forward/std,scalar,1.4803988933563232
5,1745176165.8119802,Train/activations/ResidualBlockbottle1_2ndConvBlock_forward/std,scalar,1.182695984840393
6,1745177057.4323196,Train/activations/ResidualBlockbottle1_2ndConvBlock_forward/std,scalar,2.2199933528900146
7,1745178097.8351765,Train/activations/ResidualBlockbottle1_2ndConvBlock_forward/std,scalar,1.3853758573532104
8,1745179142.5066595,Train/activations/ResidualBlockbottle1_2ndConvBlock_forward/std,scalar,1.707518219947815
9,1745180055.5843875,Train/activations/ResidualBlockbottle1_2ndConvBlock_forward/std,scalar,0.9380717277526855
10,1745181105.8413112,Train/activations/ResidualBlockbottle1_2ndConvBlock_forward/std,scalar,0.8244778513908386
11,1745182002.4370792,Train/activations/ResidualBlockbottle1_2ndConvBlock_forward/std,scalar,0.9017868041992188
12,1745182902.5470216,Train/activations/ResidualBlockbottle1_2ndConvBlock_forward/std,scalar,0.7359119653701782
13,1745183792.1561677,Train/activations/ResidualBlockbottle1_2ndConvBlock_forward/std,scalar,0.9985933303833008
14,1745184693.3251848,Train/activations/ResidualBlockbottle1_2ndConvBlock_forward/std,scalar,0.6052270531654358
15,1745185595.500818,Train/activations/ResidualBlockbottle1_2ndConvBlock_forward/std,scalar,0.7440267205238342
16,1745186496.7645664,Train/activations/ResidualBlockbottle1_2ndConvBlock_forward/std,scalar,0.5949047207832336
17,1745187405.2523563,Train/activations/ResidualBlockbottle1_2ndConvBlock_forward/std,scalar,0.4808914065361023
18,1745188306.3014917,Train/activations/ResidualBlockbottle1_2ndConvBlock_forward/std,scalar,0.43733444809913635
19,1745189207.7230697,Train/activations/ResidualBlockbottle1_2ndConvBlock_forward/std,scalar,0.20756037533283234
20,1745190256.0614905,Train/activations/ResidualBlockbottle1_2ndConvBlock_forward/std,scalar,0.18893614411354065
21,1745191170.6553807,Train/activations/ResidualBlockbottle1_2ndConvBlock_forward/std,scalar,0.1593882441520691
22,1745192071.865799,Train/activations/ResidualBlockbottle1_2ndConvBlock_forward/std,scalar,0.16765780746936798
23,1745192964.2069848,Train/activations/ResidualBlockbottle1_2ndConvBlock_forward/std,scalar,0.1472906768321991
24,1745193856.0774493,Train/activations/ResidualBlockbottle1_2ndConvBlock_forward/std,scalar,0.08920527994632721
25,1745194746.1303034,Train/activations/ResidualBlockbottle1_2ndConvBlock_forward/std,scalar,0.08154857903718948
26,1745195628.7235057,Train/activations/ResidualBlockbottle1_2ndConvBlock_forward/std,scalar,0.0696069598197937
27,1745196516.4199603,Train/activations/ResidualBlockbottle1_2ndConvBlock_forward/std,scalar,0.06188629940152168
28,1745197400.5662596,Train/activations/ResidualBlockbottle1_2ndConvBlock_forward/std,scalar,0.05766976997256279
29,1745198281.6333733,Train/activations/ResidualBlockbottle1_2ndConvBlock_forward/std,scalar,0.0542902946472168
30,1745199160.768544,Train/activations/ResidualBlockbottle1_2ndConvBlock_forward/std,scalar,0.05197742581367493
31,1745200038.8822372,Train/activations/ResidualBlockbottle1_2ndConvBlock_forward/std,scalar,0.05323203280568123
32,1745200913.142642,Train/activations/ResidualBlockbottle1_2ndConvBlock_forward/std,scalar,0.04549269378185272
33,1745201943.373497,Train/activations/ResidualBlockbottle1_2ndConvBlock_forward/std,scalar,0.04400678724050522
34,1745202839.4080768,Train/activations/ResidualBlockbottle1_2ndConvBlock_forward/std,scalar,0.04554581269621849
35,1745203720.3589652,Train/activations/ResidualBlockbottle1_2ndConvBlock_forward/std,scalar,0.04114652797579765
36,1745204589.3947794,Train/activations/ResidualBlockbottle1_2ndConvBlock_forward/std,scalar,0.0391845703125
37,1745205607.4804902,Train/activations/ResidualBlockbottle1_2ndConvBlock_forward/std,scalar,0.04364701360464096
38,1745206470.423512,Train/activations/ResidualBlockbottle1_2ndConvBlock_forward/std,scalar,0.03476586565375328
39,1745207343.5231075,Train/activations/ResidualBlockbottle1_2ndConvBlock_forward/std,scalar,0.039305321872234344
40,1745208209.3884766,Train/activations/ResidualBlockbottle1_2ndConvBlock_forward/std,scalar,0.033618491142988205
41,1745209076.103296,Train/activations/ResidualBlockbottle1_2ndConvBlock_forward/std,scalar,0.031312309205532074
42,1745209942.7885857,Train/activations/ResidualBlockbottle1_2ndConvBlock_forward/std,scalar,0.03186129033565521
43,1745210815.5673687,Train/activations/ResidualBlockbottle1_2ndConvBlock_forward/std,scalar,0.03021860681474209
44,1745211689.2001548,Train/activations/ResidualBlockbottle1_2ndConvBlock_forward/std,scalar,0.02913268841803074
45,1745212555.286799,Train/activations/ResidualBlockbottle1_2ndConvBlock_forward/std,scalar,0.02966788038611412
46,1745213417.3930137,Train/activations/ResidualBlockbottle1_2ndConvBlock_forward/std,scalar,0.028682013973593712
47,1745214282.5869966,Train/activations/ResidualBlockbottle1_2ndConvBlock_forward/std,scalar,0.026951590552926064
48,1745215148.1593091,Train/activations/ResidualBlockbottle1_2ndConvBlock_forward/std,scalar,0.027368739247322083
49,1745216019.7696426,Train/activations/ResidualBlockbottle1_2ndConvBlock_forward/std,scalar,0.02761068567633629
50,1745216894.1244173,Train/activations/ResidualBlockbottle1_2ndConvBlock_forward/std,scalar,0.026279950514435768
51,1745217756.7001545,Train/activations/ResidualBlockbottle1_2ndConvBlock_forward/std,scalar,0.02624497190117836
52,1745218620.681231,Train/activations/ResidualBlockbottle1_2ndConvBlock_forward/std,scalar,0.025879422202706337
53,1745219494.3999586,Train/activations/ResidualBlockbottle1_2ndConvBlock_forward/std,scalar,0.025088965892791748
54,1745220361.1681905,Train/activations/ResidualBlockbottle1_2ndConvBlock_forward/std,scalar,0.025350218638777733
55,1745221224.4159591,Train/activations/ResidualBlockbottle1_2ndConvBlock_forward/std,scalar,0.024863209575414658
56,1745222085.9250214,Train/activations/ResidualBlockbottle1_2ndConvBlock_forward/std,scalar,0.0246675293892622
57,1745222948.932554,Train/activations/ResidualBlockbottle1_2ndConvBlock_forward/std,scalar,0.0227959044277668
58,1745223809.580624,Train/activations/ResidualBlockbottle1_2ndConvBlock_forward/std,scalar,0.02195798046886921
59,1745224668.3067057,Train/activations/ResidualBlockbottle1_2ndConvBlock_forward/std,scalar,0.02409135363996029
60,1745225543.6914177,Train/activations/ResidualBlockbottle1_2ndConvBlock_forward/std,scalar,0.022881153970956802
61,1745226401.9323869,Train/activations/ResidualBlockbottle1_2ndConvBlock_forward/std,scalar,0.021376870572566986
62,1745227259.5916297,Train/activations/ResidualBlockbottle1_2ndConvBlock_forward/std,scalar,0.021377496421337128
0,1745171235.4798646,Train/activations/ResidualBlockbottle1_2ndConvBlock_forward/max,scalar,15.906054496765137
1,1745172296.8730567,Train/activations/ResidualBlockbottle1_2ndConvBlock_forward/max,scalar,16.50009536743164
2,1745173338.122997,Train/activations/ResidualBlockbottle1_2ndConvBlock_forward/max,scalar,27.858966827392578
3,1745174233.1220338,Train/activations/ResidualBlockbottle1_2ndConvBlock_forward/max,scalar,18.43417739868164
4,1745175273.5611098,Train/activations/ResidualBlockbottle1_2ndConvBlock_forward/max,scalar,20.521358489990234
5,1745176165.8123603,Train/activations/ResidualBlockbottle1_2ndConvBlock_forward/max,scalar,28.392017364501953
6,1745177057.4327095,Train/activations/ResidualBlockbottle1_2ndConvBlock_forward/max,scalar,29.431909561157227
7,1745178097.8355238,Train/activations/ResidualBlockbottle1_2ndConvBlock_forward/max,scalar,18.98921012878418
8,1745179142.5070796,Train/activations/ResidualBlockbottle1_2ndConvBlock_forward/max,scalar,12.5348539352417
9,1745180055.5874119,Train/activations/ResidualBlockbottle1_2ndConvBlock_forward/max,scalar,10.21493148803711
10,1745181105.8416607,Train/activations/ResidualBlockbottle1_2ndConvBlock_forward/max,scalar,9.62725830078125
11,1745182002.4374237,Train/activations/ResidualBlockbottle1_2ndConvBlock_forward/max,scalar,9.621869087219238
12,1745182902.5473778,Train/activations/ResidualBlockbottle1_2ndConvBlock_forward/max,scalar,10.404623031616211
13,1745183792.157215,Train/activations/ResidualBlockbottle1_2ndConvBlock_forward/max,scalar,8.778128623962402
14,1745184693.325557,Train/activations/ResidualBlockbottle1_2ndConvBlock_forward/max,scalar,7.011136054992676
15,1745185595.5011623,Train/activations/ResidualBlockbottle1_2ndConvBlock_forward/max,scalar,5.035386562347412
16,1745186496.7653413,Train/activations/ResidualBlockbottle1_2ndConvBlock_forward/max,scalar,6.9280571937561035
17,1745187405.2527783,Train/activations/ResidualBlockbottle1_2ndConvBlock_forward/max,scalar,4.945040702819824
18,1745188306.301907,Train/activations/ResidualBlockbottle1_2ndConvBlock_forward/max,scalar,5.644162178039551
19,1745189207.7234402,Train/activations/ResidualBlockbottle1_2ndConvBlock_forward/max,scalar,5.089506149291992
20,1745190256.0618336,Train/activations/ResidualBlockbottle1_2ndConvBlock_forward/max,scalar,3.441699981689453
21,1745191170.6557803,Train/activations/ResidualBlockbottle1_2ndConvBlock_forward/max,scalar,3.4009063243865967
22,1745192071.866182,Train/activations/ResidualBlockbottle1_2ndConvBlock_forward/max,scalar,3.6799843311309814
23,1745192964.2073352,Train/activations/ResidualBlockbottle1_2ndConvBlock_forward/max,scalar,2.876646041870117
24,1745193856.0778618,Train/activations/ResidualBlockbottle1_2ndConvBlock_forward/max,scalar,2.6838266849517822
25,1745194746.1306732,Train/activations/ResidualBlockbottle1_2ndConvBlock_forward/max,scalar,2.364954948425293
26,1745195628.7239294,Train/activations/ResidualBlockbottle1_2ndConvBlock_forward/max,scalar,1.8896663188934326
27,1745196516.4203234,Train/activations/ResidualBlockbottle1_2ndConvBlock_forward/max,scalar,1.8389167785644531
28,1745197400.5666158,Train/activations/ResidualBlockbottle1_2ndConvBlock_forward/max,scalar,1.5060203075408936
29,1745198281.6337824,Train/activations/ResidualBlockbottle1_2ndConvBlock_forward/max,scalar,1.4501079320907593
30,1745199160.7689407,Train/activations/ResidualBlockbottle1_2ndConvBlock_forward/max,scalar,1.62771737575531
31,1745200038.8833902,Train/activations/ResidualBlockbottle1_2ndConvBlock_forward/max,scalar,1.354358196258545
32,1745200913.1430006,Train/activations/ResidualBlockbottle1_2ndConvBlock_forward/max,scalar,1.1399866342544556
33,1745201943.3738658,Train/activations/ResidualBlockbottle1_2ndConvBlock_forward/max,scalar,1.1246159076690674
34,1745202839.4084294,Train/activations/ResidualBlockbottle1_2ndConvBlock_forward/max,scalar,1.2002754211425781
35,1745203720.359398,Train/activations/ResidualBlockbottle1_2ndConvBlock_forward/max,scalar,1.134385347366333
36,1745204589.3956342,Train/activations/ResidualBlockbottle1_2ndConvBlock_forward/max,scalar,0.9876645803451538
37,1745205607.4809992,Train/activations/ResidualBlockbottle1_2ndConvBlock_forward/max,scalar,1.4420158863067627
38,1745206470.4239914,Train/activations/ResidualBlockbottle1_2ndConvBlock_forward/max,scalar,1.4153683185577393
39,1745207343.52352,Train/activations/ResidualBlockbottle1_2ndConvBlock_forward/max,scalar,0.9977580904960632
40,1745208209.389782,Train/activations/ResidualBlockbottle1_2ndConvBlock_forward/max,scalar,0.944699764251709
41,1745209076.1038084,Train/activations/ResidualBlockbottle1_2ndConvBlock_forward/max,scalar,1.18575119972229
42,1745209942.7891324,Train/activations/ResidualBlockbottle1_2ndConvBlock_forward/max,scalar,1.221825122833252
43,1745210815.5686233,Train/activations/ResidualBlockbottle1_2ndConvBlock_forward/max,scalar,1.1739847660064697
44,1745211689.2006123,Train/activations/ResidualBlockbottle1_2ndConvBlock_forward/max,scalar,0.9926926493644714
45,1745212555.2998059,Train/activations/ResidualBlockbottle1_2ndConvBlock_forward/max,scalar,0.9774669408798218
46,1745213417.3939075,Train/activations/ResidualBlockbottle1_2ndConvBlock_forward/max,scalar,1.1008234024047852
47,1745214282.5874953,Train/activations/ResidualBlockbottle1_2ndConvBlock_forward/max,scalar,1.2155271768569946
48,1745215148.1597297,Train/activations/ResidualBlockbottle1_2ndConvBlock_forward/max,scalar,0.8833984136581421
49,1745216019.7703483,Train/activations/ResidualBlockbottle1_2ndConvBlock_forward/max,scalar,0.917412281036377
50,1745216894.1284387,Train/activations/ResidualBlockbottle1_2ndConvBlock_forward/max,scalar,0.9723658561706543
51,1745217756.7005992,Train/activations/ResidualBlockbottle1_2ndConvBlock_forward/max,scalar,0.7887752652168274
52,1745218620.6816633,Train/activations/ResidualBlockbottle1_2ndConvBlock_forward/max,scalar,0.8891724348068237
53,1745219494.4013376,Train/activations/ResidualBlockbottle1_2ndConvBlock_forward/max,scalar,0.9692188501358032
54,1745220361.168539,Train/activations/ResidualBlockbottle1_2ndConvBlock_forward/max,scalar,0.8653720617294312
55,1745221224.416374,Train/activations/ResidualBlockbottle1_2ndConvBlock_forward/max,scalar,0.7872604131698608
56,1745222085.925819,Train/activations/ResidualBlockbottle1_2ndConvBlock_forward/max,scalar,0.7557514905929565
57,1745222948.9357858,Train/activations/ResidualBlockbottle1_2ndConvBlock_forward/max,scalar,0.6562522649765015
58,1745223809.5809731,Train/activations/ResidualBlockbottle1_2ndConvBlock_forward/max,scalar,0.7500479817390442
59,1745224668.3070898,Train/activations/ResidualBlockbottle1_2ndConvBlock_forward/max,scalar,0.9680460095405579
60,1745225543.6917715,Train/activations/ResidualBlockbottle1_2ndConvBlock_forward/max,scalar,0.8559675216674805
61,1745226401.9327652,Train/activations/ResidualBlockbottle1_2ndConvBlock_forward/max,scalar,0.775534987449646
62,1745227259.59201,Train/activations/ResidualBlockbottle1_2ndConvBlock_forward/max,scalar,0.6648515462875366
0,1745171235.4810443,Train/activations/ResidualBlockbottle1_2ndConvBlock_forward/min,scalar,-10.962301254272461
1,1745172296.8736422,Train/activations/ResidualBlockbottle1_2ndConvBlock_forward/min,scalar,-12.038416862487793
2,1745173338.1234658,Train/activations/ResidualBlockbottle1_2ndConvBlock_forward/min,scalar,-33.65028762817383
3,1745174233.1224825,Train/activations/ResidualBlockbottle1_2ndConvBlock_forward/min,scalar,-11.59379768371582
4,1745175273.5615346,Train/activations/ResidualBlockbottle1_2ndConvBlock_forward/min,scalar,-23.052919387817383
5,1745176165.8128376,Train/activations/ResidualBlockbottle1_2ndConvBlock_forward/min,scalar,-22.3178768157959
6,1745177057.4330719,Train/activations/ResidualBlockbottle1_2ndConvBlock_forward/min,scalar,-20.621917724609375
7,1745178097.8359146,Train/activations/ResidualBlockbottle1_2ndConvBlock_forward/min,scalar,-11.0322847366333
8,1745179142.5096326,Train/activations/ResidualBlockbottle1_2ndConvBlock_forward/min,scalar,-9.9843111038208
9,1745180055.599761,Train/activations/ResidualBlockbottle1_2ndConvBlock_forward/min,scalar,-8.369805335998535
10,1745181105.8420277,Train/activations/ResidualBlockbottle1_2ndConvBlock_forward/min,scalar,-5.131918430328369
11,1745182002.4377706,Train/activations/ResidualBlockbottle1_2ndConvBlock_forward/min,scalar,-5.945247173309326
12,1745182902.5477357,Train/activations/ResidualBlockbottle1_2ndConvBlock_forward/min,scalar,-5.462462902069092
13,1745183792.1575751,Train/activations/ResidualBlockbottle1_2ndConvBlock_forward/min,scalar,-6.522121429443359
14,1745184693.3259854,Train/activations/ResidualBlockbottle1_2ndConvBlock_forward/min,scalar,-4.187350273132324
15,1745185595.5015173,Train/activations/ResidualBlockbottle1_2ndConvBlock_forward/min,scalar,-3.837441921234131
16,1745186496.7668388,Train/activations/ResidualBlockbottle1_2ndConvBlock_forward/min,scalar,-3.0764718055725098
17,1745187405.253613,Train/activations/ResidualBlockbottle1_2ndConvBlock_forward/min,scalar,-3.1474268436431885
18,1745188306.3022704,Train/activations/ResidualBlockbottle1_2ndConvBlock_forward/min,scalar,-4.674622535705566
19,1745189207.7239153,Train/activations/ResidualBlockbottle1_2ndConvBlock_forward/min,scalar,-2.1999402046203613
20,1745190256.0623374,Train/activations/ResidualBlockbottle1_2ndConvBlock_forward/min,scalar,-1.5280286073684692
21,1745191170.6563854,Train/activations/ResidualBlockbottle1_2ndConvBlock_forward/min,scalar,-1.337083101272583
22,1745192071.8665438,Train/activations/ResidualBlockbottle1_2ndConvBlock_forward/min,scalar,-1.9101476669311523
23,1745192964.2077072,Train/activations/ResidualBlockbottle1_2ndConvBlock_forward/min,scalar,-1.2230280637741089
24,1745193856.0783012,Train/activations/ResidualBlockbottle1_2ndConvBlock_forward/min,scalar,-1.056549310684204
25,1745194746.13101,Train/activations/ResidualBlockbottle1_2ndConvBlock_forward/min,scalar,-0.983688473701477
26,1745195628.7243564,Train/activations/ResidualBlockbottle1_2ndConvBlock_forward/min,scalar,-0.9174202084541321
27,1745196516.420716,Train/activations/ResidualBlockbottle1_2ndConvBlock_forward/min,scalar,-0.9463251233100891
28,1745197400.567018,Train/activations/ResidualBlockbottle1_2ndConvBlock_forward/min,scalar,-1.032667875289917
29,1745198281.634147,Train/activations/ResidualBlockbottle1_2ndConvBlock_forward/min,scalar,-0.957126796245575
30,1745199160.7693346,Train/activations/ResidualBlockbottle1_2ndConvBlock_forward/min,scalar,-1.0506317615509033
31,1745200038.8838158,Train/activations/ResidualBlockbottle1_2ndConvBlock_forward/min,scalar,-1.1177586317062378
32,1745200913.143445,Train/activations/ResidualBlockbottle1_2ndConvBlock_forward/min,scalar,-0.7964268326759338
33,1745201943.3742862,Train/activations/ResidualBlockbottle1_2ndConvBlock_forward/min,scalar,-0.8255655169487
34,1745202839.4087813,Train/activations/ResidualBlockbottle1_2ndConvBlock_forward/min,scalar,-0.8809298276901245
35,1745203720.3597605,Train/activations/ResidualBlockbottle1_2ndConvBlock_forward/min,scalar,-0.8309490084648132
36,1745204589.3960202,Train/activations/ResidualBlockbottle1_2ndConvBlock_forward/min,scalar,-0.6805213689804077
37,1745205607.4813752,Train/activations/ResidualBlockbottle1_2ndConvBlock_forward/min,scalar,-1.144799828529358
38,1745206470.4243846,Train/activations/ResidualBlockbottle1_2ndConvBlock_forward/min,scalar,-1.1079034805297852
39,1745207343.5239198,Train/activations/ResidualBlockbottle1_2ndConvBlock_forward/min,scalar,-0.7901425957679749
40,1745208209.3903031,Train/activations/ResidualBlockbottle1_2ndConvBlock_forward/min,scalar,-0.7875479459762573
41,1745209076.1044369,Train/activations/ResidualBlockbottle1_2ndConvBlock_forward/min,scalar,-0.9281513094902039
42,1745209942.7895777,Train/activations/ResidualBlockbottle1_2ndConvBlock_forward/min,scalar,-0.9880993962287903
43,1745210815.569717,Train/activations/ResidualBlockbottle1_2ndConvBlock_forward/min,scalar,-0.8869221806526184
44,1745211689.2010877,Train/activations/ResidualBlockbottle1_2ndConvBlock_forward/min,scalar,-0.8365195393562317
45,1745212555.3007364,Train/activations/ResidualBlockbottle1_2ndConvBlock_forward/min,scalar,-0.8000239133834839
46,1745213417.394968,Train/activations/ResidualBlockbottle1_2ndConvBlock_forward/min,scalar,-0.9088211059570312
47,1745214282.5878708,Train/activations/ResidualBlockbottle1_2ndConvBlock_forward/min,scalar,-1.3166202306747437
48,1745215148.160108,Train/activations/ResidualBlockbottle1_2ndConvBlock_forward/min,scalar,-0.9347268342971802
49,1745216019.7711694,Train/activations/ResidualBlockbottle1_2ndConvBlock_forward/min,scalar,-0.9380409121513367
50,1745216894.144418,Train/activations/ResidualBlockbottle1_2ndConvBlock_forward/min,scalar,-0.8418362736701965
51,1745217756.7010074,Train/activations/ResidualBlockbottle1_2ndConvBlock_forward/min,scalar,-0.6654080152511597
52,1745218620.682211,Train/activations/ResidualBlockbottle1_2ndConvBlock_forward/min,scalar,-0.7855292558670044
53,1745219494.403488,Train/activations/ResidualBlockbottle1_2ndConvBlock_forward/min,scalar,-0.8501165509223938
54,1745220361.1689093,Train/activations/ResidualBlockbottle1_2ndConvBlock_forward/min,scalar,-0.7528809309005737
55,1745221224.4171093,Train/activations/ResidualBlockbottle1_2ndConvBlock_forward/min,scalar,-0.62126624584198
56,1745222085.9263313,Train/activations/ResidualBlockbottle1_2ndConvBlock_forward/min,scalar,-0.6774526834487915
57,1745222948.9384534,Train/activations/ResidualBlockbottle1_2ndConvBlock_forward/min,scalar,-0.5969675779342651
58,1745223809.581315,Train/activations/ResidualBlockbottle1_2ndConvBlock_forward/min,scalar,-0.6050534248352051
59,1745224668.307463,Train/activations/ResidualBlockbottle1_2ndConvBlock_forward/min,scalar,-0.8381067514419556
60,1745225543.6921294,Train/activations/ResidualBlockbottle1_2ndConvBlock_forward/min,scalar,-0.8010274171829224
61,1745226401.9331481,Train/activations/ResidualBlockbottle1_2ndConvBlock_forward/min,scalar,-0.6913992166519165
62,1745227259.592407,Train/activations/ResidualBlockbottle1_2ndConvBlock_forward/min,scalar,-0.4869635999202728
0,1745171235.4814675,Train/activations/ResidualBlockbottle2_1stConvBlock_forward/mean,scalar,-0.34096530079841614
1,1745172296.874137,Train/activations/ResidualBlockbottle2_1stConvBlock_forward/mean,scalar,-0.7013849020004272
2,1745173338.1239564,Train/activations/ResidualBlockbottle2_1stConvBlock_forward/mean,scalar,-0.7009180188179016
3,1745174233.1228185,Train/activations/ResidualBlockbottle2_1stConvBlock_forward/mean,scalar,-0.6618115305900574
4,1745175273.5619419,Train/activations/ResidualBlockbottle2_1stConvBlock_forward/mean,scalar,-0.9570391774177551
5,1745176165.8132925,Train/activations/ResidualBlockbottle2_1stConvBlock_forward/mean,scalar,-0.6852627992630005
6,1745177057.433423,Train/activations/ResidualBlockbottle2_1stConvBlock_forward/mean,scalar,-0.42476606369018555
7,1745178097.8362904,Train/activations/ResidualBlockbottle2_1stConvBlock_forward/mean,scalar,-0.6859809160232544
8,1745179142.5102253,Train/activations/ResidualBlockbottle2_1stConvBlock_forward/mean,scalar,-0.6777088046073914
9,1745180055.6024835,Train/activations/ResidualBlockbottle2_1stConvBlock_forward/mean,scalar,-0.4071684777736664
10,1745181105.8423965,Train/activations/ResidualBlockbottle2_1stConvBlock_forward/mean,scalar,-0.20916879177093506
11,1745182002.4381192,Train/activations/ResidualBlockbottle2_1stConvBlock_forward/mean,scalar,-0.3870261311531067
12,1745182902.5481122,Train/activations/ResidualBlockbottle2_1stConvBlock_forward/mean,scalar,-0.3753081262111664
13,1745183792.158112,Train/activations/ResidualBlockbottle2_1stConvBlock_forward/mean,scalar,-0.5720207095146179
14,1745184693.3266304,Train/activations/ResidualBlockbottle2_1stConvBlock_forward/mean,scalar,-0.3155548572540283
15,1745185595.501895,Train/activations/ResidualBlockbottle2_1stConvBlock_forward/mean,scalar,-0.3184308111667633
16,1745186496.7712185,Train/activations/ResidualBlockbottle2_1stConvBlock_forward/mean,scalar,-0.20732903480529785
17,1745187405.2539892,Train/activations/ResidualBlockbottle2_1stConvBlock_forward/mean,scalar,-0.2641673982143402
18,1745188306.3027003,Train/activations/ResidualBlockbottle2_1stConvBlock_forward/mean,scalar,0.16351820528507233
19,1745189207.7243738,Train/activations/ResidualBlockbottle2_1stConvBlock_forward/mean,scalar,-0.10008382797241211
20,1745190256.0633607,Train/activations/ResidualBlockbottle2_1stConvBlock_forward/mean,scalar,-0.06165052577853203
21,1745191170.6568744,Train/activations/ResidualBlockbottle2_1stConvBlock_forward/mean,scalar,-0.07456006109714508
22,1745192071.8669174,Train/activations/ResidualBlockbottle2_1stConvBlock_forward/mean,scalar,-0.07609269767999649
23,1745192964.208075,Train/activations/ResidualBlockbottle2_1stConvBlock_forward/mean,scalar,-0.08840136229991913
24,1745193856.0786629,Train/activations/ResidualBlockbottle2_1stConvBlock_forward/mean,scalar,-0.03952338546514511
25,1745194746.1313722,Train/activations/ResidualBlockbottle2_1stConvBlock_forward/mean,scalar,-0.03133886307477951
26,1745195628.7247787,Train/activations/ResidualBlockbottle2_1stConvBlock_forward/mean,scalar,-0.013176297768950462
27,1745196516.4210823,Train/activations/ResidualBlockbottle2_1stConvBlock_forward/mean,scalar,-0.010935166850686073
28,1745197400.5673838,Train/activations/ResidualBlockbottle2_1stConvBlock_forward/mean,scalar,-0.003195415483787656
29,1745198281.6345155,Train/activations/ResidualBlockbottle2_1stConvBlock_forward/mean,scalar,-0.00043415147229097784
30,1745199160.7697062,Train/activations/ResidualBlockbottle2_1stConvBlock_forward/mean,scalar,0.0001965295523405075
31,1745200038.8842208,Train/activations/ResidualBlockbottle2_1stConvBlock_forward/mean,scalar,-0.0003670831792987883
32,1745200913.1442924,Train/activations/ResidualBlockbottle2_1stConvBlock_forward/mean,scalar,-0.00023762776982039213
33,1745201943.3746388,Train/activations/ResidualBlockbottle2_1stConvBlock_forward/mean,scalar,-8.606961637269706e-05
34,1745202839.4092298,Train/activations/ResidualBlockbottle2_1stConvBlock_forward/mean,scalar,-0.0003360666160006076
35,1745203720.3601975,Train/activations/ResidualBlockbottle2_1stConvBlock_forward/mean,scalar,-0.0006620989879593253
36,1745204589.3964562,Train/activations/ResidualBlockbottle2_1stConvBlock_forward/mean,scalar,-0.0004472432774491608
37,1745205607.4817498,Train/activations/ResidualBlockbottle2_1stConvBlock_forward/mean,scalar,-0.0009203407098539174
38,1745206470.4247844,Train/activations/ResidualBlockbottle2_1stConvBlock_forward/mean,scalar,-0.0008633746765553951
39,1745207343.524347,Train/activations/ResidualBlockbottle2_1stConvBlock_forward/mean,scalar,-0.0008671396644786
40,1745208209.3911176,Train/activations/ResidualBlockbottle2_1stConvBlock_forward/mean,scalar,-0.0009759896202012897
41,1745209076.1061678,Train/activations/ResidualBlockbottle2_1stConvBlock_forward/mean,scalar,-0.000984208658337593
42,1745209942.7902715,Train/activations/ResidualBlockbottle2_1stConvBlock_forward/mean,scalar,-0.0008873773622326553
43,1745210815.5701995,Train/activations/ResidualBlockbottle2_1stConvBlock_forward/mean,scalar,-0.0011899087112396955
44,1745211689.2029068,Train/activations/ResidualBlockbottle2_1stConvBlock_forward/mean,scalar,-0.001121668377891183
45,1745212555.301175,Train/activations/ResidualBlockbottle2_1stConvBlock_forward/mean,scalar,-0.001026142155751586
46,1745213417.395804,Train/activations/ResidualBlockbottle2_1stConvBlock_forward/mean,scalar,-0.0010758239077404141
47,1745214282.5882554,Train/activations/ResidualBlockbottle2_1stConvBlock_forward/mean,scalar,-0.0009851616341620684
48,1745215148.1647906,Train/activations/ResidualBlockbottle2_1stConvBlock_forward/mean,scalar,-0.0011017720680683851
49,1745216019.7724192,Train/activations/ResidualBlockbottle2_1stConvBlock_forward/mean,scalar,-0.0010701274732127786
50,1745216894.169892,Train/activations/ResidualBlockbottle2_1stConvBlock_forward/mean,scalar,-0.001220340491272509
51,1745217756.7016773,Train/activations/ResidualBlockbottle2_1stConvBlock_forward/mean,scalar,-0.0014010056620463729
52,1745218620.6826158,Train/activations/ResidualBlockbottle2_1stConvBlock_forward/mean,scalar,-0.001592885353602469
53,1745219494.4039464,Train/activations/ResidualBlockbottle2_1stConvBlock_forward/mean,scalar,-0.001286927959881723
54,1745220361.169327,Train/activations/ResidualBlockbottle2_1stConvBlock_forward/mean,scalar,-0.0011903278063982725
55,1745221224.418702,Train/activations/ResidualBlockbottle2_1stConvBlock_forward/mean,scalar,-0.0014336257008835673
56,1745222085.9271653,Train/activations/ResidualBlockbottle2_1stConvBlock_forward/mean,scalar,-0.0013908121036365628
57,1745222948.9414742,Train/activations/ResidualBlockbottle2_1stConvBlock_forward/mean,scalar,-0.0014046105789020658
58,1745223809.5818,Train/activations/ResidualBlockbottle2_1stConvBlock_forward/mean,scalar,-0.0012094320263713598
59,1745224668.3078353,Train/activations/ResidualBlockbottle2_1stConvBlock_forward/mean,scalar,-0.0012348646996542811
60,1745225543.6925242,Train/activations/ResidualBlockbottle2_1stConvBlock_forward/mean,scalar,-0.0012180658522993326
61,1745226401.933494,Train/activations/ResidualBlockbottle2_1stConvBlock_forward/mean,scalar,-0.0013651178451254964
62,1745227259.5927987,Train/activations/ResidualBlockbottle2_1stConvBlock_forward/mean,scalar,-0.0010143826948478818
0,1745171235.4820035,Train/activations/ResidualBlockbottle2_1stConvBlock_forward/std,scalar,1.6575292348861694
1,1745172296.8746843,Train/activations/ResidualBlockbottle2_1stConvBlock_forward/std,scalar,1.7458232641220093
2,1745173338.124413,Train/activations/ResidualBlockbottle2_1stConvBlock_forward/std,scalar,2.3856639862060547
3,1745174233.1232893,Train/activations/ResidualBlockbottle2_1stConvBlock_forward/std,scalar,1.957291603088379
4,1745175273.5623193,Train/activations/ResidualBlockbottle2_1stConvBlock_forward/std,scalar,1.990631103515625
5,1745176165.813693,Train/activations/ResidualBlockbottle2_1stConvBlock_forward/std,scalar,2.2455086708068848
6,1745177057.4337716,Train/activations/ResidualBlockbottle2_1stConvBlock_forward/std,scalar,2.3335120677948
7,1745178097.8366432,Train/activations/ResidualBlockbottle2_1stConvBlock_forward/std,scalar,2.038923978805542
8,1745179142.5107317,Train/activations/ResidualBlockbottle2_1stConvBlock_forward/std,scalar,1.7037990093231201
9,1745180055.6080873,Train/activations/ResidualBlockbottle2_1stConvBlock_forward/std,scalar,1.3799526691436768
10,1745181105.842746,Train/activations/ResidualBlockbottle2_1stConvBlock_forward/std,scalar,1.2547687292099
11,1745182002.4384537,Train/activations/ResidualBlockbottle2_1stConvBlock_forward/std,scalar,1.5602128505706787
12,1745182902.548445,Train/activations/ResidualBlockbottle2_1stConvBlock_forward/std,scalar,1.4007539749145508
13,1745183792.15846,Train/activations/ResidualBlockbottle2_1stConvBlock_forward/std,scalar,1.7641032934188843
14,1745184693.3270473,Train/activations/ResidualBlockbottle2_1stConvBlock_forward/std,scalar,1.1273618936538696
15,1745185595.5022712,Train/activations/ResidualBlockbottle2_1stConvBlock_forward/std,scalar,1.0098545551300049
16,1745186496.7718043,Train/activations/ResidualBlockbottle2_1stConvBlock_forward/std,scalar,0.711064875125885
17,1745187405.2543306,Train/activations/ResidualBlockbottle2_1stConvBlock_forward/std,scalar,0.7151259183883667
18,1745188306.3031716,Train/activations/ResidualBlockbottle2_1stConvBlock_forward/std,scalar,0.9059889912605286
19,1745189207.724829,Train/activations/ResidualBlockbottle2_1stConvBlock_forward/std,scalar,0.37452465295791626
20,1745190256.0638382,Train/activations/ResidualBlockbottle2_1stConvBlock_forward/std,scalar,0.358989417552948
21,1745191170.6573539,Train/activations/ResidualBlockbottle2_1stConvBlock_forward/std,scalar,0.2647021412849426
22,1745192071.8672843,Train/activations/ResidualBlockbottle2_1stConvBlock_forward/std,scalar,0.22909963130950928
23,1745192964.2084322,Train/activations/ResidualBlockbottle2_1stConvBlock_forward/std,scalar,0.16691799461841583
24,1745193856.0790155,Train/activations/ResidualBlockbottle2_1stConvBlock_forward/std,scalar,0.10158803313970566
25,1745194746.1317396,Train/activations/ResidualBlockbottle2_1stConvBlock_forward/std,scalar,0.06754636019468307
26,1745195628.7251756,Train/activations/ResidualBlockbottle2_1stConvBlock_forward/std,scalar,0.05976303666830063
27,1745196516.4215248,Train/activations/ResidualBlockbottle2_1stConvBlock_forward/std,scalar,0.05490337684750557
28,1745197400.5677576,Train/activations/ResidualBlockbottle2_1stConvBlock_forward/std,scalar,0.04365479573607445
29,1745198281.634918,Train/activations/ResidualBlockbottle2_1stConvBlock_forward/std,scalar,0.036194123327732086
30,1745199160.7701025,Train/activations/ResidualBlockbottle2_1stConvBlock_forward/std,scalar,0.03383346647024155
31,1745200038.884643,Train/activations/ResidualBlockbottle2_1stConvBlock_forward/std,scalar,0.03225073218345642
32,1745200913.144777,Train/activations/ResidualBlockbottle2_1stConvBlock_forward/std,scalar,0.028873424977064133
33,1745201943.3750055,Train/activations/ResidualBlockbottle2_1stConvBlock_forward/std,scalar,0.028169337660074234
34,1745202839.409619,Train/activations/ResidualBlockbottle2_1stConvBlock_forward/std,scalar,0.0278179794549942
35,1745203720.361753,Train/activations/ResidualBlockbottle2_1stConvBlock_forward/std,scalar,0.02674080803990364
36,1745204589.396821,Train/activations/ResidualBlockbottle2_1stConvBlock_forward/std,scalar,0.025960322469472885
37,1745205607.482107,Train/activations/ResidualBlockbottle2_1stConvBlock_forward/std,scalar,0.024709485471248627
38,1745206470.4272532,Train/activations/ResidualBlockbottle2_1stConvBlock_forward/std,scalar,0.02423863112926483
39,1745207343.524775,Train/activations/ResidualBlockbottle2_1stConvBlock_forward/std,scalar,0.024577448144555092
40,1745208209.3927495,Train/activations/ResidualBlockbottle2_1stConvBlock_forward/std,scalar,0.023038988932967186
41,1745209076.1066144,Train/activations/ResidualBlockbottle2_1stConvBlock_forward/std,scalar,0.02320217527449131
42,1745209942.7911432,Train/activations/ResidualBlockbottle2_1stConvBlock_forward/std,scalar,0.022424496710300446
43,1745210815.5708363,Train/activations/ResidualBlockbottle2_1stConvBlock_forward/std,scalar,0.02203713357448578
44,1745211689.2033284,Train/activations/ResidualBlockbottle2_1stConvBlock_forward/std,scalar,0.020334016531705856
45,1745212555.3019707,Train/activations/ResidualBlockbottle2_1stConvBlock_forward/std,scalar,0.02022346295416355
46,1745213417.3962462,Train/activations/ResidualBlockbottle2_1stConvBlock_forward/std,scalar,0.020323602482676506
47,1745214282.5887017,Train/activations/ResidualBlockbottle2_1stConvBlock_forward/std,scalar,0.019191008061170578
48,1745215148.1668653,Train/activations/ResidualBlockbottle2_1stConvBlock_forward/std,scalar,0.019531190395355225
49,1745216019.7738905,Train/activations/ResidualBlockbottle2_1stConvBlock_forward/std,scalar,0.01951170340180397
50,1745216894.1946154,Train/activations/ResidualBlockbottle2_1stConvBlock_forward/std,scalar,0.019756585359573364
51,1745217756.7021227,Train/activations/ResidualBlockbottle2_1stConvBlock_forward/std,scalar,0.01963200606405735
52,1745218620.6830347,Train/activations/ResidualBlockbottle2_1stConvBlock_forward/std,scalar,0.018408745527267456
53,1745219494.4044285,Train/activations/ResidualBlockbottle2_1stConvBlock_forward/std,scalar,0.018048198893666267
54,1745220361.1704164,Train/activations/ResidualBlockbottle2_1stConvBlock_forward/std,scalar,0.018414758145809174
55,1745221224.4194784,Train/activations/ResidualBlockbottle2_1stConvBlock_forward/std,scalar,0.01792176626622677
56,1745222085.9279711,Train/activations/ResidualBlockbottle2_1stConvBlock_forward/std,scalar,0.017193999141454697
57,1745222948.9427838,Train/activations/ResidualBlockbottle2_1stConvBlock_forward/std,scalar,0.01735839433968067
58,1745223809.5821779,Train/activations/ResidualBlockbottle2_1stConvBlock_forward/std,scalar,0.016514021903276443
59,1745224668.3081982,Train/activations/ResidualBlockbottle2_1stConvBlock_forward/std,scalar,0.015871625393629074
60,1745225543.6928766,Train/activations/ResidualBlockbottle2_1stConvBlock_forward/std,scalar,0.015410077758133411
61,1745226401.9339,Train/activations/ResidualBlockbottle2_1stConvBlock_forward/std,scalar,0.016098005697131157
62,1745227259.593208,Train/activations/ResidualBlockbottle2_1stConvBlock_forward/std,scalar,0.015668826177716255
0,1745171235.4825604,Train/activations/ResidualBlockbottle2_1stConvBlock_forward/max,scalar,20.496105194091797
1,1745172296.875143,Train/activations/ResidualBlockbottle2_1stConvBlock_forward/max,scalar,13.535469055175781
2,1745173338.1248732,Train/activations/ResidualBlockbottle2_1stConvBlock_forward/max,scalar,107.63148498535156
3,1745174233.1236525,Train/activations/ResidualBlockbottle2_1stConvBlock_forward/max,scalar,47.691001892089844
4,1745175273.5627022,Train/activations/ResidualBlockbottle2_1stConvBlock_forward/max,scalar,20.09499740600586
5,1745176165.8141217,Train/activations/ResidualBlockbottle2_1stConvBlock_forward/max,scalar,67.01631164550781
6,1745177057.4341314,Train/activations/ResidualBlockbottle2_1stConvBlock_forward/max,scalar,16.246234893798828
7,1745178097.8370245,Train/activations/ResidualBlockbottle2_1stConvBlock_forward/max,scalar,12.436925888061523
8,1745179142.5112486,Train/activations/ResidualBlockbottle2_1stConvBlock_forward/max,scalar,11.4319429397583
9,1745180055.6140666,Train/activations/ResidualBlockbottle2_1stConvBlock_forward/max,scalar,16.659250259399414
10,1745181105.8431134,Train/activations/ResidualBlockbottle2_1stConvBlock_forward/max,scalar,5.987659931182861
11,1745182002.4388301,Train/activations/ResidualBlockbottle2_1stConvBlock_forward/max,scalar,11.092719078063965
12,1745182902.5487885,Train/activations/ResidualBlockbottle2_1stConvBlock_forward/max,scalar,8.76041316986084
13,1745183792.1592872,Train/activations/ResidualBlockbottle2_1stConvBlock_forward/max,scalar,14.192230224609375
14,1745184693.3274276,Train/activations/ResidualBlockbottle2_1stConvBlock_forward/max,scalar,7.039339542388916
15,1745185595.5026345,Train/activations/ResidualBlockbottle2_1stConvBlock_forward/max,scalar,8.642023086547852
16,1745186496.772614,Train/activations/ResidualBlockbottle2_1stConvBlock_forward/max,scalar,6.678814888000488
17,1745187405.2546763,Train/activations/ResidualBlockbottle2_1stConvBlock_forward/max,scalar,6.089269161224365
18,1745188306.3036764,Train/activations/ResidualBlockbottle2_1stConvBlock_forward/max,scalar,4.793585777282715
19,1745189207.7251728,Train/activations/ResidualBlockbottle2_1stConvBlock_forward/max,scalar,4.990036964416504
20,1745190256.0642316,Train/activations/ResidualBlockbottle2_1stConvBlock_forward/max,scalar,3.239733934402466
21,1745191170.657752,Train/activations/ResidualBlockbottle2_1stConvBlock_forward/max,scalar,3.6151795387268066
22,1745192071.8676727,Train/activations/ResidualBlockbottle2_1stConvBlock_forward/max,scalar,4.751184463500977
23,1745192964.2088275,Train/activations/ResidualBlockbottle2_1stConvBlock_forward/max,scalar,3.542832136154175
24,1745193856.079368,Train/activations/ResidualBlockbottle2_1stConvBlock_forward/max,scalar,3.2827811241149902
25,1745194746.1321392,Train/activations/ResidualBlockbottle2_1stConvBlock_forward/max,scalar,2.759150505065918
26,1745195628.7256386,Train/activations/ResidualBlockbottle2_1stConvBlock_forward/max,scalar,2.4703941345214844
27,1745196516.4220166,Train/activations/ResidualBlockbottle2_1stConvBlock_forward/max,scalar,2.3378219604492188
28,1745197400.5681338,Train/activations/ResidualBlockbottle2_1stConvBlock_forward/max,scalar,2.1098709106445312
29,1745198281.6352682,Train/activations/ResidualBlockbottle2_1stConvBlock_forward/max,scalar,1.950364351272583
30,1745199160.7704656,Train/activations/ResidualBlockbottle2_1stConvBlock_forward/max,scalar,1.8231958150863647
31,1745200038.8850212,Train/activations/ResidualBlockbottle2_1stConvBlock_forward/max,scalar,1.451425313949585
32,1745200913.14525,Train/activations/ResidualBlockbottle2_1stConvBlock_forward/max,scalar,1.428360939025879
33,1745201943.375358,Train/activations/ResidualBlockbottle2_1stConvBlock_forward/max,scalar,1.3762705326080322
34,1745202839.4101708,Train/activations/ResidualBlockbottle2_1stConvBlock_forward/max,scalar,1.3977123498916626
35,1745203720.3627675,Train/activations/ResidualBlockbottle2_1stConvBlock_forward/max,scalar,1.2194932699203491
36,1745204589.3972285,Train/activations/ResidualBlockbottle2_1stConvBlock_forward/max,scalar,1.2668081521987915
37,1745205607.4824963,Train/activations/ResidualBlockbottle2_1stConvBlock_forward/max,scalar,1.3364713191986084
38,1745206470.4335644,Train/activations/ResidualBlockbottle2_1stConvBlock_forward/max,scalar,1.2341969013214111
39,1745207343.5255477,Train/activations/ResidualBlockbottle2_1stConvBlock_forward/max,scalar,1.0672701597213745
40,1745208209.3940237,Train/activations/ResidualBlockbottle2_1stConvBlock_forward/max,scalar,0.8474547266960144
41,1745209076.107114,Train/activations/ResidualBlockbottle2_1stConvBlock_forward/max,scalar,0.9885479211807251
42,1745209942.7927513,Train/activations/ResidualBlockbottle2_1stConvBlock_forward/max,scalar,0.9254814386367798
43,1745210815.5713656,Train/activations/ResidualBlockbottle2_1stConvBlock_forward/max,scalar,0.8731392025947571
44,1745211689.2038023,Train/activations/ResidualBlockbottle2_1stConvBlock_forward/max,scalar,0.7472271919250488
45,1745212555.3023767,Train/activations/ResidualBlockbottle2_1stConvBlock_forward/max,scalar,0.6837030649185181
46,1745213417.3966248,Train/activations/ResidualBlockbottle2_1stConvBlock_forward/max,scalar,0.9397282600402832
47,1745214282.5891435,Train/activations/ResidualBlockbottle2_1stConvBlock_forward/max,scalar,1.0059443712234497
48,1745215148.1725032,Train/activations/ResidualBlockbottle2_1stConvBlock_forward/max,scalar,0.7689732909202576
49,1745216019.7747726,Train/activations/ResidualBlockbottle2_1stConvBlock_forward/max,scalar,0.6677523851394653
50,1745216894.2166662,Train/activations/ResidualBlockbottle2_1stConvBlock_forward/max,scalar,0.691063642501831
51,1745217756.7029643,Train/activations/ResidualBlockbottle2_1stConvBlock_forward/max,scalar,0.6016034483909607
52,1745218620.6834836,Train/activations/ResidualBlockbottle2_1stConvBlock_forward/max,scalar,0.50958651304245
53,1745219494.4049187,Train/activations/ResidualBlockbottle2_1stConvBlock_forward/max,scalar,0.5560030341148376
54,1745220361.1724038,Train/activations/ResidualBlockbottle2_1stConvBlock_forward/max,scalar,0.6106195449829102
55,1745221224.4199386,Train/activations/ResidualBlockbottle2_1stConvBlock_forward/max,scalar,0.5029737949371338
56,1745222085.928454,Train/activations/ResidualBlockbottle2_1stConvBlock_forward/max,scalar,0.45013827085494995
57,1745222948.9437168,Train/activations/ResidualBlockbottle2_1stConvBlock_forward/max,scalar,0.47731509804725647
58,1745223809.582583,Train/activations/ResidualBlockbottle2_1stConvBlock_forward/max,scalar,0.47961363196372986
59,1745224668.3085399,Train/activations/ResidualBlockbottle2_1stConvBlock_forward/max,scalar,0.473418653011322
60,1745225543.6932378,Train/activations/ResidualBlockbottle2_1stConvBlock_forward/max,scalar,0.5217440724372864
61,1745226401.9342794,Train/activations/ResidualBlockbottle2_1stConvBlock_forward/max,scalar,0.5155296921730042
62,1745227259.5936208,Train/activations/ResidualBlockbottle2_1stConvBlock_forward/max,scalar,0.4809427261352539
0,1745171235.483723,Train/activations/ResidualBlockbottle2_1stConvBlock_forward/min,scalar,-10.617790222167969
1,1745172296.8755178,Train/activations/ResidualBlockbottle2_1stConvBlock_forward/min,scalar,-12.455875396728516
2,1745173338.125313,Train/activations/ResidualBlockbottle2_1stConvBlock_forward/min,scalar,-70.31684875488281
3,1745174233.1241605,Train/activations/ResidualBlockbottle2_1stConvBlock_forward/min,scalar,-36.48802185058594
4,1745175273.5630825,Train/activations/ResidualBlockbottle2_1stConvBlock_forward/min,scalar,-25.120471954345703
5,1745176165.8146062,Train/activations/ResidualBlockbottle2_1stConvBlock_forward/min,scalar,-74.2164306640625
6,1745177057.4344978,Train/activations/ResidualBlockbottle2_1stConvBlock_forward/min,scalar,-15.641130447387695
7,1745178097.8377395,Train/activations/ResidualBlockbottle2_1stConvBlock_forward/min,scalar,-14.937261581420898
8,1745179142.5117238,Train/activations/ResidualBlockbottle2_1stConvBlock_forward/min,scalar,-8.151922225952148
9,1745180055.6156394,Train/activations/ResidualBlockbottle2_1stConvBlock_forward/min,scalar,-13.28436279296875
10,1745181105.8435566,Train/activations/ResidualBlockbottle2_1stConvBlock_forward/min,scalar,-14.326875686645508
11,1745182002.4391797,Train/activations/ResidualBlockbottle2_1stConvBlock_forward/min,scalar,-9.605461120605469
12,1745182902.5491827,Train/activations/ResidualBlockbottle2_1stConvBlock_forward/min,scalar,-11.705859184265137
13,1745183792.1596828,Train/activations/ResidualBlockbottle2_1stConvBlock_forward/min,scalar,-15.723701477050781
14,1745184693.327875,Train/activations/ResidualBlockbottle2_1stConvBlock_forward/min,scalar,-14.69959545135498
15,1745185595.5029879,Train/activations/ResidualBlockbottle2_1stConvBlock_forward/min,scalar,-5.919617176055908
16,1745186496.7730775,Train/activations/ResidualBlockbottle2_1stConvBlock_forward/min,scalar,-4.7277302742004395
17,1745187405.2551048,Train/activations/ResidualBlockbottle2_1stConvBlock_forward/min,scalar,-5.981307506561279
18,1745188306.3040369,Train/activations/ResidualBlockbottle2_1stConvBlock_forward/min,scalar,-7.943428993225098
19,1745189207.7255685,Train/activations/ResidualBlockbottle2_1stConvBlock_forward/min,scalar,-3.0556702613830566
20,1745190256.0646,Train/activations/ResidualBlockbottle2_1stConvBlock_forward/min,scalar,-3.9714126586914062
21,1745191170.6582274,Train/activations/ResidualBlockbottle2_1stConvBlock_forward/min,scalar,-2.0349135398864746
22,1745192071.8680315,Train/activations/ResidualBlockbottle2_1stConvBlock_forward/min,scalar,-1.8460384607315063
23,1745192964.209185,Train/activations/ResidualBlockbottle2_1stConvBlock_forward/min,scalar,-1.5467946529388428
24,1745193856.0797338,Train/activations/ResidualBlockbottle2_1stConvBlock_forward/min,scalar,-1.2840758562088013
25,1745194746.1325083,Train/activations/ResidualBlockbottle2_1stConvBlock_forward/min,scalar,-1.0662332773208618
26,1745195628.7260041,Train/activations/ResidualBlockbottle2_1stConvBlock_forward/min,scalar,-1.1161472797393799
27,1745196516.422385,Train/activations/ResidualBlockbottle2_1stConvBlock_forward/min,scalar,-1.1290218830108643
28,1745197400.5684977,Train/activations/ResidualBlockbottle2_1stConvBlock_forward/min,scalar,-1.138616681098938
29,1745198281.635613,Train/activations/ResidualBlockbottle2_1stConvBlock_forward/min,scalar,-0.8130769729614258
30,1745199160.7708416,Train/activations/ResidualBlockbottle2_1stConvBlock_forward/min,scalar,-0.8544305562973022
31,1745200038.8854196,Train/activations/ResidualBlockbottle2_1stConvBlock_forward/min,scalar,-0.8289302587509155
32,1745200913.1456878,Train/activations/ResidualBlockbottle2_1stConvBlock_forward/min,scalar,-0.7496348023414612
33,1745201943.3757188,Train/activations/ResidualBlockbottle2_1stConvBlock_forward/min,scalar,-0.7340816259384155
34,1745202839.4105327,Train/activations/ResidualBlockbottle2_1stConvBlock_forward/min,scalar,-0.8189010620117188
35,1745203720.363475,Train/activations/ResidualBlockbottle2_1stConvBlock_forward/min,scalar,-0.8327541351318359
36,1745204589.3976274,Train/activations/ResidualBlockbottle2_1stConvBlock_forward/min,scalar,-0.8431352376937866
37,1745205607.4828978,Train/activations/ResidualBlockbottle2_1stConvBlock_forward/min,scalar,-0.9558831453323364
38,1745206470.4340425,Train/activations/ResidualBlockbottle2_1stConvBlock_forward/min,scalar,-1.0161315202713013
39,1745207343.5277665,Train/activations/ResidualBlockbottle2_1stConvBlock_forward/min,scalar,-0.7343347668647766
40,1745208209.3950481,Train/activations/ResidualBlockbottle2_1stConvBlock_forward/min,scalar,-0.8174227476119995
41,1745209076.109973,Train/activations/ResidualBlockbottle2_1stConvBlock_forward/min,scalar,-0.94843989610672
42,1745209942.7945766,Train/activations/ResidualBlockbottle2_1stConvBlock_forward/min,scalar,-1.031248688697815
43,1745210815.5723166,Train/activations/ResidualBlockbottle2_1stConvBlock_forward/min,scalar,-0.8924552798271179
44,1745211689.2048008,Train/activations/ResidualBlockbottle2_1stConvBlock_forward/min,scalar,-0.757956862449646
45,1745212555.3028178,Train/activations/ResidualBlockbottle2_1stConvBlock_forward/min,scalar,-0.6830700039863586
46,1745213417.397088,Train/activations/ResidualBlockbottle2_1stConvBlock_forward/min,scalar,-0.9531019330024719
47,1745214282.5895436,Train/activations/ResidualBlockbottle2_1stConvBlock_forward/min,scalar,-1.2058558464050293
48,1745215148.1736577,Train/activations/ResidualBlockbottle2_1stConvBlock_forward/min,scalar,-0.9256259202957153
49,1745216019.7753646,Train/activations/ResidualBlockbottle2_1stConvBlock_forward/min,scalar,-0.9262644052505493
50,1745216894.2357514,Train/activations/ResidualBlockbottle2_1stConvBlock_forward/min,scalar,-1.0116852521896362
51,1745217756.7047153,Train/activations/ResidualBlockbottle2_1stConvBlock_forward/min,scalar,-0.7810746431350708
52,1745218620.6838624,Train/activations/ResidualBlockbottle2_1stConvBlock_forward/min,scalar,-0.8346809148788452
53,1745219494.4054375,Train/activations/ResidualBlockbottle2_1stConvBlock_forward/min,scalar,-0.9877768754959106
54,1745220361.1727538,Train/activations/ResidualBlockbottle2_1stConvBlock_forward/min,scalar,-0.9443440437316895
55,1745221224.4203851,Train/activations/ResidualBlockbottle2_1stConvBlock_forward/min,scalar,-0.8564831018447876
56,1745222085.9288945,Train/activations/ResidualBlockbottle2_1stConvBlock_forward/min,scalar,-0.7043890357017517
57,1745222948.9447312,Train/activations/ResidualBlockbottle2_1stConvBlock_forward/min,scalar,-0.7473574280738831
58,1745223809.5829818,Train/activations/ResidualBlockbottle2_1stConvBlock_forward/min,scalar,-0.8385318517684937
59,1745224668.308903,Train/activations/ResidualBlockbottle2_1stConvBlock_forward/min,scalar,-0.9104987978935242
60,1745225543.6935987,Train/activations/ResidualBlockbottle2_1stConvBlock_forward/min,scalar,-0.9910807609558105
61,1745226401.9346106,Train/activations/ResidualBlockbottle2_1stConvBlock_forward/min,scalar,-0.8260828256607056
62,1745227259.5940144,Train/activations/ResidualBlockbottle2_1stConvBlock_forward/min,scalar,-0.8308727145195007
0,1745171235.484158,Train/activations/ResidualBlockbottle2_2ndConvBlock_forward/mean,scalar,0.18867218494415283
1,1745172296.8759496,Train/activations/ResidualBlockbottle2_2ndConvBlock_forward/mean,scalar,0.10100702196359634
2,1745173338.1258085,Train/activations/ResidualBlockbottle2_2ndConvBlock_forward/mean,scalar,-0.1692933291196823
3,1745174233.1246727,Train/activations/ResidualBlockbottle2_2ndConvBlock_forward/mean,scalar,-0.06946352869272232
4,1745175273.5635402,Train/activations/ResidualBlockbottle2_2ndConvBlock_forward/mean,scalar,-0.27856162190437317
5,1745176165.8149939,Train/activations/ResidualBlockbottle2_2ndConvBlock_forward/mean,scalar,-0.21870413422584534
6,1745177057.4348829,Train/activations/ResidualBlockbottle2_2ndConvBlock_forward/mean,scalar,0.1610438972711563
7,1745178097.8381095,Train/activations/ResidualBlockbottle2_2ndConvBlock_forward/mean,scalar,-0.014420288614928722
8,1745179142.512266,Train/activations/ResidualBlockbottle2_2ndConvBlock_forward/mean,scalar,-0.12219952046871185
9,1745180055.6167428,Train/activations/ResidualBlockbottle2_2ndConvBlock_forward/mean,scalar,-0.03042159602046013
10,1745181105.8439112,Train/activations/ResidualBlockbottle2_2ndConvBlock_forward/mean,scalar,-0.309387743473053
11,1745182002.4395218,Train/activations/ResidualBlockbottle2_2ndConvBlock_forward/mean,scalar,-0.03662969172000885
12,1745182902.549554,Train/activations/ResidualBlockbottle2_2ndConvBlock_forward/mean,scalar,-0.13709761202335358
13,1745183792.1608038,Train/activations/ResidualBlockbottle2_2ndConvBlock_forward/mean,scalar,-0.044190723448991776
14,1745184693.3283856,Train/activations/ResidualBlockbottle2_2ndConvBlock_forward/mean,scalar,-0.0921311005949974
15,1745185595.5033524,Train/activations/ResidualBlockbottle2_2ndConvBlock_forward/mean,scalar,-0.02172939106822014
16,1745186496.7737055,Train/activations/ResidualBlockbottle2_2ndConvBlock_forward/mean,scalar,-0.02669144608080387
17,1745187405.2554648,Train/activations/ResidualBlockbottle2_2ndConvBlock_forward/mean,scalar,0.054588429629802704
18,1745188306.3043754,Train/activations/ResidualBlockbottle2_2ndConvBlock_forward/mean,scalar,0.08530299365520477
19,1745189207.7259488,Train/activations/ResidualBlockbottle2_2ndConvBlock_forward/mean,scalar,-0.012476766481995583
20,1745190256.0649762,Train/activations/ResidualBlockbottle2_2ndConvBlock_forward/mean,scalar,0.01753208599984646
21,1745191170.6607127,Train/activations/ResidualBlockbottle2_2ndConvBlock_forward/mean,scalar,-0.010543547570705414
22,1745192071.8683949,Train/activations/ResidualBlockbottle2_2ndConvBlock_forward/mean,scalar,-0.013959169387817383
23,1745192964.2095432,Train/activations/ResidualBlockbottle2_2ndConvBlock_forward/mean,scalar,-0.020938551053404808
24,1745193856.0800953,Train/activations/ResidualBlockbottle2_2ndConvBlock_forward/mean,scalar,-0.008773386478424072
25,1745194746.1329877,Train/activations/ResidualBlockbottle2_2ndConvBlock_forward/mean,scalar,-0.011632007546722889
26,1745195628.7263877,Train/activations/ResidualBlockbottle2_2ndConvBlock_forward/mean,scalar,-0.011714348569512367
27,1745196516.4227653,Train/activations/ResidualBlockbottle2_2ndConvBlock_forward/mean,scalar,-0.006830805446952581
28,1745197400.5688834,Train/activations/ResidualBlockbottle2_2ndConvBlock_forward/mean,scalar,-0.0036478310357779264
29,1745198281.6360323,Train/activations/ResidualBlockbottle2_2ndConvBlock_forward/mean,scalar,-0.0025747893378138542
30,1745199160.771216,Train/activations/ResidualBlockbottle2_2ndConvBlock_forward/mean,scalar,-0.0019558731000870466
31,1745200038.8858013,Train/activations/ResidualBlockbottle2_2ndConvBlock_forward/mean,scalar,-0.0018701631342992187
32,1745200913.1461751,Train/activations/ResidualBlockbottle2_2ndConvBlock_forward/mean,scalar,-0.0016144976252689958
33,1745201943.3761184,Train/activations/ResidualBlockbottle2_2ndConvBlock_forward/mean,scalar,-0.0008454853668808937
34,1745202839.4110014,Train/activations/ResidualBlockbottle2_2ndConvBlock_forward/mean,scalar,-0.0009582059574313462
35,1745203720.3639202,Train/activations/ResidualBlockbottle2_2ndConvBlock_forward/mean,scalar,-0.00048296424211002886
36,1745204589.3980238,Train/activations/ResidualBlockbottle2_2ndConvBlock_forward/mean,scalar,-0.0009305676212534308
37,1745205607.4832773,Train/activations/ResidualBlockbottle2_2ndConvBlock_forward/mean,scalar,-0.00030335900373756886
38,1745206470.434506,Train/activations/ResidualBlockbottle2_2ndConvBlock_forward/mean,scalar,-0.0010872744023799896
39,1745207343.5304492,Train/activations/ResidualBlockbottle2_2ndConvBlock_forward/mean,scalar,-0.0003399672859814018
40,1745208209.395735,Train/activations/ResidualBlockbottle2_2ndConvBlock_forward/mean,scalar,-0.0006472988170571625
41,1745209076.1106908,Train/activations/ResidualBlockbottle2_2ndConvBlock_forward/mean,scalar,-0.0007050520507618785
42,1745209942.7968826,Train/activations/ResidualBlockbottle2_2ndConvBlock_forward/mean,scalar,-0.0002881603722926229
43,1745210815.8082585,Train/activations/ResidualBlockbottle2_2ndConvBlock_forward/mean,scalar,-0.0003216749173589051
44,1745211689.2052982,Train/activations/ResidualBlockbottle2_2ndConvBlock_forward/mean,scalar,-0.0002769532147794962
45,1745212555.3034637,Train/activations/ResidualBlockbottle2_2ndConvBlock_forward/mean,scalar,-0.0006044534966349602
46,1745213417.3981292,Train/activations/ResidualBlockbottle2_2ndConvBlock_forward/mean,scalar,-0.00017599001876078546
47,1745214282.5900006,Train/activations/ResidualBlockbottle2_2ndConvBlock_forward/mean,scalar,-0.00039673675200901926
48,1745215148.1740742,Train/activations/ResidualBlockbottle2_2ndConvBlock_forward/mean,scalar,-0.0002720518095884472
49,1745216019.775951,Train/activations/ResidualBlockbottle2_2ndConvBlock_forward/mean,scalar,5.364447133615613e-05
50,1745216894.2380304,Train/activations/ResidualBlockbottle2_2ndConvBlock_forward/mean,scalar,-0.0002887531591113657
51,1745217756.70523,Train/activations/ResidualBlockbottle2_2ndConvBlock_forward/mean,scalar,1.4103674402576871e-05
52,1745218620.6843193,Train/activations/ResidualBlockbottle2_2ndConvBlock_forward/mean,scalar,-0.00010584860865492374
53,1745219494.4068508,Train/activations/ResidualBlockbottle2_2ndConvBlock_forward/mean,scalar,-0.00021501354058273137
54,1745220361.1732726,Train/activations/ResidualBlockbottle2_2ndConvBlock_forward/mean,scalar,-7.829169044271111e-05
55,1745221224.4210289,Train/activations/ResidualBlockbottle2_2ndConvBlock_forward/mean,scalar,0.00020348335965536535
56,1745222085.9306593,Train/activations/ResidualBlockbottle2_2ndConvBlock_forward/mean,scalar,-0.00012052523379679769
57,1745222948.9457285,Train/activations/ResidualBlockbottle2_2ndConvBlock_forward/mean,scalar,0.0002473217318765819
58,1745223809.5833743,Train/activations/ResidualBlockbottle2_2ndConvBlock_forward/mean,scalar,-0.00014583239681087434
59,1745224668.3092592,Train/activations/ResidualBlockbottle2_2ndConvBlock_forward/mean,scalar,0.00010546721750870347
60,1745225543.6940553,Train/activations/ResidualBlockbottle2_2ndConvBlock_forward/mean,scalar,-8.691872790222988e-05
61,1745226401.9349856,Train/activations/ResidualBlockbottle2_2ndConvBlock_forward/mean,scalar,9.563144703861326e-05
62,1745227259.5945106,Train/activations/ResidualBlockbottle2_2ndConvBlock_forward/mean,scalar,0.00032936607021838427
0,1745171235.4845474,Train/activations/ResidualBlockbottle2_2ndConvBlock_forward/std,scalar,2.586662530899048
1,1745172296.8763368,Train/activations/ResidualBlockbottle2_2ndConvBlock_forward/std,scalar,2.5590708255767822
2,1745173338.1263666,Train/activations/ResidualBlockbottle2_2ndConvBlock_forward/std,scalar,2.427612066268921
3,1745174233.1250365,Train/activations/ResidualBlockbottle2_2ndConvBlock_forward/std,scalar,2.554636001586914
4,1745175273.5639765,Train/activations/ResidualBlockbottle2_2ndConvBlock_forward/std,scalar,2.255429744720459
5,1745176165.8153749,Train/activations/ResidualBlockbottle2_2ndConvBlock_forward/std,scalar,2.0791678428649902
6,1745177057.4352224,Train/activations/ResidualBlockbottle2_2ndConvBlock_forward/std,scalar,2.199392795562744
7,1745178097.8384602,Train/activations/ResidualBlockbottle2_2ndConvBlock_forward/std,scalar,1.490835189819336
8,1745179142.512654,Train/activations/ResidualBlockbottle2_2ndConvBlock_forward/std,scalar,1.7815439701080322
9,1745180055.617521,Train/activations/ResidualBlockbottle2_2ndConvBlock_forward/std,scalar,1.4205372333526611
10,1745181105.8442793,Train/activations/ResidualBlockbottle2_2ndConvBlock_forward/std,scalar,1.9143413305282593
11,1745182002.439918,Train/activations/ResidualBlockbottle2_2ndConvBlock_forward/std,scalar,1.3213359117507935
12,1745182902.5499117,Train/activations/ResidualBlockbottle2_2ndConvBlock_forward/std,scalar,0.9956854581832886
13,1745183792.1617362,Train/activations/ResidualBlockbottle2_2ndConvBlock_forward/std,scalar,1.2653520107269287
14,1745184693.3288133,Train/activations/ResidualBlockbottle2_2ndConvBlock_forward/std,scalar,0.7681150436401367
15,1745185595.5037138,Train/activations/ResidualBlockbottle2_2ndConvBlock_forward/std,scalar,0.7070427536964417
16,1745186496.7745502,Train/activations/ResidualBlockbottle2_2ndConvBlock_forward/std,scalar,0.5930957794189453
17,1745187405.2558525,Train/activations/ResidualBlockbottle2_2ndConvBlock_forward/std,scalar,0.5274621248245239
18,1745188306.304721,Train/activations/ResidualBlockbottle2_2ndConvBlock_forward/std,scalar,1.1805367469787598
19,1745189207.7263024,Train/activations/ResidualBlockbottle2_2ndConvBlock_forward/std,scalar,0.4709049165248871
20,1745190256.065363,Train/activations/ResidualBlockbottle2_2ndConvBlock_forward/std,scalar,0.38953810930252075
21,1745191170.6611724,Train/activations/ResidualBlockbottle2_2ndConvBlock_forward/std,scalar,0.24851378798484802
22,1745192071.8687553,Train/activations/ResidualBlockbottle2_2ndConvBlock_forward/std,scalar,0.2580823004245758
23,1745192964.2099285,Train/activations/ResidualBlockbottle2_2ndConvBlock_forward/std,scalar,0.1462389975786209
24,1745193856.0804677,Train/activations/ResidualBlockbottle2_2ndConvBlock_forward/std,scalar,0.06919043511152267
25,1745194746.133377,Train/activations/ResidualBlockbottle2_2ndConvBlock_forward/std,scalar,0.057996898889541626
26,1745195628.7267587,Train/activations/ResidualBlockbottle2_2ndConvBlock_forward/std,scalar,0.048898033797740936
27,1745196516.4231598,Train/activations/ResidualBlockbottle2_2ndConvBlock_forward/std,scalar,0.04513884335756302
28,1745197400.5692396,Train/activations/ResidualBlockbottle2_2ndConvBlock_forward/std,scalar,0.039907071739435196
29,1745198281.6363819,Train/activations/ResidualBlockbottle2_2ndConvBlock_forward/std,scalar,0.03675536438822746
30,1745199160.771631,Train/activations/ResidualBlockbottle2_2ndConvBlock_forward/std,scalar,0.035047613084316254
31,1745200038.8861833,Train/activations/ResidualBlockbottle2_2ndConvBlock_forward/std,scalar,0.03137754276394844
32,1745200913.1467957,Train/activations/ResidualBlockbottle2_2ndConvBlock_forward/std,scalar,0.030655860900878906
33,1745201943.3765268,Train/activations/ResidualBlockbottle2_2ndConvBlock_forward/std,scalar,0.028879832476377487
34,1745202839.4113636,Train/activations/ResidualBlockbottle2_2ndConvBlock_forward/std,scalar,0.029646944254636765
35,1745203720.3643425,Train/activations/ResidualBlockbottle2_2ndConvBlock_forward/std,scalar,0.02471761219203472
36,1745204589.398452,Train/activations/ResidualBlockbottle2_2ndConvBlock_forward/std,scalar,0.024661177769303322
37,1745205607.4836676,Train/activations/ResidualBlockbottle2_2ndConvBlock_forward/std,scalar,0.027573710307478905
38,1745206470.4349387,Train/activations/ResidualBlockbottle2_2ndConvBlock_forward/std,scalar,0.021474631503224373
39,1745207343.5316741,Train/activations/ResidualBlockbottle2_2ndConvBlock_forward/std,scalar,0.025000885128974915
40,1745208209.3963437,Train/activations/ResidualBlockbottle2_2ndConvBlock_forward/std,scalar,0.02013714611530304
41,1745209076.1114383,Train/activations/ResidualBlockbottle2_2ndConvBlock_forward/std,scalar,0.01899668760597706
42,1745209942.7974255,Train/activations/ResidualBlockbottle2_2ndConvBlock_forward/std,scalar,0.019555184990167618
43,1745210815.8108194,Train/activations/ResidualBlockbottle2_2ndConvBlock_forward/std,scalar,0.01762567274272442
44,1745211689.2057593,Train/activations/ResidualBlockbottle2_2ndConvBlock_forward/std,scalar,0.017460204660892487
45,1745212555.303977,Train/activations/ResidualBlockbottle2_2ndConvBlock_forward/std,scalar,0.018198592588305473
46,1745213417.3986645,Train/activations/ResidualBlockbottle2_2ndConvBlock_forward/std,scalar,0.020633520558476448
47,1745214282.5904963,Train/activations/ResidualBlockbottle2_2ndConvBlock_forward/std,scalar,0.01637089252471924
48,1745215148.1744971,Train/activations/ResidualBlockbottle2_2ndConvBlock_forward/std,scalar,0.01635460928082466
49,1745216019.776979,Train/activations/ResidualBlockbottle2_2ndConvBlock_forward/std,scalar,0.015706736594438553
50,1745216894.2386045,Train/activations/ResidualBlockbottle2_2ndConvBlock_forward/std,scalar,0.01572115533053875
51,1745217756.706023,Train/activations/ResidualBlockbottle2_2ndConvBlock_forward/std,scalar,0.01492803730070591
52,1745218620.6847124,Train/activations/ResidualBlockbottle2_2ndConvBlock_forward/std,scalar,0.013950447551906109
53,1745219494.4072516,Train/activations/ResidualBlockbottle2_2ndConvBlock_forward/std,scalar,0.013560156337916851
54,1745220361.1736197,Train/activations/ResidualBlockbottle2_2ndConvBlock_forward/std,scalar,0.014327066950500011
55,1745221224.4219558,Train/activations/ResidualBlockbottle2_2ndConvBlock_forward/std,scalar,0.013691484928131104
56,1745222085.931331,Train/activations/ResidualBlockbottle2_2ndConvBlock_forward/std,scalar,0.016006607562303543
57,1745222948.9462838,Train/activations/ResidualBlockbottle2_2ndConvBlock_forward/std,scalar,0.013055537827312946
58,1745223809.5837364,Train/activations/ResidualBlockbottle2_2ndConvBlock_forward/std,scalar,0.013136416673660278
59,1745224668.3096073,Train/activations/ResidualBlockbottle2_2ndConvBlock_forward/std,scalar,0.014456100761890411
60,1745225543.6944058,Train/activations/ResidualBlockbottle2_2ndConvBlock_forward/std,scalar,0.013556556776165962
61,1745226401.935414,Train/activations/ResidualBlockbottle2_2ndConvBlock_forward/std,scalar,0.01265665888786316
62,1745227259.594922,Train/activations/ResidualBlockbottle2_2ndConvBlock_forward/std,scalar,0.012952646240592003
0,1745171235.4849427,Train/activations/ResidualBlockbottle2_2ndConvBlock_forward/max,scalar,13.979823112487793
1,1745172296.8766875,Train/activations/ResidualBlockbottle2_2ndConvBlock_forward/max,scalar,20.037639617919922
2,1745173338.1267867,Train/activations/ResidualBlockbottle2_2ndConvBlock_forward/max,scalar,116.90753173828125
3,1745174233.1253855,Train/activations/ResidualBlockbottle2_2ndConvBlock_forward/max,scalar,34.62632369995117
4,1745175273.5643702,Train/activations/ResidualBlockbottle2_2ndConvBlock_forward/max,scalar,13.361719131469727
5,1745176165.8158875,Train/activations/ResidualBlockbottle2_2ndConvBlock_forward/max,scalar,75.03825378417969
6,1745177057.435589,Train/activations/ResidualBlockbottle2_2ndConvBlock_forward/max,scalar,23.582056045532227
7,1745178097.838799,Train/activations/ResidualBlockbottle2_2ndConvBlock_forward/max,scalar,8.171201705932617
8,1745179142.5131733,Train/activations/ResidualBlockbottle2_2ndConvBlock_forward/max,scalar,9.851287841796875
9,1745180055.6230981,Train/activations/ResidualBlockbottle2_2ndConvBlock_forward/max,scalar,6.4150567054748535
10,1745181105.8446689,Train/activations/ResidualBlockbottle2_2ndConvBlock_forward/max,scalar,18.782243728637695
11,1745182002.4402688,Train/activations/ResidualBlockbottle2_2ndConvBlock_forward/max,scalar,10.255314826965332
12,1745182902.550274,Train/activations/ResidualBlockbottle2_2ndConvBlock_forward/max,scalar,9.337846755981445
13,1745183792.1621847,Train/activations/ResidualBlockbottle2_2ndConvBlock_forward/max,scalar,5.449562072753906
14,1745184693.3291926,Train/activations/ResidualBlockbottle2_2ndConvBlock_forward/max,scalar,5.694216728210449
15,1745185595.5040789,Train/activations/ResidualBlockbottle2_2ndConvBlock_forward/max,scalar,4.2259111404418945
16,1745186496.7751422,Train/activations/ResidualBlockbottle2_2ndConvBlock_forward/max,scalar,2.741044521331787
17,1745187405.2562644,Train/activations/ResidualBlockbottle2_2ndConvBlock_forward/max,scalar,2.6543426513671875
18,1745188306.3050845,Train/activations/ResidualBlockbottle2_2ndConvBlock_forward/max,scalar,10.051057815551758
19,1745189207.726876,Train/activations/ResidualBlockbottle2_2ndConvBlock_forward/max,scalar,3.6595511436462402
20,1745190256.0657737,Train/activations/ResidualBlockbottle2_2ndConvBlock_forward/max,scalar,4.126424312591553
21,1745191170.661639,Train/activations/ResidualBlockbottle2_2ndConvBlock_forward/max,scalar,2.1587440967559814
22,1745192071.8691294,Train/activations/ResidualBlockbottle2_2ndConvBlock_forward/max,scalar,2.226867914199829
23,1745192964.2103126,Train/activations/ResidualBlockbottle2_2ndConvBlock_forward/max,scalar,1.6506439447402954
24,1745193856.0808322,Train/activations/ResidualBlockbottle2_2ndConvBlock_forward/max,scalar,1.7958686351776123
25,1745194746.1338015,Train/activations/ResidualBlockbottle2_2ndConvBlock_forward/max,scalar,1.470895528793335
26,1745195628.7271402,Train/activations/ResidualBlockbottle2_2ndConvBlock_forward/max,scalar,1.3098922967910767
27,1745196516.4235601,Train/activations/ResidualBlockbottle2_2ndConvBlock_forward/max,scalar,1.3115123510360718
28,1745197400.5696104,Train/activations/ResidualBlockbottle2_2ndConvBlock_forward/max,scalar,1.2584648132324219
29,1745198281.636768,Train/activations/ResidualBlockbottle2_2ndConvBlock_forward/max,scalar,1.0405868291854858
30,1745199160.7720969,Train/activations/ResidualBlockbottle2_2ndConvBlock_forward/max,scalar,1.1717073917388916
31,1745200038.8865814,Train/activations/ResidualBlockbottle2_2ndConvBlock_forward/max,scalar,0.7867258191108704
32,1745200913.1471887,Train/activations/ResidualBlockbottle2_2ndConvBlock_forward/max,scalar,0.8149502873420715
33,1745201943.3768735,Train/activations/ResidualBlockbottle2_2ndConvBlock_forward/max,scalar,0.7847503423690796
34,1745202839.4117117,Train/activations/ResidualBlockbottle2_2ndConvBlock_forward/max,scalar,0.7544691562652588
35,1745203720.3647206,Train/activations/ResidualBlockbottle2_2ndConvBlock_forward/max,scalar,0.6788172125816345
36,1745204589.3988705,Train/activations/ResidualBlockbottle2_2ndConvBlock_forward/max,scalar,0.7103550434112549
37,1745205607.4840593,Train/activations/ResidualBlockbottle2_2ndConvBlock_forward/max,scalar,0.9544512033462524
38,1745206470.435506,Train/activations/ResidualBlockbottle2_2ndConvBlock_forward/max,scalar,0.7449449300765991
39,1745207343.5320446,Train/activations/ResidualBlockbottle2_2ndConvBlock_forward/max,scalar,0.6678735017776489
40,1745208209.3975434,Train/activations/ResidualBlockbottle2_2ndConvBlock_forward/max,scalar,0.5872387886047363
41,1745209076.1233442,Train/activations/ResidualBlockbottle2_2ndConvBlock_forward/max,scalar,0.6231908202171326
42,1745209942.797864,Train/activations/ResidualBlockbottle2_2ndConvBlock_forward/max,scalar,0.6866178512573242
43,1745210815.81361,Train/activations/ResidualBlockbottle2_2ndConvBlock_forward/max,scalar,0.596790611743927
44,1745211689.2061796,Train/activations/ResidualBlockbottle2_2ndConvBlock_forward/max,scalar,0.5353132486343384
45,1745212555.3049815,Train/activations/ResidualBlockbottle2_2ndConvBlock_forward/max,scalar,0.5147444009780884
46,1745213417.399117,Train/activations/ResidualBlockbottle2_2ndConvBlock_forward/max,scalar,0.5855942368507385
47,1745214282.5908973,Train/activations/ResidualBlockbottle2_2ndConvBlock_forward/max,scalar,0.6858536005020142
48,1745215148.1749804,Train/activations/ResidualBlockbottle2_2ndConvBlock_forward/max,scalar,0.5752258896827698
49,1745216019.7775302,Train/activations/ResidualBlockbottle2_2ndConvBlock_forward/max,scalar,0.5692681074142456
50,1745216894.2390282,Train/activations/ResidualBlockbottle2_2ndConvBlock_forward/max,scalar,0.5360203385353088
51,1745217756.7095714,Train/activations/ResidualBlockbottle2_2ndConvBlock_forward/max,scalar,0.49907392263412476
52,1745218620.685103,Train/activations/ResidualBlockbottle2_2ndConvBlock_forward/max,scalar,0.4368762969970703
53,1745219494.407732,Train/activations/ResidualBlockbottle2_2ndConvBlock_forward/max,scalar,0.48509830236434937
54,1745220361.174376,Train/activations/ResidualBlockbottle2_2ndConvBlock_forward/max,scalar,0.43310680985450745
55,1745221224.4228528,Train/activations/ResidualBlockbottle2_2ndConvBlock_forward/max,scalar,0.4519951343536377
56,1745222085.931798,Train/activations/ResidualBlockbottle2_2ndConvBlock_forward/max,scalar,0.4281320571899414
57,1745222948.9469857,Train/activations/ResidualBlockbottle2_2ndConvBlock_forward/max,scalar,0.4282611012458801
58,1745223809.584154,Train/activations/ResidualBlockbottle2_2ndConvBlock_forward/max,scalar,0.4019255042076111
59,1745224668.3099952,Train/activations/ResidualBlockbottle2_2ndConvBlock_forward/max,scalar,0.38611841201782227
60,1745225543.6947393,Train/activations/ResidualBlockbottle2_2ndConvBlock_forward/max,scalar,0.4339304566383362
61,1745226401.9357817,Train/activations/ResidualBlockbottle2_2ndConvBlock_forward/max,scalar,0.46267813444137573
62,1745227259.595305,Train/activations/ResidualBlockbottle2_2ndConvBlock_forward/max,scalar,0.38117438554763794
0,1745171235.4853883,Train/activations/ResidualBlockbottle2_2ndConvBlock_forward/min,scalar,-19.648591995239258
1,1745172296.8771064,Train/activations/ResidualBlockbottle2_2ndConvBlock_forward/min,scalar,-21.881235122680664
2,1745173338.1271882,Train/activations/ResidualBlockbottle2_2ndConvBlock_forward/min,scalar,-110.49017333984375
3,1745174233.1258183,Train/activations/ResidualBlockbottle2_2ndConvBlock_forward/min,scalar,-43.68023681640625
4,1745175273.564785,Train/activations/ResidualBlockbottle2_2ndConvBlock_forward/min,scalar,-16.26805305480957
5,1745176165.8162544,Train/activations/ResidualBlockbottle2_2ndConvBlock_forward/min,scalar,-76.51249694824219
6,1745177057.4359384,Train/activations/ResidualBlockbottle2_2ndConvBlock_forward/min,scalar,-10.431253433227539
7,1745178097.8391733,Train/activations/ResidualBlockbottle2_2ndConvBlock_forward/min,scalar,-9.76093578338623
8,1745179142.513539,Train/activations/ResidualBlockbottle2_2ndConvBlock_forward/min,scalar,-9.166729927062988
9,1745180055.6237624,Train/activations/ResidualBlockbottle2_2ndConvBlock_forward/min,scalar,-9.853104591369629
10,1745181105.8450434,Train/activations/ResidualBlockbottle2_2ndConvBlock_forward/min,scalar,-31.918664932250977
11,1745182002.4406576,Train/activations/ResidualBlockbottle2_2ndConvBlock_forward/min,scalar,-7.264822959899902
12,1745182902.5506105,Train/activations/ResidualBlockbottle2_2ndConvBlock_forward/min,scalar,-5.237673759460449
13,1745183792.1627474,Train/activations/ResidualBlockbottle2_2ndConvBlock_forward/min,scalar,-4.881375312805176
14,1745184693.3295538,Train/activations/ResidualBlockbottle2_2ndConvBlock_forward/min,scalar,-4.3484601974487305
15,1745185595.5044043,Train/activations/ResidualBlockbottle2_2ndConvBlock_forward/min,scalar,-4.264422416687012
16,1745186496.7761185,Train/activations/ResidualBlockbottle2_2ndConvBlock_forward/min,scalar,-3.882666826248169
17,1745187405.2567077,Train/activations/ResidualBlockbottle2_2ndConvBlock_forward/min,scalar,-2.169691562652588
18,1745188306.3054593,Train/activations/ResidualBlockbottle2_2ndConvBlock_forward/min,scalar,-7.173201084136963
19,1745189207.7272809,Train/activations/ResidualBlockbottle2_2ndConvBlock_forward/min,scalar,-4.003968715667725
20,1745190256.0662198,Train/activations/ResidualBlockbottle2_2ndConvBlock_forward/min,scalar,-3.2481961250305176
21,1745191170.6627204,Train/activations/ResidualBlockbottle2_2ndConvBlock_forward/min,scalar,-2.2747013568878174
22,1745192071.869484,Train/activations/ResidualBlockbottle2_2ndConvBlock_forward/min,scalar,-2.373175621032715
23,1745192964.21069,Train/activations/ResidualBlockbottle2_2ndConvBlock_forward/min,scalar,-1.3839609622955322
24,1745193856.0812619,Train/activations/ResidualBlockbottle2_2ndConvBlock_forward/min,scalar,-1.6792749166488647
25,1745194746.1341534,Train/activations/ResidualBlockbottle2_2ndConvBlock_forward/min,scalar,-1.380615472793579
26,1745195628.727542,Train/activations/ResidualBlockbottle2_2ndConvBlock_forward/min,scalar,-1.2487832307815552
27,1745196516.423955,Train/activations/ResidualBlockbottle2_2ndConvBlock_forward/min,scalar,-1.0564589500427246
28,1745197400.5699992,Train/activations/ResidualBlockbottle2_2ndConvBlock_forward/min,scalar,-1.0587612390518188
29,1745198281.637159,Train/activations/ResidualBlockbottle2_2ndConvBlock_forward/min,scalar,-0.8212985992431641
30,1745199160.7725768,Train/activations/ResidualBlockbottle2_2ndConvBlock_forward/min,scalar,-1.0183017253875732
31,1745200038.8869557,Train/activations/ResidualBlockbottle2_2ndConvBlock_forward/min,scalar,-0.77068030834198
32,1745200913.1482017,Train/activations/ResidualBlockbottle2_2ndConvBlock_forward/min,scalar,-0.7133092880249023
33,1745201943.3772705,Train/activations/ResidualBlockbottle2_2ndConvBlock_forward/min,scalar,-0.7148589491844177
34,1745202839.4120924,Train/activations/ResidualBlockbottle2_2ndConvBlock_forward/min,scalar,-0.6430512070655823
35,1745203720.365101,Train/activations/ResidualBlockbottle2_2ndConvBlock_forward/min,scalar,-0.5400028228759766
36,1745204589.399287,Train/activations/ResidualBlockbottle2_2ndConvBlock_forward/min,scalar,-0.5876694917678833
37,1745205607.484435,Train/activations/ResidualBlockbottle2_2ndConvBlock_forward/min,scalar,-0.8058143854141235
38,1745206470.4359055,Train/activations/ResidualBlockbottle2_2ndConvBlock_forward/min,scalar,-0.6464880108833313
39,1745207343.5324433,Train/activations/ResidualBlockbottle2_2ndConvBlock_forward/min,scalar,-0.515913724899292
40,1745208209.3994195,Train/activations/ResidualBlockbottle2_2ndConvBlock_forward/min,scalar,-0.4816700518131256
41,1745209076.139641,Train/activations/ResidualBlockbottle2_2ndConvBlock_forward/min,scalar,-0.44375133514404297
42,1745209942.7984748,Train/activations/ResidualBlockbottle2_2ndConvBlock_forward/min,scalar,-0.5121977925300598
43,1745210815.8150103,Train/activations/ResidualBlockbottle2_2ndConvBlock_forward/min,scalar,-0.46168050169944763
44,1745211689.2066908,Train/activations/ResidualBlockbottle2_2ndConvBlock_forward/min,scalar,-0.4420730471611023
45,1745212555.3054423,Train/activations/ResidualBlockbottle2_2ndConvBlock_forward/min,scalar,-0.453543484210968
46,1745213417.3995626,Train/activations/ResidualBlockbottle2_2ndConvBlock_forward/min,scalar,-0.5593478679656982
47,1745214282.5912766,Train/activations/ResidualBlockbottle2_2ndConvBlock_forward/min,scalar,-0.5928354859352112
48,1745215148.1754746,Train/activations/ResidualBlockbottle2_2ndConvBlock_forward/min,scalar,-0.4431017339229584
49,1745216019.7780995,Train/activations/ResidualBlockbottle2_2ndConvBlock_forward/min,scalar,-0.3951120972633362
50,1745216894.2393854,Train/activations/ResidualBlockbottle2_2ndConvBlock_forward/min,scalar,-0.39322444796562195
51,1745217756.7105536,Train/activations/ResidualBlockbottle2_2ndConvBlock_forward/min,scalar,-0.38639968633651733
52,1745218620.6855426,Train/activations/ResidualBlockbottle2_2ndConvBlock_forward/min,scalar,-0.3475523591041565
53,1745219494.4097946,Train/activations/ResidualBlockbottle2_2ndConvBlock_forward/min,scalar,-0.3368825316429138
54,1745220361.1748009,Train/activations/ResidualBlockbottle2_2ndConvBlock_forward/min,scalar,-0.36205750703811646
55,1745221224.4236088,Train/activations/ResidualBlockbottle2_2ndConvBlock_forward/min,scalar,-0.39521461725234985
56,1745222085.933413,Train/activations/ResidualBlockbottle2_2ndConvBlock_forward/min,scalar,-0.47806185483932495
57,1745222948.947632,Train/activations/ResidualBlockbottle2_2ndConvBlock_forward/min,scalar,-0.33142343163490295
58,1745223809.585008,Train/activations/ResidualBlockbottle2_2ndConvBlock_forward/min,scalar,-0.32665541768074036
59,1745224668.310348,Train/activations/ResidualBlockbottle2_2ndConvBlock_forward/min,scalar,-0.3232453763484955
60,1745225543.6950853,Train/activations/ResidualBlockbottle2_2ndConvBlock_forward/min,scalar,-0.4152147173881531
61,1745226401.9361498,Train/activations/ResidualBlockbottle2_2ndConvBlock_forward/min,scalar,-0.34389159083366394
62,1745227259.595683,Train/activations/ResidualBlockbottle2_2ndConvBlock_forward/min,scalar,-0.28913164138793945
0,1745171235.4866412,Train/activations/ResidualBlock3_1stConvBlock_forward/mean,scalar,-0.4077809453010559
1,1745172296.877948,Train/activations/ResidualBlock3_1stConvBlock_forward/mean,scalar,-0.4642878472805023
2,1745173338.1276062,Train/activations/ResidualBlock3_1stConvBlock_forward/mean,scalar,-0.5338643789291382
3,1745174233.1261888,Train/activations/ResidualBlock3_1stConvBlock_forward/mean,scalar,-0.5899983644485474
4,1745175273.5651798,Train/activations/ResidualBlock3_1stConvBlock_forward/mean,scalar,-0.791766345500946
5,1745176165.8167684,Train/activations/ResidualBlock3_1stConvBlock_forward/mean,scalar,-0.657711386680603
6,1745177057.4362977,Train/activations/ResidualBlock3_1stConvBlock_forward/mean,scalar,-0.6140614151954651
7,1745178097.8395045,Train/activations/ResidualBlock3_1stConvBlock_forward/mean,scalar,-0.6091872453689575
8,1745179142.5139408,Train/activations/ResidualBlock3_1stConvBlock_forward/mean,scalar,-0.4122259020805359
9,1745180055.6265588,Train/activations/ResidualBlock3_1stConvBlock_forward/mean,scalar,-0.4554405212402344
10,1745181105.8454044,Train/activations/ResidualBlock3_1stConvBlock_forward/mean,scalar,-0.4137234687805176
11,1745182002.4410493,Train/activations/ResidualBlock3_1stConvBlock_forward/mean,scalar,-0.5018729567527771
12,1745182902.5509572,Train/activations/ResidualBlock3_1stConvBlock_forward/mean,scalar,-0.48408690094947815
13,1745183792.163174,Train/activations/ResidualBlock3_1stConvBlock_forward/mean,scalar,-0.3930225074291229
14,1745184693.3299575,Train/activations/ResidualBlock3_1stConvBlock_forward/mean,scalar,-0.2563697397708893
15,1745185595.504773,Train/activations/ResidualBlock3_1stConvBlock_forward/mean,scalar,-0.2727855443954468
16,1745186496.776552,Train/activations/ResidualBlock3_1stConvBlock_forward/mean,scalar,-0.24975982308387756
17,1745187405.257164,Train/activations/ResidualBlock3_1stConvBlock_forward/mean,scalar,-0.18482466042041779
18,1745188306.3058238,Train/activations/ResidualBlock3_1stConvBlock_forward/mean,scalar,-0.21881313621997833
19,1745189207.7276845,Train/activations/ResidualBlock3_1stConvBlock_forward/mean,scalar,-0.15118816494941711
20,1745190256.0665832,Train/activations/ResidualBlock3_1stConvBlock_forward/mean,scalar,-0.14708030223846436
21,1745191170.6638582,Train/activations/ResidualBlock3_1stConvBlock_forward/mean,scalar,-0.08893127739429474
22,1745192071.869836,Train/activations/ResidualBlock3_1stConvBlock_forward/mean,scalar,-0.0941159725189209
23,1745192964.2110586,Train/activations/ResidualBlock3_1stConvBlock_forward/mean,scalar,-0.07477366924285889
24,1745193856.081634,Train/activations/ResidualBlock3_1stConvBlock_forward/mean,scalar,-0.04882267862558365
25,1745194746.1345315,Train/activations/ResidualBlock3_1stConvBlock_forward/mean,scalar,-0.026495670899748802
26,1745195628.7279494,Train/activations/ResidualBlock3_1stConvBlock_forward/mean,scalar,-0.01519473921507597
27,1745196516.424423,Train/activations/ResidualBlock3_1stConvBlock_forward/mean,scalar,-0.010621464811265469
28,1745197400.5703626,Train/activations/ResidualBlock3_1stConvBlock_forward/mean,scalar,-0.0077705541625618935
29,1745198281.6375132,Train/activations/ResidualBlock3_1stConvBlock_forward/mean,scalar,-0.007452778518199921
30,1745199160.773007,Train/activations/ResidualBlock3_1stConvBlock_forward/mean,scalar,-0.006681819446384907
31,1745200038.8874443,Train/activations/ResidualBlock3_1stConvBlock_forward/mean,scalar,-0.005423824768513441
32,1745200913.1485875,Train/activations/ResidualBlock3_1stConvBlock_forward/mean,scalar,-0.00527145154774189
33,1745201943.3776343,Train/activations/ResidualBlock3_1stConvBlock_forward/mean,scalar,-0.00470067048445344
34,1745202839.4124775,Train/activations/ResidualBlock3_1stConvBlock_forward/mean,scalar,-0.00465993769466877
35,1745203720.366715,Train/activations/ResidualBlock3_1stConvBlock_forward/mean,scalar,-0.0034337020479142666
36,1745204589.3997588,Train/activations/ResidualBlock3_1stConvBlock_forward/mean,scalar,-0.003554105758666992
37,1745205607.484808,Train/activations/ResidualBlock3_1stConvBlock_forward/mean,scalar,-0.0028110002167522907
38,1745206470.4364984,Train/activations/ResidualBlock3_1stConvBlock_forward/mean,scalar,-0.0023145980667322874
39,1745207343.5330088,Train/activations/ResidualBlock3_1stConvBlock_forward/mean,scalar,-0.0023398224730044603
40,1745208209.4014373,Train/activations/ResidualBlock3_1stConvBlock_forward/mean,scalar,-0.0025936218444257975
41,1745209076.166012,Train/activations/ResidualBlock3_1stConvBlock_forward/mean,scalar,-0.002833105158060789
42,1745209942.7990851,Train/activations/ResidualBlock3_1stConvBlock_forward/mean,scalar,-0.0030153326224535704
43,1745210815.8169785,Train/activations/ResidualBlock3_1stConvBlock_forward/mean,scalar,-0.0030705805402249098
44,1745211689.208047,Train/activations/ResidualBlock3_1stConvBlock_forward/mean,scalar,-0.0025020616594702005
45,1745212555.3058567,Train/activations/ResidualBlock3_1stConvBlock_forward/mean,scalar,-0.003198979888111353
46,1745213417.4000602,Train/activations/ResidualBlock3_1stConvBlock_forward/mean,scalar,-0.0030225561931729317
47,1745214282.5916624,Train/activations/ResidualBlock3_1stConvBlock_forward/mean,scalar,-0.0026427030097693205
48,1745215148.1759582,Train/activations/ResidualBlock3_1stConvBlock_forward/mean,scalar,-0.0025664917193353176
49,1745216019.7798743,Train/activations/ResidualBlock3_1stConvBlock_forward/mean,scalar,-0.0025299577973783016
50,1745216894.2397535,Train/activations/ResidualBlock3_1stConvBlock_forward/mean,scalar,-0.002236706204712391
51,1745217756.7110622,Train/activations/ResidualBlock3_1stConvBlock_forward/mean,scalar,-0.003199103521183133
52,1745218620.6859531,Train/activations/ResidualBlock3_1stConvBlock_forward/mean,scalar,-0.002363289473578334
53,1745219494.4109523,Train/activations/ResidualBlock3_1stConvBlock_forward/mean,scalar,-0.002166589256376028
54,1745220361.175185,Train/activations/ResidualBlock3_1stConvBlock_forward/mean,scalar,-0.002261944580823183
55,1745221224.4240031,Train/activations/ResidualBlock3_1stConvBlock_forward/mean,scalar,-0.001610968611203134
56,1745222085.9339328,Train/activations/ResidualBlock3_1stConvBlock_forward/mean,scalar,-0.0022291659843176603
57,1745222948.9484653,Train/activations/ResidualBlock3_1stConvBlock_forward/mean,scalar,-0.0021250948775559664
58,1745223809.585666,Train/activations/ResidualBlock3_1stConvBlock_forward/mean,scalar,-0.0023516290821135044
59,1745224668.3106997,Train/activations/ResidualBlock3_1stConvBlock_forward/mean,scalar,-0.001753270043991506
60,1745225543.6954353,Train/activations/ResidualBlock3_1stConvBlock_forward/mean,scalar,-0.0019923404324799776
61,1745226401.936582,Train/activations/ResidualBlock3_1stConvBlock_forward/mean,scalar,-0.001931539038196206
62,1745227259.5961204,Train/activations/ResidualBlock3_1stConvBlock_forward/mean,scalar,-0.0020791059359908104
0,1745171235.4870899,Train/activations/ResidualBlock3_1stConvBlock_forward/std,scalar,1.5723148584365845
1,1745172296.879042,Train/activations/ResidualBlock3_1stConvBlock_forward/std,scalar,1.5300500392913818
2,1745173338.1283197,Train/activations/ResidualBlock3_1stConvBlock_forward/std,scalar,1.5837509632110596
3,1745174233.1266735,Train/activations/ResidualBlock3_1stConvBlock_forward/std,scalar,1.488664150238037
4,1745175273.5655854,Train/activations/ResidualBlock3_1stConvBlock_forward/std,scalar,1.618166208267212
5,1745176165.8172462,Train/activations/ResidualBlock3_1stConvBlock_forward/std,scalar,1.6070646047592163
6,1745177057.4367065,Train/activations/ResidualBlock3_1stConvBlock_forward/std,scalar,1.9428962469100952
7,1745178097.8398738,Train/activations/ResidualBlock3_1stConvBlock_forward/std,scalar,1.4680602550506592
8,1745179142.5144842,Train/activations/ResidualBlock3_1stConvBlock_forward/std,scalar,1.328007698059082
9,1745180055.6298437,Train/activations/ResidualBlock3_1stConvBlock_forward/std,scalar,1.1693873405456543
10,1745181105.8457654,Train/activations/ResidualBlock3_1stConvBlock_forward/std,scalar,1.016540765762329
11,1745182002.4414334,Train/activations/ResidualBlock3_1stConvBlock_forward/std,scalar,0.8707168698310852
12,1745182902.5513334,Train/activations/ResidualBlock3_1stConvBlock_forward/std,scalar,0.8350504040718079
13,1745183792.1635363,Train/activations/ResidualBlock3_1stConvBlock_forward/std,scalar,0.8475964665412903
14,1745184693.3303413,Train/activations/ResidualBlock3_1stConvBlock_forward/std,scalar,0.6769084930419922
15,1745185595.505158,Train/activations/ResidualBlock3_1stConvBlock_forward/std,scalar,0.5636037588119507
16,1745186496.7789001,Train/activations/ResidualBlock3_1stConvBlock_forward/std,scalar,0.49536752700805664
17,1745187405.2575147,Train/activations/ResidualBlock3_1stConvBlock_forward/std,scalar,0.42899709939956665
18,1745188306.3061905,Train/activations/ResidualBlock3_1stConvBlock_forward/std,scalar,0.4449440538883209
19,1745189207.7280529,Train/activations/ResidualBlock3_1stConvBlock_forward/std,scalar,0.31512579321861267
20,1745190256.0671446,Train/activations/ResidualBlock3_1stConvBlock_forward/std,scalar,0.2594110369682312
21,1745191170.6642754,Train/activations/ResidualBlock3_1stConvBlock_forward/std,scalar,0.22183001041412354
22,1745192071.8701923,Train/activations/ResidualBlock3_1stConvBlock_forward/std,scalar,0.2137962132692337
23,1745192964.211421,Train/activations/ResidualBlock3_1stConvBlock_forward/std,scalar,0.17413997650146484
24,1745193856.082034,Train/activations/ResidualBlock3_1stConvBlock_forward/std,scalar,0.14615048468112946
25,1745194746.1350498,Train/activations/ResidualBlock3_1stConvBlock_forward/std,scalar,0.11304070800542831
26,1745195628.7283578,Train/activations/ResidualBlock3_1stConvBlock_forward/std,scalar,0.08280707895755768
27,1745196516.4248335,Train/activations/ResidualBlock3_1stConvBlock_forward/std,scalar,0.07078070938587189
28,1745197400.5707443,Train/activations/ResidualBlock3_1stConvBlock_forward/std,scalar,0.07122106105089188
29,1745198281.6378868,Train/activations/ResidualBlock3_1stConvBlock_forward/std,scalar,0.06466051936149597
30,1745199160.7734194,Train/activations/ResidualBlock3_1stConvBlock_forward/std,scalar,0.05467439815402031
31,1745200038.8878362,Train/activations/ResidualBlock3_1stConvBlock_forward/std,scalar,0.05169438198208809
32,1745200913.148952,Train/activations/ResidualBlock3_1stConvBlock_forward/std,scalar,0.04732811823487282
33,1745201943.3780391,Train/activations/ResidualBlock3_1stConvBlock_forward/std,scalar,0.043092772364616394
34,1745202839.4128423,Train/activations/ResidualBlock3_1stConvBlock_forward/std,scalar,0.042400509119033813
35,1745203720.3678868,Train/activations/ResidualBlock3_1stConvBlock_forward/std,scalar,0.04006370157003403
36,1745204589.4002008,Train/activations/ResidualBlock3_1stConvBlock_forward/std,scalar,0.036852627992630005
37,1745205607.4851675,Train/activations/ResidualBlock3_1stConvBlock_forward/std,scalar,0.03605186194181442
38,1745206470.4369047,Train/activations/ResidualBlock3_1stConvBlock_forward/std,scalar,0.03255755081772804
39,1745207343.5340264,Train/activations/ResidualBlock3_1stConvBlock_forward/std,scalar,0.03158377856016159
40,1745208209.4026973,Train/activations/ResidualBlock3_1stConvBlock_forward/std,scalar,0.031411025673151016
41,1745209076.2164223,Train/activations/ResidualBlock3_1stConvBlock_forward/std,scalar,0.03058638609945774
42,1745209942.7995872,Train/activations/ResidualBlock3_1stConvBlock_forward/std,scalar,0.02950158342719078
43,1745210815.81785,Train/activations/ResidualBlock3_1stConvBlock_forward/std,scalar,0.02810293436050415
44,1745211689.209267,Train/activations/ResidualBlock3_1stConvBlock_forward/std,scalar,0.02705329656600952
45,1745212555.3067746,Train/activations/ResidualBlock3_1stConvBlock_forward/std,scalar,0.027166251093149185
46,1745213417.4007404,Train/activations/ResidualBlock3_1stConvBlock_forward/std,scalar,0.026929065585136414
47,1745214282.5920515,Train/activations/ResidualBlock3_1stConvBlock_forward/std,scalar,0.025387201458215714
48,1745215148.1765246,Train/activations/ResidualBlock3_1stConvBlock_forward/std,scalar,0.02477004937827587
49,1745216019.782413,Train/activations/ResidualBlock3_1stConvBlock_forward/std,scalar,0.024257134646177292
50,1745216894.240369,Train/activations/ResidualBlock3_1stConvBlock_forward/std,scalar,0.023360567167401314
51,1745217756.7115586,Train/activations/ResidualBlock3_1stConvBlock_forward/std,scalar,0.0266753938049078
52,1745218620.6864574,Train/activations/ResidualBlock3_1stConvBlock_forward/std,scalar,0.023718329146504402
53,1745219494.4113595,Train/activations/ResidualBlock3_1stConvBlock_forward/std,scalar,0.02193516120314598
54,1745220361.1755805,Train/activations/ResidualBlock3_1stConvBlock_forward/std,scalar,0.022872690111398697
55,1745221224.4243844,Train/activations/ResidualBlock3_1stConvBlock_forward/std,scalar,0.022060880437493324
56,1745222085.9346473,Train/activations/ResidualBlock3_1stConvBlock_forward/std,scalar,0.021379379555583
57,1745222948.950637,Train/activations/ResidualBlock3_1stConvBlock_forward/std,scalar,0.02160622552037239
58,1745223809.5861378,Train/activations/ResidualBlock3_1stConvBlock_forward/std,scalar,0.021648753434419632
59,1745224668.311045,Train/activations/ResidualBlock3_1stConvBlock_forward/std,scalar,0.021143130958080292
60,1745225543.6957848,Train/activations/ResidualBlock3_1stConvBlock_forward/std,scalar,0.020743297412991524
61,1745226401.9369652,Train/activations/ResidualBlock3_1stConvBlock_forward/std,scalar,0.019907228648662567
62,1745227259.5965798,Train/activations/ResidualBlock3_1stConvBlock_forward/std,scalar,0.020331578329205513
0,1745171235.4874697,Train/activations/ResidualBlock3_1stConvBlock_forward/max,scalar,22.713665008544922
1,1745172296.8797026,Train/activations/ResidualBlock3_1stConvBlock_forward/max,scalar,22.86351203918457
2,1745173338.1287403,Train/activations/ResidualBlock3_1stConvBlock_forward/max,scalar,29.769756317138672
3,1745174233.1271434,Train/activations/ResidualBlock3_1stConvBlock_forward/max,scalar,21.6627197265625
4,1745175273.5659537,Train/activations/ResidualBlock3_1stConvBlock_forward/max,scalar,20.94181251525879
5,1745176165.8177488,Train/activations/ResidualBlock3_1stConvBlock_forward/max,scalar,29.76113510131836
6,1745177057.437082,Train/activations/ResidualBlock3_1stConvBlock_forward/max,scalar,21.26533317565918
7,1745178097.8401968,Train/activations/ResidualBlock3_1stConvBlock_forward/max,scalar,16.513378143310547
8,1745179142.5149894,Train/activations/ResidualBlock3_1stConvBlock_forward/max,scalar,15.032119750976562
9,1745180055.6371653,Train/activations/ResidualBlock3_1stConvBlock_forward/max,scalar,12.168307304382324
10,1745181105.8461287,Train/activations/ResidualBlock3_1stConvBlock_forward/max,scalar,10.454999923706055
11,1745182002.4417663,Train/activations/ResidualBlock3_1stConvBlock_forward/max,scalar,13.284448623657227
12,1745182902.551706,Train/activations/ResidualBlock3_1stConvBlock_forward/max,scalar,11.182744979858398
13,1745183792.1639109,Train/activations/ResidualBlock3_1stConvBlock_forward/max,scalar,11.150125503540039
14,1745184693.3307056,Train/activations/ResidualBlock3_1stConvBlock_forward/max,scalar,9.58415412902832
15,1745185595.505562,Train/activations/ResidualBlock3_1stConvBlock_forward/max,scalar,8.674736022949219
16,1745186496.7828128,Train/activations/ResidualBlock3_1stConvBlock_forward/max,scalar,9.443785667419434
17,1745187405.2584617,Train/activations/ResidualBlock3_1stConvBlock_forward/max,scalar,9.083609580993652
18,1745188306.306901,Train/activations/ResidualBlock3_1stConvBlock_forward/max,scalar,7.632955074310303
19,1745189207.7284052,Train/activations/ResidualBlock3_1stConvBlock_forward/max,scalar,7.220285892486572
20,1745190256.0675128,Train/activations/ResidualBlock3_1stConvBlock_forward/max,scalar,5.214056015014648
21,1745191170.664892,Train/activations/ResidualBlock3_1stConvBlock_forward/max,scalar,4.435707092285156
22,1745192071.8705425,Train/activations/ResidualBlock3_1stConvBlock_forward/max,scalar,5.812832832336426
23,1745192964.2118373,Train/activations/ResidualBlock3_1stConvBlock_forward/max,scalar,3.341723680496216
24,1745193856.082439,Train/activations/ResidualBlock3_1stConvBlock_forward/max,scalar,3.9658408164978027
25,1745194746.1354203,Train/activations/ResidualBlock3_1stConvBlock_forward/max,scalar,3.100315570831299
26,1745195628.7287645,Train/activations/ResidualBlock3_1stConvBlock_forward/max,scalar,2.4085681438446045
27,1745196516.4252155,Train/activations/ResidualBlock3_1stConvBlock_forward/max,scalar,2.2725682258605957
28,1745197400.5710979,Train/activations/ResidualBlock3_1stConvBlock_forward/max,scalar,1.8456590175628662
29,1745198281.6382413,Train/activations/ResidualBlock3_1stConvBlock_forward/max,scalar,1.9177528619766235
30,1745199160.7738051,Train/activations/ResidualBlock3_1stConvBlock_forward/max,scalar,1.759716272354126
31,1745200038.8882194,Train/activations/ResidualBlock3_1stConvBlock_forward/max,scalar,1.6575901508331299
32,1745200913.149366,Train/activations/ResidualBlock3_1stConvBlock_forward/max,scalar,1.4128403663635254
33,1745201943.3783758,Train/activations/ResidualBlock3_1stConvBlock_forward/max,scalar,1.271775484085083
34,1745202839.4132035,Train/activations/ResidualBlock3_1stConvBlock_forward/max,scalar,1.3361026048660278
35,1745203720.3685834,Train/activations/ResidualBlock3_1stConvBlock_forward/max,scalar,1.1670902967453003
36,1745204589.4005694,Train/activations/ResidualBlock3_1stConvBlock_forward/max,scalar,1.0821465253829956
37,1745205607.485527,Train/activations/ResidualBlock3_1stConvBlock_forward/max,scalar,1.2400181293487549
38,1745206470.4374747,Train/activations/ResidualBlock3_1stConvBlock_forward/max,scalar,1.1243826150894165
39,1745207343.5389462,Train/activations/ResidualBlock3_1stConvBlock_forward/max,scalar,1.044837474822998
40,1745208209.4032207,Train/activations/ResidualBlock3_1stConvBlock_forward/max,scalar,0.9309872388839722
41,1745209076.2508874,Train/activations/ResidualBlock3_1stConvBlock_forward/max,scalar,0.9436661601066589
42,1745209942.8003237,Train/activations/ResidualBlock3_1stConvBlock_forward/max,scalar,0.8327838182449341
43,1745210815.818491,Train/activations/ResidualBlock3_1stConvBlock_forward/max,scalar,0.8083049654960632
44,1745211689.2097998,Train/activations/ResidualBlock3_1stConvBlock_forward/max,scalar,0.7617031931877136
45,1745212555.3072984,Train/activations/ResidualBlock3_1stConvBlock_forward/max,scalar,0.6944559216499329
46,1745213417.4016125,Train/activations/ResidualBlock3_1stConvBlock_forward/max,scalar,0.7558132410049438
47,1745214282.5925303,Train/activations/ResidualBlock3_1stConvBlock_forward/max,scalar,0.6954673528671265
48,1745215148.1770084,Train/activations/ResidualBlock3_1stConvBlock_forward/max,scalar,0.7824708223342896
49,1745216019.7843945,Train/activations/ResidualBlock3_1stConvBlock_forward/max,scalar,0.7059353590011597
50,1745216894.2407734,Train/activations/ResidualBlock3_1stConvBlock_forward/max,scalar,0.70921790599823
51,1745217756.7121341,Train/activations/ResidualBlock3_1stConvBlock_forward/max,scalar,0.7417095899581909
52,1745218620.6869173,Train/activations/ResidualBlock3_1stConvBlock_forward/max,scalar,0.69736248254776
53,1745219494.4120648,Train/activations/ResidualBlock3_1stConvBlock_forward/max,scalar,0.6291114091873169
54,1745220361.1761084,Train/activations/ResidualBlock3_1stConvBlock_forward/max,scalar,0.6739586591720581
55,1745221224.42475,Train/activations/ResidualBlock3_1stConvBlock_forward/max,scalar,0.7057114243507385
56,1745222085.9351072,Train/activations/ResidualBlock3_1stConvBlock_forward/max,scalar,0.58729088306427
57,1745222948.9513948,Train/activations/ResidualBlock3_1stConvBlock_forward/max,scalar,0.6860754489898682
58,1745223809.5865607,Train/activations/ResidualBlock3_1stConvBlock_forward/max,scalar,0.634475827217102
59,1745224668.311389,Train/activations/ResidualBlock3_1stConvBlock_forward/max,scalar,0.6360430717468262
60,1745225543.6961706,Train/activations/ResidualBlock3_1stConvBlock_forward/max,scalar,0.5969850420951843
61,1745226401.9374182,Train/activations/ResidualBlock3_1stConvBlock_forward/max,scalar,0.6331454515457153
62,1745227259.5970578,Train/activations/ResidualBlock3_1stConvBlock_forward/max,scalar,0.60016268491745
0,1745171235.4879065,Train/activations/ResidualBlock3_1stConvBlock_forward/min,scalar,-17.154094696044922
1,1745172296.8801017,Train/activations/ResidualBlock3_1stConvBlock_forward/min,scalar,-13.541705131530762
2,1745173338.1291482,Train/activations/ResidualBlock3_1stConvBlock_forward/min,scalar,-32.59786605834961
3,1745174233.127878,Train/activations/ResidualBlock3_1stConvBlock_forward/min,scalar,-19.277992248535156
4,1745175273.5663302,Train/activations/ResidualBlock3_1stConvBlock_forward/min,scalar,-14.912277221679688
5,1745176165.8181655,Train/activations/ResidualBlock3_1stConvBlock_forward/min,scalar,-49.995697021484375
6,1745177057.4374423,Train/activations/ResidualBlock3_1stConvBlock_forward/min,scalar,-23.46945571899414
7,1745178097.840526,Train/activations/ResidualBlock3_1stConvBlock_forward/min,scalar,-17.708301544189453
8,1745179142.5155556,Train/activations/ResidualBlock3_1stConvBlock_forward/min,scalar,-12.34044075012207
9,1745180055.637568,Train/activations/ResidualBlock3_1stConvBlock_forward/min,scalar,-10.239343643188477
10,1745181105.8464956,Train/activations/ResidualBlock3_1stConvBlock_forward/min,scalar,-8.878982543945312
11,1745182002.4421475,Train/activations/ResidualBlock3_1stConvBlock_forward/min,scalar,-11.906421661376953
12,1745182902.552083,Train/activations/ResidualBlock3_1stConvBlock_forward/min,scalar,-10.18869400024414
13,1745183792.1642723,Train/activations/ResidualBlock3_1stConvBlock_forward/min,scalar,-8.168493270874023
14,1745184693.3310745,Train/activations/ResidualBlock3_1stConvBlock_forward/min,scalar,-8.493196487426758
15,1745185595.5059428,Train/activations/ResidualBlock3_1stConvBlock_forward/min,scalar,-5.323937892913818
16,1745186496.7832973,Train/activations/ResidualBlock3_1stConvBlock_forward/min,scalar,-4.735495567321777
17,1745187405.2590318,Train/activations/ResidualBlock3_1stConvBlock_forward/min,scalar,-4.210179328918457
18,1745188306.3075514,Train/activations/ResidualBlock3_1stConvBlock_forward/min,scalar,-4.648644924163818
19,1745189207.7287965,Train/activations/ResidualBlock3_1stConvBlock_forward/min,scalar,-4.680220603942871
20,1745190256.067875,Train/activations/ResidualBlock3_1stConvBlock_forward/min,scalar,-2.9589743614196777
21,1745191170.6653337,Train/activations/ResidualBlock3_1stConvBlock_forward/min,scalar,-2.593226909637451
22,1745192071.8709137,Train/activations/ResidualBlock3_1stConvBlock_forward/min,scalar,-3.2339110374450684
23,1745192964.2122025,Train/activations/ResidualBlock3_1stConvBlock_forward/min,scalar,-2.2118561267852783
24,1745193856.0828156,Train/activations/ResidualBlock3_1stConvBlock_forward/min,scalar,-2.591496467590332
25,1745194746.135782,Train/activations/ResidualBlock3_1stConvBlock_forward/min,scalar,-2.4433505535125732
26,1745195628.729148,Train/activations/ResidualBlock3_1stConvBlock_forward/min,scalar,-1.7106330394744873
27,1745196516.4256365,Train/activations/ResidualBlock3_1stConvBlock_forward/min,scalar,-1.431665062904358
28,1745197400.5714633,Train/activations/ResidualBlock3_1stConvBlock_forward/min,scalar,-1.4498119354248047
29,1745198281.63859,Train/activations/ResidualBlock3_1stConvBlock_forward/min,scalar,-1.3468801975250244
30,1745199160.7742255,Train/activations/ResidualBlock3_1stConvBlock_forward/min,scalar,-1.2795368432998657
31,1745200038.8886273,Train/activations/ResidualBlock3_1stConvBlock_forward/min,scalar,-1.033301591873169
32,1745200913.1497917,Train/activations/ResidualBlock3_1stConvBlock_forward/min,scalar,-0.8279148936271667
33,1745201943.378737,Train/activations/ResidualBlock3_1stConvBlock_forward/min,scalar,-0.8444196581840515
34,1745202839.413571,Train/activations/ResidualBlock3_1stConvBlock_forward/min,scalar,-0.8139545321464539
35,1745203720.3689914,Train/activations/ResidualBlock3_1stConvBlock_forward/min,scalar,-0.8321775197982788
36,1745204589.400971,Train/activations/ResidualBlock3_1stConvBlock_forward/min,scalar,-0.7053019404411316
37,1745205607.4858973,Train/activations/ResidualBlock3_1stConvBlock_forward/min,scalar,-0.865411102771759
38,1745206470.43807,Train/activations/ResidualBlock3_1stConvBlock_forward/min,scalar,-0.8578374981880188
39,1745207343.5394466,Train/activations/ResidualBlock3_1stConvBlock_forward/min,scalar,-0.7048946619033813
40,1745208209.4055235,Train/activations/ResidualBlock3_1stConvBlock_forward/min,scalar,-0.7380110025405884
41,1745209076.2839544,Train/activations/ResidualBlock3_1stConvBlock_forward/min,scalar,-0.7301610708236694
42,1745209942.8009346,Train/activations/ResidualBlock3_1stConvBlock_forward/min,scalar,-0.7128414511680603
43,1745210815.8192112,Train/activations/ResidualBlock3_1stConvBlock_forward/min,scalar,-0.5481890439987183
44,1745211689.2103403,Train/activations/ResidualBlock3_1stConvBlock_forward/min,scalar,-0.6395605802536011
45,1745212555.3082013,Train/activations/ResidualBlock3_1stConvBlock_forward/min,scalar,-0.5581073760986328
46,1745213417.4024487,Train/activations/ResidualBlock3_1stConvBlock_forward/min,scalar,-0.7422688007354736
47,1745214282.5931938,Train/activations/ResidualBlock3_1stConvBlock_forward/min,scalar,-0.7645899057388306
48,1745215148.1774478,Train/activations/ResidualBlock3_1stConvBlock_forward/min,scalar,-0.6278337240219116
49,1745216019.7882226,Train/activations/ResidualBlock3_1stConvBlock_forward/min,scalar,-0.5547311902046204
50,1745216894.2417662,Train/activations/ResidualBlock3_1stConvBlock_forward/min,scalar,-0.5788346529006958
51,1745217756.712469,Train/activations/ResidualBlock3_1stConvBlock_forward/min,scalar,-0.6551241874694824
52,1745218620.6873775,Train/activations/ResidualBlock3_1stConvBlock_forward/min,scalar,-0.5453307032585144
53,1745219494.4137409,Train/activations/ResidualBlock3_1stConvBlock_forward/min,scalar,-0.4928126335144043
54,1745220361.1764627,Train/activations/ResidualBlock3_1stConvBlock_forward/min,scalar,-0.4926210343837738
55,1745221224.4251275,Train/activations/ResidualBlock3_1stConvBlock_forward/min,scalar,-0.4437636733055115
56,1745222085.9355547,Train/activations/ResidualBlock3_1stConvBlock_forward/min,scalar,-0.4441900849342346
57,1745222948.9525018,Train/activations/ResidualBlock3_1stConvBlock_forward/min,scalar,-0.4672897756099701
58,1745223809.5869634,Train/activations/ResidualBlock3_1stConvBlock_forward/min,scalar,-0.44174304604530334
59,1745224668.3117235,Train/activations/ResidualBlock3_1stConvBlock_forward/min,scalar,-0.5091925859451294
60,1745225543.6965823,Train/activations/ResidualBlock3_1stConvBlock_forward/min,scalar,-0.6176985502243042
61,1745226401.9377928,Train/activations/ResidualBlock3_1stConvBlock_forward/min,scalar,-0.42328786849975586
62,1745227259.5976782,Train/activations/ResidualBlock3_1stConvBlock_forward/min,scalar,-0.4643406867980957
0,1745171235.488399,Train/activations/ResidualBlock3_2ndConvBlock_forward/mean,scalar,0.02419680543243885
1,1745172296.8804982,Train/activations/ResidualBlock3_2ndConvBlock_forward/mean,scalar,-0.0157916396856308
2,1745173338.129672,Train/activations/ResidualBlock3_2ndConvBlock_forward/mean,scalar,-0.002338202204555273
3,1745174233.1283062,Train/activations/ResidualBlock3_2ndConvBlock_forward/mean,scalar,-0.055460672825574875
4,1745175273.5667415,Train/activations/ResidualBlock3_2ndConvBlock_forward/mean,scalar,-0.07277873158454895
5,1745176165.8185892,Train/activations/ResidualBlock3_2ndConvBlock_forward/mean,scalar,0.0018146941438317299
6,1745177057.437832,Train/activations/ResidualBlock3_2ndConvBlock_forward/mean,scalar,-0.06002623960375786
7,1745178097.8408906,Train/activations/ResidualBlock3_2ndConvBlock_forward/mean,scalar,-0.07927356660366058
8,1745179142.5161393,Train/activations/ResidualBlock3_2ndConvBlock_forward/mean,scalar,0.09879378974437714
9,1745180055.6379926,Train/activations/ResidualBlock3_2ndConvBlock_forward/mean,scalar,-0.019596682861447334
10,1745181105.8468757,Train/activations/ResidualBlock3_2ndConvBlock_forward/mean,scalar,-0.0136113865301013
11,1745182002.4424927,Train/activations/ResidualBlock3_2ndConvBlock_forward/mean,scalar,0.03901840001344681
12,1745182902.5524588,Train/activations/ResidualBlock3_2ndConvBlock_forward/mean,scalar,0.016051026061177254
13,1745183792.1659925,Train/activations/ResidualBlock3_2ndConvBlock_forward/mean,scalar,-0.015083938837051392
14,1745184693.3314385,Train/activations/ResidualBlock3_2ndConvBlock_forward/mean,scalar,-0.010335305705666542
15,1745185595.506277,Train/activations/ResidualBlock3_2ndConvBlock_forward/mean,scalar,0.008736158721148968
16,1745186496.7838428,Train/activations/ResidualBlock3_2ndConvBlock_forward/mean,scalar,0.006742923054844141
17,1745187405.2594297,Train/activations/ResidualBlock3_2ndConvBlock_forward/mean,scalar,0.009015791118144989
18,1745188306.3080456,Train/activations/ResidualBlock3_2ndConvBlock_forward/mean,scalar,-0.005886274855583906
19,1745189207.7291777,Train/activations/ResidualBlock3_2ndConvBlock_forward/mean,scalar,-0.01685025542974472
20,1745190256.068337,Train/activations/ResidualBlock3_2ndConvBlock_forward/mean,scalar,-0.013706192374229431
21,1745191170.665757,Train/activations/ResidualBlock3_2ndConvBlock_forward/mean,scalar,-0.008272485807538033
22,1745192071.8712626,Train/activations/ResidualBlock3_2ndConvBlock_forward/mean,scalar,-0.022580940276384354
23,1745192964.2125783,Train/activations/ResidualBlock3_2ndConvBlock_forward/mean,scalar,-0.02147722989320755
24,1745193856.0831954,Train/activations/ResidualBlock3_2ndConvBlock_forward/mean,scalar,-0.018292058259248734
25,1745194746.1361399,Train/activations/ResidualBlock3_2ndConvBlock_forward/mean,scalar,-0.015334278345108032
26,1745195628.7295642,Train/activations/ResidualBlock3_2ndConvBlock_forward/mean,scalar,-0.011105368845164776
27,1745196516.426017,Train/activations/ResidualBlock3_2ndConvBlock_forward/mean,scalar,-0.009099762886762619
28,1745197400.5718338,Train/activations/ResidualBlock3_2ndConvBlock_forward/mean,scalar,-0.011972583830356598
29,1745198281.6389718,Train/activations/ResidualBlock3_2ndConvBlock_forward/mean,scalar,-0.005643855780363083
30,1745199160.7746606,Train/activations/ResidualBlock3_2ndConvBlock_forward/mean,scalar,-0.0055705346167087555
31,1745200038.8890092,Train/activations/ResidualBlock3_2ndConvBlock_forward/mean,scalar,-0.003738078521564603
32,1745200913.1502557,Train/activations/ResidualBlock3_2ndConvBlock_forward/mean,scalar,-0.004889431409537792
33,1745201943.3790953,Train/activations/ResidualBlock3_2ndConvBlock_forward/mean,scalar,-0.0034303993452340364
34,1745202839.4139528,Train/activations/ResidualBlock3_2ndConvBlock_forward/mean,scalar,-0.003570226486772299
35,1745203720.369356,Train/activations/ResidualBlock3_2ndConvBlock_forward/mean,scalar,-0.0034275345969945192
36,1745204589.4013965,Train/activations/ResidualBlock3_2ndConvBlock_forward/mean,scalar,-0.002295513404533267
37,1745205607.4862823,Train/activations/ResidualBlock3_2ndConvBlock_forward/mean,scalar,-0.0032480850350111723
38,1745206470.4387476,Train/activations/ResidualBlock3_2ndConvBlock_forward/mean,scalar,-0.0017283214256167412
39,1745207343.5398579,Train/activations/ResidualBlock3_2ndConvBlock_forward/mean,scalar,-0.00270642782561481
40,1745208209.406233,Train/activations/ResidualBlock3_2ndConvBlock_forward/mean,scalar,-0.0019676429219543934
41,1745209076.317627,Train/activations/ResidualBlock3_2ndConvBlock_forward/mean,scalar,-0.001591269625350833
42,1745209942.80141,Train/activations/ResidualBlock3_2ndConvBlock_forward/mean,scalar,-0.001400788314640522
43,1745210815.819659,Train/activations/ResidualBlock3_2ndConvBlock_forward/mean,scalar,-0.001206415006890893
44,1745211689.21085,Train/activations/ResidualBlock3_2ndConvBlock_forward/mean,scalar,-0.0014672793913632631
45,1745212555.3086817,Train/activations/ResidualBlock3_2ndConvBlock_forward/mean,scalar,-0.0012221802026033401
46,1745213417.4033334,Train/activations/ResidualBlock3_2ndConvBlock_forward/mean,scalar,-0.0013917643809691072
47,1745214282.5945346,Train/activations/ResidualBlock3_2ndConvBlock_forward/mean,scalar,-0.000571524491533637
48,1745215148.1779318,Train/activations/ResidualBlock3_2ndConvBlock_forward/mean,scalar,-0.0008064129506237805
49,1745216019.7937062,Train/activations/ResidualBlock3_2ndConvBlock_forward/mean,scalar,-0.0010502657387405634
50,1745216894.2421517,Train/activations/ResidualBlock3_2ndConvBlock_forward/mean,scalar,-0.0014371726429089904
51,1745217756.7143118,Train/activations/ResidualBlock3_2ndConvBlock_forward/mean,scalar,-0.0010252180509269238
52,1745218620.6878097,Train/activations/ResidualBlock3_2ndConvBlock_forward/mean,scalar,-0.001199407153762877
53,1745219494.4150417,Train/activations/ResidualBlock3_2ndConvBlock_forward/mean,scalar,-0.0008197426795959473
54,1745220361.1768298,Train/activations/ResidualBlock3_2ndConvBlock_forward/mean,scalar,-0.0012944177724421024
55,1745221224.425509,Train/activations/ResidualBlock3_2ndConvBlock_forward/mean,scalar,-0.0014283850323408842
56,1745222085.9361124,Train/activations/ResidualBlock3_2ndConvBlock_forward/mean,scalar,-0.0008353415760211647
57,1745222948.9549778,Train/activations/ResidualBlock3_2ndConvBlock_forward/mean,scalar,-0.0012712320312857628
58,1745223809.5873425,Train/activations/ResidualBlock3_2ndConvBlock_forward/mean,scalar,-0.0011355793103575706
59,1745224668.3120763,Train/activations/ResidualBlock3_2ndConvBlock_forward/mean,scalar,-0.000954949005972594
60,1745225543.696954,Train/activations/ResidualBlock3_2ndConvBlock_forward/mean,scalar,-0.0005902484408579767
61,1745226401.9382868,Train/activations/ResidualBlock3_2ndConvBlock_forward/mean,scalar,-0.0008118082769215107
62,1745227259.5980618,Train/activations/ResidualBlock3_2ndConvBlock_forward/mean,scalar,-0.0011439365334808826
0,1745171235.490125,Train/activations/ResidualBlock3_2ndConvBlock_forward/std,scalar,1.0079362392425537
1,1745172296.8809834,Train/activations/ResidualBlock3_2ndConvBlock_forward/std,scalar,0.8758905529975891
2,1745173338.130066,Train/activations/ResidualBlock3_2ndConvBlock_forward/std,scalar,0.8415371775627136
3,1745174233.1288435,Train/activations/ResidualBlock3_2ndConvBlock_forward/std,scalar,0.7872282266616821
4,1745175273.567152,Train/activations/ResidualBlock3_2ndConvBlock_forward/std,scalar,0.7869443297386169
5,1745176165.8189635,Train/activations/ResidualBlock3_2ndConvBlock_forward/std,scalar,0.6318930387496948
6,1745177057.4381802,Train/activations/ResidualBlock3_2ndConvBlock_forward/std,scalar,0.8814123272895813
7,1745178097.841233,Train/activations/ResidualBlock3_2ndConvBlock_forward/std,scalar,0.6743477582931519
8,1745179142.5166209,Train/activations/ResidualBlock3_2ndConvBlock_forward/std,scalar,0.7104957103729248
9,1745180055.6390095,Train/activations/ResidualBlock3_2ndConvBlock_forward/std,scalar,0.5709401369094849
10,1745181105.8472419,Train/activations/ResidualBlock3_2ndConvBlock_forward/std,scalar,0.46499887108802795
11,1745182002.4428833,Train/activations/ResidualBlock3_2ndConvBlock_forward/std,scalar,0.4547449052333832
12,1745182902.5527987,Train/activations/ResidualBlock3_2ndConvBlock_forward/std,scalar,0.40645065903663635
13,1745183792.1663752,Train/activations/ResidualBlock3_2ndConvBlock_forward/std,scalar,0.3751786947250366
14,1745184693.3317924,Train/activations/ResidualBlock3_2ndConvBlock_forward/std,scalar,0.3179526925086975
15,1745185595.5066376,Train/activations/ResidualBlock3_2ndConvBlock_forward/std,scalar,0.26671653985977173
16,1745186496.7842093,Train/activations/ResidualBlock3_2ndConvBlock_forward/std,scalar,0.22551491856575012
17,1745187405.2598119,Train/activations/ResidualBlock3_2ndConvBlock_forward/std,scalar,0.22492364048957825
18,1745188306.308556,Train/activations/ResidualBlock3_2ndConvBlock_forward/std,scalar,0.21889309585094452
19,1745189207.7295575,Train/activations/ResidualBlock3_2ndConvBlock_forward/std,scalar,0.1576390564441681
20,1745190256.068866,Train/activations/ResidualBlock3_2ndConvBlock_forward/std,scalar,0.14999496936798096
21,1745191170.666244,Train/activations/ResidualBlock3_2ndConvBlock_forward/std,scalar,0.12471926212310791
22,1745192071.8717997,Train/activations/ResidualBlock3_2ndConvBlock_forward/std,scalar,0.11808351427316666
23,1745192964.212972,Train/activations/ResidualBlock3_2ndConvBlock_forward/std,scalar,0.10611183941364288
24,1745193856.0835812,Train/activations/ResidualBlock3_2ndConvBlock_forward/std,scalar,0.09239242970943451
25,1745194746.1365259,Train/activations/ResidualBlock3_2ndConvBlock_forward/std,scalar,0.08270887285470963
26,1745195628.7299526,Train/activations/ResidualBlock3_2ndConvBlock_forward/std,scalar,0.07744723558425903
27,1745196516.4264095,Train/activations/ResidualBlock3_2ndConvBlock_forward/std,scalar,0.07042265683412552
28,1745197400.572189,Train/activations/ResidualBlock3_2ndConvBlock_forward/std,scalar,0.07337680459022522
29,1745198281.639345,Train/activations/ResidualBlock3_2ndConvBlock_forward/std,scalar,0.06455214321613312
30,1745199160.7750123,Train/activations/ResidualBlock3_2ndConvBlock_forward/std,scalar,0.05686492845416069
31,1745200038.8893933,Train/activations/ResidualBlock3_2ndConvBlock_forward/std,scalar,0.05600839853286743
32,1745200913.150729,Train/activations/ResidualBlock3_2ndConvBlock_forward/std,scalar,0.054544806480407715
33,1745201943.3795285,Train/activations/ResidualBlock3_2ndConvBlock_forward/std,scalar,0.0507594458758831
34,1745202839.414392,Train/activations/ResidualBlock3_2ndConvBlock_forward/std,scalar,0.04729481413960457
35,1745203720.3697743,Train/activations/ResidualBlock3_2ndConvBlock_forward/std,scalar,0.04531807079911232
36,1745204589.4018805,Train/activations/ResidualBlock3_2ndConvBlock_forward/std,scalar,0.04492875561118126
37,1745205607.4866488,Train/activations/ResidualBlock3_2ndConvBlock_forward/std,scalar,0.041679054498672485
38,1745206470.4394422,Train/activations/ResidualBlock3_2ndConvBlock_forward/std,scalar,0.0408286452293396
39,1745207343.5402288,Train/activations/ResidualBlock3_2ndConvBlock_forward/std,scalar,0.04032086208462715
40,1745208209.407014,Train/activations/ResidualBlock3_2ndConvBlock_forward/std,scalar,0.0392652228474617
41,1745209076.351698,Train/activations/ResidualBlock3_2ndConvBlock_forward/std,scalar,0.03817836195230484
42,1745209942.8019443,Train/activations/ResidualBlock3_2ndConvBlock_forward/std,scalar,0.0369727686047554
43,1745210815.86287,Train/activations/ResidualBlock3_2ndConvBlock_forward/std,scalar,0.034310486167669296
44,1745211689.2113025,Train/activations/ResidualBlock3_2ndConvBlock_forward/std,scalar,0.03385705500841141
45,1745212555.3100693,Train/activations/ResidualBlock3_2ndConvBlock_forward/std,scalar,0.033871062099933624
46,1745213417.4041173,Train/activations/ResidualBlock3_2ndConvBlock_forward/std,scalar,0.03228118270635605
47,1745214282.600038,Train/activations/ResidualBlock3_2ndConvBlock_forward/std,scalar,0.029987573623657227
48,1745215148.1783874,Train/activations/ResidualBlock3_2ndConvBlock_forward/std,scalar,0.031296439468860626
49,1745216019.794361,Train/activations/ResidualBlock3_2ndConvBlock_forward/std,scalar,0.031875863671302795
50,1745216894.242687,Train/activations/ResidualBlock3_2ndConvBlock_forward/std,scalar,0.02975507453083992
51,1745217756.7147725,Train/activations/ResidualBlock3_2ndConvBlock_forward/std,scalar,0.029479309916496277
52,1745218620.6884859,Train/activations/ResidualBlock3_2ndConvBlock_forward/std,scalar,0.028269996866583824
53,1745219494.4159915,Train/activations/ResidualBlock3_2ndConvBlock_forward/std,scalar,0.027954405173659325
54,1745220361.1774993,Train/activations/ResidualBlock3_2ndConvBlock_forward/std,scalar,0.027366194874048233
55,1745221224.4259615,Train/activations/ResidualBlock3_2ndConvBlock_forward/std,scalar,0.026600122451782227
56,1745222085.9365962,Train/activations/ResidualBlock3_2ndConvBlock_forward/std,scalar,0.025075510144233704
57,1745222948.962264,Train/activations/ResidualBlock3_2ndConvBlock_forward/std,scalar,0.025010693818330765
58,1745223809.58781,Train/activations/ResidualBlock3_2ndConvBlock_forward/std,scalar,0.024151964113116264
59,1745224668.312447,Train/activations/ResidualBlock3_2ndConvBlock_forward/std,scalar,0.02377333492040634
60,1745225543.697328,Train/activations/ResidualBlock3_2ndConvBlock_forward/std,scalar,0.023430639877915382
61,1745226401.9387712,Train/activations/ResidualBlock3_2ndConvBlock_forward/std,scalar,0.023314690217375755
62,1745227259.5992072,Train/activations/ResidualBlock3_2ndConvBlock_forward/std,scalar,0.022321689873933792
0,1745171235.4905202,Train/activations/ResidualBlock3_2ndConvBlock_forward/max,scalar,10.501977920532227
1,1745172296.881516,Train/activations/ResidualBlock3_2ndConvBlock_forward/max,scalar,10.0855073928833
2,1745173338.130429,Train/activations/ResidualBlock3_2ndConvBlock_forward/max,scalar,11.144150733947754
3,1745174233.1293306,Train/activations/ResidualBlock3_2ndConvBlock_forward/max,scalar,9.025705337524414
4,1745175273.5675092,Train/activations/ResidualBlock3_2ndConvBlock_forward/max,scalar,7.022825717926025
5,1745176165.819385,Train/activations/ResidualBlock3_2ndConvBlock_forward/max,scalar,7.527679443359375
6,1745177057.4385285,Train/activations/ResidualBlock3_2ndConvBlock_forward/max,scalar,8.62332820892334
7,1745178097.8416097,Train/activations/ResidualBlock3_2ndConvBlock_forward/max,scalar,7.2978410720825195
8,1745179142.5171127,Train/activations/ResidualBlock3_2ndConvBlock_forward/max,scalar,4.615577697753906
9,1745180055.6394382,Train/activations/ResidualBlock3_2ndConvBlock_forward/max,scalar,5.114813327789307
10,1745181105.8475971,Train/activations/ResidualBlock3_2ndConvBlock_forward/max,scalar,4.3779096603393555
11,1745182002.4432259,Train/activations/ResidualBlock3_2ndConvBlock_forward/max,scalar,5.481446266174316
12,1745182902.5532298,Train/activations/ResidualBlock3_2ndConvBlock_forward/max,scalar,4.844503879547119
13,1745183792.1667166,Train/activations/ResidualBlock3_2ndConvBlock_forward/max,scalar,4.61904239654541
14,1745184693.3321977,Train/activations/ResidualBlock3_2ndConvBlock_forward/max,scalar,3.8078742027282715
15,1745185595.5069842,Train/activations/ResidualBlock3_2ndConvBlock_forward/max,scalar,3.495631694793701
16,1745186496.7854128,Train/activations/ResidualBlock3_2ndConvBlock_forward/max,scalar,3.742022752761841
17,1745187405.2603478,Train/activations/ResidualBlock3_2ndConvBlock_forward/max,scalar,3.2628719806671143
18,1745188306.3090742,Train/activations/ResidualBlock3_2ndConvBlock_forward/max,scalar,3.4615089893341064
19,1745189207.7299407,Train/activations/ResidualBlock3_2ndConvBlock_forward/max,scalar,3.258930206298828
20,1745190256.0692961,Train/activations/ResidualBlock3_2ndConvBlock_forward/max,scalar,2.761235237121582
21,1745191170.6666543,Train/activations/ResidualBlock3_2ndConvBlock_forward/max,scalar,2.202413558959961
22,1745192071.8721604,Train/activations/ResidualBlock3_2ndConvBlock_forward/max,scalar,2.776773691177368
23,1745192964.2133508,Train/activations/ResidualBlock3_2ndConvBlock_forward/max,scalar,2.108863353729248
24,1745193856.0839639,Train/activations/ResidualBlock3_2ndConvBlock_forward/max,scalar,2.3758625984191895
25,1745194746.1368897,Train/activations/ResidualBlock3_2ndConvBlock_forward/max,scalar,2.0804924964904785
26,1745195628.7303636,Train/activations/ResidualBlock3_2ndConvBlock_forward/max,scalar,1.7282867431640625
27,1745196516.4267807,Train/activations/ResidualBlock3_2ndConvBlock_forward/max,scalar,1.8360528945922852
28,1745197400.5725756,Train/activations/ResidualBlock3_2ndConvBlock_forward/max,scalar,1.5291717052459717
29,1745198281.6396863,Train/activations/ResidualBlock3_2ndConvBlock_forward/max,scalar,1.5221582651138306
30,1745199160.7754323,Train/activations/ResidualBlock3_2ndConvBlock_forward/max,scalar,1.4250881671905518
31,1745200038.8897755,Train/activations/ResidualBlock3_2ndConvBlock_forward/max,scalar,1.499271035194397
32,1745200913.1511042,Train/activations/ResidualBlock3_2ndConvBlock_forward/max,scalar,1.271259069442749
33,1745201943.379891,Train/activations/ResidualBlock3_2ndConvBlock_forward/max,scalar,1.2128794193267822
34,1745202839.4147701,Train/activations/ResidualBlock3_2ndConvBlock_forward/max,scalar,1.2911769151687622
35,1745203720.3708224,Train/activations/ResidualBlock3_2ndConvBlock_forward/max,scalar,1.2798445224761963
36,1745204589.402399,Train/activations/ResidualBlock3_2ndConvBlock_forward/max,scalar,1.173898458480835
37,1745205607.4870498,Train/activations/ResidualBlock3_2ndConvBlock_forward/max,scalar,1.2015094757080078
38,1745206470.4414597,Train/activations/ResidualBlock3_2ndConvBlock_forward/max,scalar,1.1402167081832886
39,1745207343.540628,Train/activations/ResidualBlock3_2ndConvBlock_forward/max,scalar,1.1327875852584839
40,1745208209.407513,Train/activations/ResidualBlock3_2ndConvBlock_forward/max,scalar,1.0436046123504639
41,1745209076.3805785,Train/activations/ResidualBlock3_2ndConvBlock_forward/max,scalar,1.0307097434997559
42,1745209942.8062465,Train/activations/ResidualBlock3_2ndConvBlock_forward/max,scalar,0.9590868949890137
43,1745210815.8638153,Train/activations/ResidualBlock3_2ndConvBlock_forward/max,scalar,0.8847877383232117
44,1745211689.2117653,Train/activations/ResidualBlock3_2ndConvBlock_forward/max,scalar,0.9027767181396484
45,1745212555.3106263,Train/activations/ResidualBlock3_2ndConvBlock_forward/max,scalar,0.921532154083252
46,1745213417.4047074,Train/activations/ResidualBlock3_2ndConvBlock_forward/max,scalar,0.8274267315864563
47,1745214282.6005406,Train/activations/ResidualBlock3_2ndConvBlock_forward/max,scalar,0.8148132562637329
48,1745215148.1789608,Train/activations/ResidualBlock3_2ndConvBlock_forward/max,scalar,0.8958179354667664
49,1745216019.795115,Train/activations/ResidualBlock3_2ndConvBlock_forward/max,scalar,0.9287392497062683
50,1745216894.2431023,Train/activations/ResidualBlock3_2ndConvBlock_forward/max,scalar,0.8857535123825073
51,1745217756.7152166,Train/activations/ResidualBlock3_2ndConvBlock_forward/max,scalar,0.7203387022018433
52,1745218620.6889465,Train/activations/ResidualBlock3_2ndConvBlock_forward/max,scalar,0.7655080556869507
53,1745219494.416384,Train/activations/ResidualBlock3_2ndConvBlock_forward/max,scalar,0.7456730604171753
54,1745220361.178398,Train/activations/ResidualBlock3_2ndConvBlock_forward/max,scalar,0.7757959365844727
55,1745221224.4271712,Train/activations/ResidualBlock3_2ndConvBlock_forward/max,scalar,0.7620776891708374
56,1745222085.9373224,Train/activations/ResidualBlock3_2ndConvBlock_forward/max,scalar,0.6759144067764282
57,1745222948.9699886,Train/activations/ResidualBlock3_2ndConvBlock_forward/max,scalar,0.7191828489303589
58,1745223809.5882306,Train/activations/ResidualBlock3_2ndConvBlock_forward/max,scalar,0.6836986541748047
59,1745224668.312819,Train/activations/ResidualBlock3_2ndConvBlock_forward/max,scalar,0.7004035711288452
60,1745225543.697691,Train/activations/ResidualBlock3_2ndConvBlock_forward/max,scalar,0.6141137480735779
61,1745226401.939173,Train/activations/ResidualBlock3_2ndConvBlock_forward/max,scalar,0.6721978187561035
62,1745227259.5995536,Train/activations/ResidualBlock3_2ndConvBlock_forward/max,scalar,0.6168540716171265
0,1745171235.4909086,Train/activations/ResidualBlock3_2ndConvBlock_forward/min,scalar,-8.153005599975586
1,1745172296.8842382,Train/activations/ResidualBlock3_2ndConvBlock_forward/min,scalar,-9.573163032531738
2,1745173338.1308436,Train/activations/ResidualBlock3_2ndConvBlock_forward/min,scalar,-11.026975631713867
3,1745174233.1297154,Train/activations/ResidualBlock3_2ndConvBlock_forward/min,scalar,-6.771918296813965
4,1745175273.5683694,Train/activations/ResidualBlock3_2ndConvBlock_forward/min,scalar,-6.408545017242432
5,1745176165.819872,Train/activations/ResidualBlock3_2ndConvBlock_forward/min,scalar,-7.487279415130615
6,1745177057.4388723,Train/activations/ResidualBlock3_2ndConvBlock_forward/min,scalar,-5.1974687576293945
7,1745178097.8419788,Train/activations/ResidualBlock3_2ndConvBlock_forward/min,scalar,-4.912985801696777
8,1745179142.517529,Train/activations/ResidualBlock3_2ndConvBlock_forward/min,scalar,-3.503225803375244
9,1745180055.6398742,Train/activations/ResidualBlock3_2ndConvBlock_forward/min,scalar,-3.5854294300079346
10,1745181105.8479693,Train/activations/ResidualBlock3_2ndConvBlock_forward/min,scalar,-3.2401390075683594
11,1745182002.4435773,Train/activations/ResidualBlock3_2ndConvBlock_forward/min,scalar,-3.15061092376709
12,1745182902.5548823,Train/activations/ResidualBlock3_2ndConvBlock_forward/min,scalar,-3.0999372005462646
13,1745183792.167092,Train/activations/ResidualBlock3_2ndConvBlock_forward/min,scalar,-3.2255043983459473
14,1745184693.332644,Train/activations/ResidualBlock3_2ndConvBlock_forward/min,scalar,-2.4203474521636963
15,1745185595.507368,Train/activations/ResidualBlock3_2ndConvBlock_forward/min,scalar,-2.4132795333862305
16,1745186496.7914317,Train/activations/ResidualBlock3_2ndConvBlock_forward/min,scalar,-2.6643471717834473
17,1745187405.2607117,Train/activations/ResidualBlock3_2ndConvBlock_forward/min,scalar,-2.096860885620117
18,1745188306.309565,Train/activations/ResidualBlock3_2ndConvBlock_forward/min,scalar,-2.245171070098877
19,1745189207.7302911,Train/activations/ResidualBlock3_2ndConvBlock_forward/min,scalar,-1.764190435409546
20,1745190256.0696816,Train/activations/ResidualBlock3_2ndConvBlock_forward/min,scalar,-1.6997894048690796
21,1745191170.6685739,Train/activations/ResidualBlock3_2ndConvBlock_forward/min,scalar,-1.2941796779632568
22,1745192071.8725262,Train/activations/ResidualBlock3_2ndConvBlock_forward/min,scalar,-1.7514541149139404
23,1745192964.2137115,Train/activations/ResidualBlock3_2ndConvBlock_forward/min,scalar,-1.2548015117645264
24,1745193856.0843978,Train/activations/ResidualBlock3_2ndConvBlock_forward/min,scalar,-1.2491919994354248
25,1745194746.1373453,Train/activations/ResidualBlock3_2ndConvBlock_forward/min,scalar,-1.2581403255462646
26,1745195628.7307353,Train/activations/ResidualBlock3_2ndConvBlock_forward/min,scalar,-0.9662407636642456
27,1745196516.4271579,Train/activations/ResidualBlock3_2ndConvBlock_forward/min,scalar,-1.021726369857788
28,1745197400.5729864,Train/activations/ResidualBlock3_2ndConvBlock_forward/min,scalar,-0.9710870981216431
29,1745198281.6400683,Train/activations/ResidualBlock3_2ndConvBlock_forward/min,scalar,-0.9752212762832642
30,1745199160.7758427,Train/activations/ResidualBlock3_2ndConvBlock_forward/min,scalar,-0.8467548489570618
31,1745200038.890132,Train/activations/ResidualBlock3_2ndConvBlock_forward/min,scalar,-0.8266102075576782
32,1745200913.1519196,Train/activations/ResidualBlock3_2ndConvBlock_forward/min,scalar,-0.8134549260139465
33,1745201943.380301,Train/activations/ResidualBlock3_2ndConvBlock_forward/min,scalar,-0.7639837861061096
34,1745202839.4151783,Train/activations/ResidualBlock3_2ndConvBlock_forward/min,scalar,-0.7888661623001099
35,1745203720.3729234,Train/activations/ResidualBlock3_2ndConvBlock_forward/min,scalar,-0.726248025894165
36,1745204589.4028182,Train/activations/ResidualBlock3_2ndConvBlock_forward/min,scalar,-0.7621454000473022
37,1745205607.4875393,Train/activations/ResidualBlock3_2ndConvBlock_forward/min,scalar,-0.8080241084098816
38,1745206470.4500098,Train/activations/ResidualBlock3_2ndConvBlock_forward/min,scalar,-0.7748505473136902
39,1745207343.5409553,Train/activations/ResidualBlock3_2ndConvBlock_forward/min,scalar,-0.6749723553657532
40,1745208209.4079304,Train/activations/ResidualBlock3_2ndConvBlock_forward/min,scalar,-0.680126428604126
41,1745209076.397341,Train/activations/ResidualBlock3_2ndConvBlock_forward/min,scalar,-0.7332319021224976
42,1745209942.810378,Train/activations/ResidualBlock3_2ndConvBlock_forward/min,scalar,-0.7060188055038452
43,1745210815.8645456,Train/activations/ResidualBlock3_2ndConvBlock_forward/min,scalar,-0.6100611090660095
44,1745211689.2141354,Train/activations/ResidualBlock3_2ndConvBlock_forward/min,scalar,-0.6544721126556396
45,1745212555.3111203,Train/activations/ResidualBlock3_2ndConvBlock_forward/min,scalar,-0.6427997350692749
46,1745213417.4053626,Train/activations/ResidualBlock3_2ndConvBlock_forward/min,scalar,-0.5572529435157776
47,1745214282.6009552,Train/activations/ResidualBlock3_2ndConvBlock_forward/min,scalar,-0.5856353044509888
48,1745215148.1793895,Train/activations/ResidualBlock3_2ndConvBlock_forward/min,scalar,-0.574931263923645
49,1745216019.796006,Train/activations/ResidualBlock3_2ndConvBlock_forward/min,scalar,-0.6762534379959106
50,1745216894.243471,Train/activations/ResidualBlock3_2ndConvBlock_forward/min,scalar,-0.6862133741378784
51,1745217756.715619,Train/activations/ResidualBlock3_2ndConvBlock_forward/min,scalar,-0.5775593519210815
52,1745218620.6893668,Train/activations/ResidualBlock3_2ndConvBlock_forward/min,scalar,-0.5124474763870239
53,1745219494.417616,Train/activations/ResidualBlock3_2ndConvBlock_forward/min,scalar,-0.5516389608383179
54,1745220361.1787593,Train/activations/ResidualBlock3_2ndConvBlock_forward/min,scalar,-0.5776349306106567
55,1745221224.4277735,Train/activations/ResidualBlock3_2ndConvBlock_forward/min,scalar,-0.5301471948623657
56,1745222085.937808,Train/activations/ResidualBlock3_2ndConvBlock_forward/min,scalar,-0.49694928526878357
57,1745222948.9727206,Train/activations/ResidualBlock3_2ndConvBlock_forward/min,scalar,-0.527654767036438
58,1745223809.5886402,Train/activations/ResidualBlock3_2ndConvBlock_forward/min,scalar,-0.4900279939174652
59,1745224668.31318,Train/activations/ResidualBlock3_2ndConvBlock_forward/min,scalar,-0.47505125403404236
60,1745225543.6980546,Train/activations/ResidualBlock3_2ndConvBlock_forward/min,scalar,-0.4910585880279541
61,1745226401.9397614,Train/activations/ResidualBlock3_2ndConvBlock_forward/min,scalar,-0.501654326915741
62,1745227259.600293,Train/activations/ResidualBlock3_2ndConvBlock_forward/min,scalar,-0.46160703897476196
0,1745171235.491308,Train/activations/ResidualBlock4_1stConvBlock_forward/mean,scalar,-0.3505282700061798
1,1745172296.8846903,Train/activations/ResidualBlock4_1stConvBlock_forward/mean,scalar,-0.44588223099708557
2,1745173338.1312046,Train/activations/ResidualBlock4_1stConvBlock_forward/mean,scalar,-0.43174391984939575
3,1745174233.1305099,Train/activations/ResidualBlock4_1stConvBlock_forward/mean,scalar,-0.438706636428833
4,1745175273.568754,Train/activations/ResidualBlock4_1stConvBlock_forward/mean,scalar,-0.408586323261261
5,1745176165.820308,Train/activations/ResidualBlock4_1stConvBlock_forward/mean,scalar,-0.3890637755393982
6,1745177057.4392285,Train/activations/ResidualBlock4_1stConvBlock_forward/mean,scalar,-0.4869176745414734
7,1745178097.842333,Train/activations/ResidualBlock4_1stConvBlock_forward/mean,scalar,-0.4365498423576355
8,1745179142.5179443,Train/activations/ResidualBlock4_1stConvBlock_forward/mean,scalar,-0.37584954500198364
9,1745180055.6405115,Train/activations/ResidualBlock4_1stConvBlock_forward/mean,scalar,-0.36093658208847046
10,1745181105.8483467,Train/activations/ResidualBlock4_1stConvBlock_forward/mean,scalar,-0.3695167303085327
11,1745182002.4439578,Train/activations/ResidualBlock4_1stConvBlock_forward/mean,scalar,-0.3564448952674866
12,1745182902.5552862,Train/activations/ResidualBlock4_1stConvBlock_forward/mean,scalar,-0.3368856906890869
13,1745183792.167588,Train/activations/ResidualBlock4_1stConvBlock_forward/mean,scalar,-0.3241872787475586
14,1745184693.3330777,Train/activations/ResidualBlock4_1stConvBlock_forward/mean,scalar,-0.2962116599082947
15,1745185595.5077055,Train/activations/ResidualBlock4_1stConvBlock_forward/mean,scalar,-0.29220324754714966
16,1745186496.8035688,Train/activations/ResidualBlock4_1stConvBlock_forward/mean,scalar,-0.28435197472572327
17,1745187405.2612562,Train/activations/ResidualBlock4_1stConvBlock_forward/mean,scalar,-0.27077820897102356
18,1745188306.3100345,Train/activations/ResidualBlock4_1stConvBlock_forward/mean,scalar,-0.25544530153274536
19,1745189207.7306404,Train/activations/ResidualBlock4_1stConvBlock_forward/mean,scalar,-0.2468278855085373
20,1745190256.0700638,Train/activations/ResidualBlock4_1stConvBlock_forward/mean,scalar,-0.245484858751297
21,1745191170.6690474,Train/activations/ResidualBlock4_1stConvBlock_forward/mean,scalar,-0.2263687551021576
22,1745192071.8729017,Train/activations/ResidualBlock4_1stConvBlock_forward/mean,scalar,-0.2263353168964386
23,1745192964.2140834,Train/activations/ResidualBlock4_1stConvBlock_forward/mean,scalar,-0.2294468879699707
24,1745193856.0848403,Train/activations/ResidualBlock4_1stConvBlock_forward/mean,scalar,-0.18830029666423798
25,1745194746.137817,Train/activations/ResidualBlock4_1stConvBlock_forward/mean,scalar,-0.18438515067100525
26,1745195628.7311065,Train/activations/ResidualBlock4_1stConvBlock_forward/mean,scalar,-0.17051061987876892
27,1745196516.427494,Train/activations/ResidualBlock4_1stConvBlock_forward/mean,scalar,-0.15569809079170227
28,1745197400.573336,Train/activations/ResidualBlock4_1stConvBlock_forward/mean,scalar,-0.15111833810806274
29,1745198281.640434,Train/activations/ResidualBlock4_1stConvBlock_forward/mean,scalar,-0.16091781854629517
30,1745199160.7762256,Train/activations/ResidualBlock4_1stConvBlock_forward/mean,scalar,-0.1417887955904007
31,1745200038.8904867,Train/activations/ResidualBlock4_1stConvBlock_forward/mean,scalar,-0.1381421536207199
32,1745200913.1523306,Train/activations/ResidualBlock4_1stConvBlock_forward/mean,scalar,-0.12673626840114594
33,1745201943.3806477,Train/activations/ResidualBlock4_1stConvBlock_forward/mean,scalar,-0.12770937383174896
34,1745202839.415523,Train/activations/ResidualBlock4_1stConvBlock_forward/mean,scalar,-0.12851394712924957
35,1745203720.3742492,Train/activations/ResidualBlock4_1stConvBlock_forward/mean,scalar,-0.11495164781808853
36,1745204589.403955,Train/activations/ResidualBlock4_1stConvBlock_forward/mean,scalar,-0.10110989958047867
37,1745205607.487926,Train/activations/ResidualBlock4_1stConvBlock_forward/mean,scalar,-0.09966930001974106
38,1745206470.4504676,Train/activations/ResidualBlock4_1stConvBlock_forward/mean,scalar,-0.08100695163011551
39,1745207343.5413756,Train/activations/ResidualBlock4_1stConvBlock_forward/mean,scalar,-0.08862791955471039
40,1745208209.4083927,Train/activations/ResidualBlock4_1stConvBlock_forward/mean,scalar,-0.08270572125911713
41,1745209076.4235978,Train/activations/ResidualBlock4_1stConvBlock_forward/mean,scalar,-0.07397288084030151
42,1745209942.8108592,Train/activations/ResidualBlock4_1stConvBlock_forward/mean,scalar,-0.077276311814785
43,1745210815.8660352,Train/activations/ResidualBlock4_1stConvBlock_forward/mean,scalar,-0.06370938569307327
44,1745211689.2146008,Train/activations/ResidualBlock4_1stConvBlock_forward/mean,scalar,-0.06838226318359375
45,1745212555.311719,Train/activations/ResidualBlock4_1stConvBlock_forward/mean,scalar,-0.06744455546140671
46,1745213417.4058585,Train/activations/ResidualBlock4_1stConvBlock_forward/mean,scalar,-0.06181708723306656
47,1745214282.6013896,Train/activations/ResidualBlock4_1stConvBlock_forward/mean,scalar,-0.06008734181523323
48,1745215148.179842,Train/activations/ResidualBlock4_1stConvBlock_forward/mean,scalar,-0.06359316408634186
49,1745216019.7970152,Train/activations/ResidualBlock4_1stConvBlock_forward/mean,scalar,-0.06254057586193085
50,1745216894.2477083,Train/activations/ResidualBlock4_1stConvBlock_forward/mean,scalar,-0.05378465726971626
51,1745217756.716115,Train/activations/ResidualBlock4_1stConvBlock_forward/mean,scalar,-0.051999758929014206
52,1745218620.689871,Train/activations/ResidualBlock4_1stConvBlock_forward/mean,scalar,-0.046921003609895706
53,1745219494.4189844,Train/activations/ResidualBlock4_1stConvBlock_forward/mean,scalar,-0.04325435683131218
54,1745220361.179149,Train/activations/ResidualBlock4_1stConvBlock_forward/mean,scalar,-0.037646081298589706
55,1745221224.4281998,Train/activations/ResidualBlock4_1stConvBlock_forward/mean,scalar,-0.037807416170835495
56,1745222085.9384015,Train/activations/ResidualBlock4_1stConvBlock_forward/mean,scalar,-0.04011973738670349
57,1745222948.9916894,Train/activations/ResidualBlock4_1stConvBlock_forward/mean,scalar,-0.039704855531454086
58,1745223809.5890036,Train/activations/ResidualBlock4_1stConvBlock_forward/mean,scalar,-0.03784983605146408
59,1745224668.3135312,Train/activations/ResidualBlock4_1stConvBlock_forward/mean,scalar,-0.03607063367962837
60,1745225543.6984258,Train/activations/ResidualBlock4_1stConvBlock_forward/mean,scalar,-0.03393762558698654
61,1745226401.9401445,Train/activations/ResidualBlock4_1stConvBlock_forward/mean,scalar,-0.03544505685567856
62,1745227259.6007094,Train/activations/ResidualBlock4_1stConvBlock_forward/mean,scalar,-0.033211879432201385
0,1745171235.4917004,Train/activations/ResidualBlock4_1stConvBlock_forward/std,scalar,0.9992984533309937
1,1745172296.8851323,Train/activations/ResidualBlock4_1stConvBlock_forward/std,scalar,1.1093679666519165
2,1745173338.1315868,Train/activations/ResidualBlock4_1stConvBlock_forward/std,scalar,1.0619738101959229
3,1745174233.1309319,Train/activations/ResidualBlock4_1stConvBlock_forward/std,scalar,1.1255829334259033
4,1745175273.5691688,Train/activations/ResidualBlock4_1stConvBlock_forward/std,scalar,1.0525766611099243
5,1745176165.8208025,Train/activations/ResidualBlock4_1stConvBlock_forward/std,scalar,0.9697808027267456
6,1745177057.4396462,Train/activations/ResidualBlock4_1stConvBlock_forward/std,scalar,1.311199426651001
7,1745178097.8426833,Train/activations/ResidualBlock4_1stConvBlock_forward/std,scalar,1.2150970697402954
8,1745179142.5185204,Train/activations/ResidualBlock4_1stConvBlock_forward/std,scalar,1.089147686958313
9,1745180055.6425161,Train/activations/ResidualBlock4_1stConvBlock_forward/std,scalar,0.9646936655044556
10,1745181105.8487267,Train/activations/ResidualBlock4_1stConvBlock_forward/std,scalar,0.8922521471977234
11,1745182002.444282,Train/activations/ResidualBlock4_1stConvBlock_forward/std,scalar,0.8434406518936157
12,1745182902.5556495,Train/activations/ResidualBlock4_1stConvBlock_forward/std,scalar,0.7951866388320923
13,1745183792.1680868,Train/activations/ResidualBlock4_1stConvBlock_forward/std,scalar,0.7941117286682129
14,1745184693.3336067,Train/activations/ResidualBlock4_1stConvBlock_forward/std,scalar,0.7163028717041016
15,1745185595.5080583,Train/activations/ResidualBlock4_1stConvBlock_forward/std,scalar,0.6980990767478943
16,1745186496.8196769,Train/activations/ResidualBlock4_1stConvBlock_forward/std,scalar,0.6640897989273071
17,1745187405.2616673,Train/activations/ResidualBlock4_1stConvBlock_forward/std,scalar,0.6198891401290894
18,1745188306.3106723,Train/activations/ResidualBlock4_1stConvBlock_forward/std,scalar,0.5994611978530884
19,1745189207.7310123,Train/activations/ResidualBlock4_1stConvBlock_forward/std,scalar,0.578490138053894
20,1745190256.070468,Train/activations/ResidualBlock4_1stConvBlock_forward/std,scalar,0.5764891505241394
21,1745191170.6700926,Train/activations/ResidualBlock4_1stConvBlock_forward/std,scalar,0.5198158621788025
22,1745192071.87326,Train/activations/ResidualBlock4_1stConvBlock_forward/std,scalar,0.529967188835144
23,1745192964.2144566,Train/activations/ResidualBlock4_1stConvBlock_forward/std,scalar,0.5088714361190796
24,1745193856.0852466,Train/activations/ResidualBlock4_1stConvBlock_forward/std,scalar,0.48205170035362244
25,1745194746.1382163,Train/activations/ResidualBlock4_1stConvBlock_forward/std,scalar,0.4611576497554779
26,1745195628.7315893,Train/activations/ResidualBlock4_1stConvBlock_forward/std,scalar,0.45515722036361694
27,1745196516.4278805,Train/activations/ResidualBlock4_1stConvBlock_forward/std,scalar,0.4384140968322754
28,1745197400.573745,Train/activations/ResidualBlock4_1stConvBlock_forward/std,scalar,0.4434659481048584
29,1745198281.6408324,Train/activations/ResidualBlock4_1stConvBlock_forward/std,scalar,0.44296199083328247
30,1745199160.7766066,Train/activations/ResidualBlock4_1stConvBlock_forward/std,scalar,0.4006192684173584
31,1745200038.8908637,Train/activations/ResidualBlock4_1stConvBlock_forward/std,scalar,0.39238131046295166
32,1745200913.152752,Train/activations/ResidualBlock4_1stConvBlock_forward/std,scalar,0.38644200563430786
33,1745201943.3810105,Train/activations/ResidualBlock4_1stConvBlock_forward/std,scalar,0.3751058280467987
34,1745202839.4158826,Train/activations/ResidualBlock4_1stConvBlock_forward/std,scalar,0.3650802671909332
35,1745203720.374597,Train/activations/ResidualBlock4_1stConvBlock_forward/std,scalar,0.35643893480300903
36,1745204589.4043367,Train/activations/ResidualBlock4_1stConvBlock_forward/std,scalar,0.34426701068878174
37,1745205607.4883604,Train/activations/ResidualBlock4_1stConvBlock_forward/std,scalar,0.32890838384628296
38,1745206470.4513693,Train/activations/ResidualBlock4_1stConvBlock_forward/std,scalar,0.31491655111312866
39,1745207343.5418367,Train/activations/ResidualBlock4_1stConvBlock_forward/std,scalar,0.33814817667007446
40,1745208209.4088733,Train/activations/ResidualBlock4_1stConvBlock_forward/std,scalar,0.30734866857528687
41,1745209076.4468784,Train/activations/ResidualBlock4_1stConvBlock_forward/std,scalar,0.29168808460235596
42,1745209942.8113675,Train/activations/ResidualBlock4_1stConvBlock_forward/std,scalar,0.28821149468421936
43,1745210815.8698,Train/activations/ResidualBlock4_1stConvBlock_forward/std,scalar,0.2818121612071991
44,1745211689.2150807,Train/activations/ResidualBlock4_1stConvBlock_forward/std,scalar,0.2754634916782379
45,1745212555.3125935,Train/activations/ResidualBlock4_1stConvBlock_forward/std,scalar,0.27075812220573425
46,1745213417.406345,Train/activations/ResidualBlock4_1stConvBlock_forward/std,scalar,0.27049773931503296
47,1745214282.601777,Train/activations/ResidualBlock4_1stConvBlock_forward/std,scalar,0.26288002729415894
48,1745215148.1806757,Train/activations/ResidualBlock4_1stConvBlock_forward/std,scalar,0.2679842710494995
49,1745216019.7982466,Train/activations/ResidualBlock4_1stConvBlock_forward/std,scalar,0.2715558111667633
50,1745216894.2481892,Train/activations/ResidualBlock4_1stConvBlock_forward/std,scalar,0.25540852546691895
51,1745217756.7165473,Train/activations/ResidualBlock4_1stConvBlock_forward/std,scalar,0.2654367685317993
52,1745218620.6909301,Train/activations/ResidualBlock4_1stConvBlock_forward/std,scalar,0.25187188386917114
53,1745219494.420908,Train/activations/ResidualBlock4_1stConvBlock_forward/std,scalar,0.24300870299339294
54,1745220361.179508,Train/activations/ResidualBlock4_1stConvBlock_forward/std,scalar,0.2376464307308197
55,1745221224.4287188,Train/activations/ResidualBlock4_1stConvBlock_forward/std,scalar,0.23086853325366974
56,1745222085.9391704,Train/activations/ResidualBlock4_1stConvBlock_forward/std,scalar,0.22298459708690643
57,1745222949.004863,Train/activations/ResidualBlock4_1stConvBlock_forward/std,scalar,0.23093536496162415
58,1745223809.5894334,Train/activations/ResidualBlock4_1stConvBlock_forward/std,scalar,0.22230176627635956
59,1745224668.313913,Train/activations/ResidualBlock4_1stConvBlock_forward/std,scalar,0.21382513642311096
60,1745225543.698801,Train/activations/ResidualBlock4_1stConvBlock_forward/std,scalar,0.21367008984088898
61,1745226401.9405696,Train/activations/ResidualBlock4_1stConvBlock_forward/std,scalar,0.21507637202739716
62,1745227259.6014833,Train/activations/ResidualBlock4_1stConvBlock_forward/std,scalar,0.21117977797985077
0,1745171235.4921227,Train/activations/ResidualBlock4_1stConvBlock_forward/max,scalar,11.985406875610352
1,1745172296.8856895,Train/activations/ResidualBlock4_1stConvBlock_forward/max,scalar,10.228150367736816
2,1745173338.1319902,Train/activations/ResidualBlock4_1stConvBlock_forward/max,scalar,22.233972549438477
3,1745174233.131504,Train/activations/ResidualBlock4_1stConvBlock_forward/max,scalar,11.558150291442871
4,1745175273.5700102,Train/activations/ResidualBlock4_1stConvBlock_forward/max,scalar,15.502636909484863
5,1745176165.8212311,Train/activations/ResidualBlock4_1stConvBlock_forward/max,scalar,20.579051971435547
6,1745177057.4400766,Train/activations/ResidualBlock4_1stConvBlock_forward/max,scalar,17.061349868774414
7,1745178097.8430371,Train/activations/ResidualBlock4_1stConvBlock_forward/max,scalar,18.851566314697266
8,1745179142.5191355,Train/activations/ResidualBlock4_1stConvBlock_forward/max,scalar,14.925152778625488
9,1745180055.6499655,Train/activations/ResidualBlock4_1stConvBlock_forward/max,scalar,25.210439682006836
10,1745181105.8491018,Train/activations/ResidualBlock4_1stConvBlock_forward/max,scalar,12.793683052062988
11,1745182002.444674,Train/activations/ResidualBlock4_1stConvBlock_forward/max,scalar,18.230815887451172
12,1745182902.5560174,Train/activations/ResidualBlock4_1stConvBlock_forward/max,scalar,11.43895149230957
13,1745183792.1685486,Train/activations/ResidualBlock4_1stConvBlock_forward/max,scalar,11.32667064666748
14,1745184693.3341546,Train/activations/ResidualBlock4_1stConvBlock_forward/max,scalar,10.899639129638672
15,1745185595.5084667,Train/activations/ResidualBlock4_1stConvBlock_forward/max,scalar,15.967541694641113
16,1745186496.8372118,Train/activations/ResidualBlock4_1stConvBlock_forward/max,scalar,11.741349220275879
17,1745187405.2620308,Train/activations/ResidualBlock4_1stConvBlock_forward/max,scalar,13.084196090698242
18,1745188306.311147,Train/activations/ResidualBlock4_1stConvBlock_forward/max,scalar,16.462520599365234
19,1745189207.7313745,Train/activations/ResidualBlock4_1stConvBlock_forward/max,scalar,10.934765815734863
20,1745190256.070829,Train/activations/ResidualBlock4_1stConvBlock_forward/max,scalar,10.303040504455566
21,1745191170.6705577,Train/activations/ResidualBlock4_1stConvBlock_forward/max,scalar,7.391975402832031
22,1745192071.87368,Train/activations/ResidualBlock4_1stConvBlock_forward/max,scalar,8.716588020324707
23,1745192964.2148275,Train/activations/ResidualBlock4_1stConvBlock_forward/max,scalar,6.879676818847656
24,1745193856.0856988,Train/activations/ResidualBlock4_1stConvBlock_forward/max,scalar,12.038488388061523
25,1745194746.1387093,Train/activations/ResidualBlock4_1stConvBlock_forward/max,scalar,11.050614356994629
26,1745195628.7319949,Train/activations/ResidualBlock4_1stConvBlock_forward/max,scalar,5.931465148925781
27,1745196516.4282663,Train/activations/ResidualBlock4_1stConvBlock_forward/max,scalar,7.078341007232666
28,1745197400.5741146,Train/activations/ResidualBlock4_1stConvBlock_forward/max,scalar,7.186835289001465
29,1745198281.6411893,Train/activations/ResidualBlock4_1stConvBlock_forward/max,scalar,8.266682624816895
30,1745199160.7770028,Train/activations/ResidualBlock4_1stConvBlock_forward/max,scalar,6.507071495056152
31,1745200038.8912685,Train/activations/ResidualBlock4_1stConvBlock_forward/max,scalar,6.12842321395874
32,1745200913.1531627,Train/activations/ResidualBlock4_1stConvBlock_forward/max,scalar,5.625161170959473
33,1745201943.3814142,Train/activations/ResidualBlock4_1stConvBlock_forward/max,scalar,4.785248756408691
34,1745202839.4162855,Train/activations/ResidualBlock4_1stConvBlock_forward/max,scalar,5.265538215637207
35,1745203720.3751824,Train/activations/ResidualBlock4_1stConvBlock_forward/max,scalar,5.550840854644775
36,1745204589.4047565,Train/activations/ResidualBlock4_1stConvBlock_forward/max,scalar,4.4465861320495605
37,1745205607.488753,Train/activations/ResidualBlock4_1stConvBlock_forward/max,scalar,5.114226341247559
38,1745206470.4518003,Train/activations/ResidualBlock4_1stConvBlock_forward/max,scalar,7.489002227783203
39,1745207343.5422277,Train/activations/ResidualBlock4_1stConvBlock_forward/max,scalar,5.099732875823975
40,1745208209.4107058,Train/activations/ResidualBlock4_1stConvBlock_forward/max,scalar,4.560672283172607
41,1745209076.4815571,Train/activations/ResidualBlock4_1stConvBlock_forward/max,scalar,6.68759822845459
42,1745209942.8117516,Train/activations/ResidualBlock4_1stConvBlock_forward/max,scalar,5.220396995544434
43,1745210815.8710415,Train/activations/ResidualBlock4_1stConvBlock_forward/max,scalar,7.009020805358887
44,1745211689.215549,Train/activations/ResidualBlock4_1stConvBlock_forward/max,scalar,3.957062244415283
45,1745212555.3131974,Train/activations/ResidualBlock4_1stConvBlock_forward/max,scalar,4.901760101318359
46,1745213417.406839,Train/activations/ResidualBlock4_1stConvBlock_forward/max,scalar,3.9446606636047363
47,1745214282.602225,Train/activations/ResidualBlock4_1stConvBlock_forward/max,scalar,4.4652581214904785
48,1745215148.181058,Train/activations/ResidualBlock4_1stConvBlock_forward/max,scalar,3.0611491203308105
49,1745216019.7990596,Train/activations/ResidualBlock4_1stConvBlock_forward/max,scalar,3.739903688430786
50,1745216894.2485256,Train/activations/ResidualBlock4_1stConvBlock_forward/max,scalar,4.416853904724121
51,1745217756.7171304,Train/activations/ResidualBlock4_1stConvBlock_forward/max,scalar,3.6163036823272705
52,1745218620.6914725,Train/activations/ResidualBlock4_1stConvBlock_forward/max,scalar,3.324746608734131
53,1745219494.4212935,Train/activations/ResidualBlock4_1stConvBlock_forward/max,scalar,4.213552951812744
54,1745220361.179924,Train/activations/ResidualBlock4_1stConvBlock_forward/max,scalar,3.4472014904022217
55,1745221224.429094,Train/activations/ResidualBlock4_1stConvBlock_forward/max,scalar,3.587434768676758
56,1745222085.9403136,Train/activations/ResidualBlock4_1stConvBlock_forward/max,scalar,3.10166072845459
57,1745222949.0133903,Train/activations/ResidualBlock4_1stConvBlock_forward/max,scalar,3.367333173751831
58,1745223809.5898547,Train/activations/ResidualBlock4_1stConvBlock_forward/max,scalar,4.108043193817139
59,1745224668.3142555,Train/activations/ResidualBlock4_1stConvBlock_forward/max,scalar,3.9299416542053223
60,1745225543.6991816,Train/activations/ResidualBlock4_1stConvBlock_forward/max,scalar,4.305113792419434
61,1745226401.9409378,Train/activations/ResidualBlock4_1stConvBlock_forward/max,scalar,3.5695087909698486
62,1745227259.6019647,Train/activations/ResidualBlock4_1stConvBlock_forward/max,scalar,3.5576114654541016
0,1745171235.4939811,Train/activations/ResidualBlock4_1stConvBlock_forward/min,scalar,-14.500740051269531
1,1745172296.8863788,Train/activations/ResidualBlock4_1stConvBlock_forward/min,scalar,-17.50479507446289
2,1745173338.132333,Train/activations/ResidualBlock4_1stConvBlock_forward/min,scalar,-40.3217887878418
3,1745174233.1320019,Train/activations/ResidualBlock4_1stConvBlock_forward/min,scalar,-14.6194486618042
4,1745175273.5704246,Train/activations/ResidualBlock4_1stConvBlock_forward/min,scalar,-20.83494758605957
5,1745176165.821669,Train/activations/ResidualBlock4_1stConvBlock_forward/min,scalar,-23.715030670166016
6,1745177057.440432,Train/activations/ResidualBlock4_1stConvBlock_forward/min,scalar,-22.266862869262695
7,1745178097.8433979,Train/activations/ResidualBlock4_1stConvBlock_forward/min,scalar,-21.521358489990234
8,1745179142.5225768,Train/activations/ResidualBlock4_1stConvBlock_forward/min,scalar,-16.923290252685547
9,1745180055.6504517,Train/activations/ResidualBlock4_1stConvBlock_forward/min,scalar,-25.06334114074707
10,1745181105.8495336,Train/activations/ResidualBlock4_1stConvBlock_forward/min,scalar,-13.383241653442383
11,1745182002.445096,Train/activations/ResidualBlock4_1stConvBlock_forward/min,scalar,-17.132719039916992
12,1745182902.5563838,Train/activations/ResidualBlock4_1stConvBlock_forward/min,scalar,-9.929174423217773
13,1745183792.1695669,Train/activations/ResidualBlock4_1stConvBlock_forward/min,scalar,-10.160431861877441
14,1745184693.3345103,Train/activations/ResidualBlock4_1stConvBlock_forward/min,scalar,-9.62841796875
15,1745185595.5088513,Train/activations/ResidualBlock4_1stConvBlock_forward/min,scalar,-15.253618240356445
16,1745186496.8424418,Train/activations/ResidualBlock4_1stConvBlock_forward/min,scalar,-10.07383918762207
17,1745187405.2624307,Train/activations/ResidualBlock4_1stConvBlock_forward/min,scalar,-11.335304260253906
18,1745188306.3116295,Train/activations/ResidualBlock4_1stConvBlock_forward/min,scalar,-13.735658645629883
19,1745189207.731864,Train/activations/ResidualBlock4_1stConvBlock_forward/min,scalar,-9.245590209960938
20,1745190256.071889,Train/activations/ResidualBlock4_1stConvBlock_forward/min,scalar,-10.261479377746582
21,1745191170.6710963,Train/activations/ResidualBlock4_1stConvBlock_forward/min,scalar,-5.947055339813232
22,1745192071.8740447,Train/activations/ResidualBlock4_1stConvBlock_forward/min,scalar,-8.915735244750977
23,1745192964.2152016,Train/activations/ResidualBlock4_1stConvBlock_forward/min,scalar,-6.8668975830078125
24,1745193856.086097,Train/activations/ResidualBlock4_1stConvBlock_forward/min,scalar,-10.774454116821289
25,1745194746.1390998,Train/activations/ResidualBlock4_1stConvBlock_forward/min,scalar,-8.67225456237793
26,1745195628.7323549,Train/activations/ResidualBlock4_1stConvBlock_forward/min,scalar,-4.987026691436768
27,1745196516.4287262,Train/activations/ResidualBlock4_1stConvBlock_forward/min,scalar,-5.9853010177612305
28,1745197400.574481,Train/activations/ResidualBlock4_1stConvBlock_forward/min,scalar,-6.569520473480225
29,1745198281.641514,Train/activations/ResidualBlock4_1stConvBlock_forward/min,scalar,-8.151748657226562
30,1745199160.777408,Train/activations/ResidualBlock4_1stConvBlock_forward/min,scalar,-5.5509114265441895
31,1745200038.891642,Train/activations/ResidualBlock4_1stConvBlock_forward/min,scalar,-5.431334495544434
32,1745200913.1535308,Train/activations/ResidualBlock4_1stConvBlock_forward/min,scalar,-4.926499366760254
33,1745201943.3817883,Train/activations/ResidualBlock4_1stConvBlock_forward/min,scalar,-4.416036605834961
34,1745202839.416656,Train/activations/ResidualBlock4_1stConvBlock_forward/min,scalar,-4.962759971618652
35,1745203720.375551,Train/activations/ResidualBlock4_1stConvBlock_forward/min,scalar,-4.860080718994141
36,1745204589.4052749,Train/activations/ResidualBlock4_1stConvBlock_forward/min,scalar,-4.17932653427124
37,1745205607.4891474,Train/activations/ResidualBlock4_1stConvBlock_forward/min,scalar,-4.792897701263428
38,1745206470.6874523,Train/activations/ResidualBlock4_1stConvBlock_forward/min,scalar,-7.284461975097656
39,1745207343.5426702,Train/activations/ResidualBlock4_1stConvBlock_forward/min,scalar,-4.99736213684082
40,1745208209.4138076,Train/activations/ResidualBlock4_1stConvBlock_forward/min,scalar,-4.3009114265441895
41,1745209076.5121713,Train/activations/ResidualBlock4_1stConvBlock_forward/min,scalar,-6.36834716796875
42,1745209942.8122277,Train/activations/ResidualBlock4_1stConvBlock_forward/min,scalar,-4.710972785949707
43,1745210815.8718789,Train/activations/ResidualBlock4_1stConvBlock_forward/min,scalar,-6.551409721374512
44,1745211689.2159803,Train/activations/ResidualBlock4_1stConvBlock_forward/min,scalar,-4.152125835418701
45,1745212555.3139317,Train/activations/ResidualBlock4_1stConvBlock_forward/min,scalar,-4.388335704803467
46,1745213417.407406,Train/activations/ResidualBlock4_1stConvBlock_forward/min,scalar,-4.094927787780762
47,1745214282.6027138,Train/activations/ResidualBlock4_1stConvBlock_forward/min,scalar,-4.904698371887207
48,1745215148.1814222,Train/activations/ResidualBlock4_1stConvBlock_forward/min,scalar,-3.339909315109253
49,1745216019.7998216,Train/activations/ResidualBlock4_1stConvBlock_forward/min,scalar,-4.744328022003174
50,1745216894.2489202,Train/activations/ResidualBlock4_1stConvBlock_forward/min,scalar,-4.522165775299072
51,1745217756.7175753,Train/activations/ResidualBlock4_1stConvBlock_forward/min,scalar,-4.106222152709961
52,1745218620.6936193,Train/activations/ResidualBlock4_1stConvBlock_forward/min,scalar,-4.446853160858154
53,1745219494.421777,Train/activations/ResidualBlock4_1stConvBlock_forward/min,scalar,-5.014589309692383
54,1745220361.1802459,Train/activations/ResidualBlock4_1stConvBlock_forward/min,scalar,-4.363420009613037
55,1745221224.4295259,Train/activations/ResidualBlock4_1stConvBlock_forward/min,scalar,-3.9513561725616455
56,1745222085.940763,Train/activations/ResidualBlock4_1stConvBlock_forward/min,scalar,-3.4973511695861816
57,1745222949.018471,Train/activations/ResidualBlock4_1stConvBlock_forward/min,scalar,-3.170313835144043
58,1745223809.590242,Train/activations/ResidualBlock4_1stConvBlock_forward/min,scalar,-4.211521148681641
59,1745224668.31462,Train/activations/ResidualBlock4_1stConvBlock_forward/min,scalar,-4.026739597320557
60,1745225543.6995416,Train/activations/ResidualBlock4_1stConvBlock_forward/min,scalar,-4.703611850738525
61,1745226401.9413779,Train/activations/ResidualBlock4_1stConvBlock_forward/min,scalar,-3.6173031330108643
62,1745227259.6023319,Train/activations/ResidualBlock4_1stConvBlock_forward/min,scalar,-3.638359785079956
0,1745171235.4943764,Train/activations/ResidualBlock4_2ndConvBlock_forward/mean,scalar,-0.28349265456199646
1,1745172296.8868766,Train/activations/ResidualBlock4_2ndConvBlock_forward/mean,scalar,-0.30132895708084106
2,1745173338.1327758,Train/activations/ResidualBlock4_2ndConvBlock_forward/mean,scalar,-0.24875250458717346
3,1745174233.1324227,Train/activations/ResidualBlock4_2ndConvBlock_forward/mean,scalar,-0.280725359916687
4,1745175273.5711691,Train/activations/ResidualBlock4_2ndConvBlock_forward/mean,scalar,-0.2789309024810791
5,1745176165.8221319,Train/activations/ResidualBlock4_2ndConvBlock_forward/mean,scalar,-0.21809515357017517
6,1745177057.440825,Train/activations/ResidualBlock4_2ndConvBlock_forward/mean,scalar,-0.056276142597198486
7,1745178097.843749,Train/activations/ResidualBlock4_2ndConvBlock_forward/mean,scalar,-0.095579132437706
8,1745179142.5230014,Train/activations/ResidualBlock4_2ndConvBlock_forward/mean,scalar,-0.12287827581167221
9,1745180055.6508622,Train/activations/ResidualBlock4_2ndConvBlock_forward/mean,scalar,-0.1170339360833168
10,1745181105.8498955,Train/activations/ResidualBlock4_2ndConvBlock_forward/mean,scalar,-0.1054844856262207
11,1745182002.4454305,Train/activations/ResidualBlock4_2ndConvBlock_forward/mean,scalar,-0.08031140267848969
12,1745182902.5567565,Train/activations/ResidualBlock4_2ndConvBlock_forward/mean,scalar,-0.07155682146549225
13,1745183792.1704812,Train/activations/ResidualBlock4_2ndConvBlock_forward/mean,scalar,-0.06048956513404846
14,1745184693.3349705,Train/activations/ResidualBlock4_2ndConvBlock_forward/mean,scalar,-0.10006316006183624
15,1745185595.5091977,Train/activations/ResidualBlock4_2ndConvBlock_forward/mean,scalar,-0.06706288456916809
16,1745186496.8434048,Train/activations/ResidualBlock4_2ndConvBlock_forward/mean,scalar,-0.057769156992435455
17,1745187405.2627842,Train/activations/ResidualBlock4_2ndConvBlock_forward/mean,scalar,-0.06330717355012894
18,1745188306.3122046,Train/activations/ResidualBlock4_2ndConvBlock_forward/mean,scalar,-0.04964602738618851
19,1745189207.732342,Train/activations/ResidualBlock4_2ndConvBlock_forward/mean,scalar,-0.04555344209074974
20,1745190256.0722866,Train/activations/ResidualBlock4_2ndConvBlock_forward/mean,scalar,-0.039756979793310165
21,1745191170.6716425,Train/activations/ResidualBlock4_2ndConvBlock_forward/mean,scalar,-0.04608355835080147
22,1745192071.874427,Train/activations/ResidualBlock4_2ndConvBlock_forward/mean,scalar,-0.03359033912420273
23,1745192964.2155647,Train/activations/ResidualBlock4_2ndConvBlock_forward/mean,scalar,-0.02791694365441799
24,1745193856.0864582,Train/activations/ResidualBlock4_2ndConvBlock_forward/mean,scalar,-0.0321282222867012
25,1745194746.1394577,Train/activations/ResidualBlock4_2ndConvBlock_forward/mean,scalar,-0.023560145869851112
26,1745195628.7327862,Train/activations/ResidualBlock4_2ndConvBlock_forward/mean,scalar,-0.022340569645166397
27,1745196516.4290998,Train/activations/ResidualBlock4_2ndConvBlock_forward/mean,scalar,-0.020292846485972404
28,1745197400.5748985,Train/activations/ResidualBlock4_2ndConvBlock_forward/mean,scalar,-0.013310810551047325
29,1745198281.6419084,Train/activations/ResidualBlock4_2ndConvBlock_forward/mean,scalar,-0.022363206371665
30,1745199160.7777822,Train/activations/ResidualBlock4_2ndConvBlock_forward/mean,scalar,-0.013566014356911182
31,1745200038.8920007,Train/activations/ResidualBlock4_2ndConvBlock_forward/mean,scalar,-0.011688940227031708
32,1745200913.15399,Train/activations/ResidualBlock4_2ndConvBlock_forward/mean,scalar,-0.008966801688075066
33,1745201943.3821702,Train/activations/ResidualBlock4_2ndConvBlock_forward/mean,scalar,-0.007247301749885082
34,1745202839.4170265,Train/activations/ResidualBlock4_2ndConvBlock_forward/mean,scalar,-0.009167633019387722
35,1745203720.3766906,Train/activations/ResidualBlock4_2ndConvBlock_forward/mean,scalar,-0.005989104509353638
36,1745204589.4056628,Train/activations/ResidualBlock4_2ndConvBlock_forward/mean,scalar,-0.0029737239237874746
37,1745205607.4894848,Train/activations/ResidualBlock4_2ndConvBlock_forward/mean,scalar,-0.001140416250564158
38,1745206470.718849,Train/activations/ResidualBlock4_2ndConvBlock_forward/mean,scalar,-0.0020298142917454243
39,1745207343.5440252,Train/activations/ResidualBlock4_2ndConvBlock_forward/mean,scalar,-0.005732704419642687
40,1745208209.4148145,Train/activations/ResidualBlock4_2ndConvBlock_forward/mean,scalar,-0.002826013369485736
41,1745209076.5335941,Train/activations/ResidualBlock4_2ndConvBlock_forward/mean,scalar,-0.0035184607841074467
42,1745209942.8127303,Train/activations/ResidualBlock4_2ndConvBlock_forward/mean,scalar,-0.0006262484239414334
43,1745210815.8723497,Train/activations/ResidualBlock4_2ndConvBlock_forward/mean,scalar,-0.0017499213572591543
44,1745211689.2165196,Train/activations/ResidualBlock4_2ndConvBlock_forward/mean,scalar,-0.0024962385650724173
45,1745212555.314493,Train/activations/ResidualBlock4_2ndConvBlock_forward/mean,scalar,-0.008816218003630638
46,1745213417.4080534,Train/activations/ResidualBlock4_2ndConvBlock_forward/mean,scalar,-0.004222271963953972
47,1745214282.6031303,Train/activations/ResidualBlock4_2ndConvBlock_forward/mean,scalar,-0.00456581637263298
48,1745215148.1818504,Train/activations/ResidualBlock4_2ndConvBlock_forward/mean,scalar,-0.01011658739298582
49,1745216019.8003929,Train/activations/ResidualBlock4_2ndConvBlock_forward/mean,scalar,-0.00023483562108594924
50,1745216894.2492735,Train/activations/ResidualBlock4_2ndConvBlock_forward/mean,scalar,-0.003911837935447693
51,1745217756.7191806,Train/activations/ResidualBlock4_2ndConvBlock_forward/mean,scalar,-0.009301669895648956
52,1745218620.698289,Train/activations/ResidualBlock4_2ndConvBlock_forward/mean,scalar,-0.006665118038654327
53,1745219494.4222186,Train/activations/ResidualBlock4_2ndConvBlock_forward/mean,scalar,-0.003166336566209793
54,1745220361.18059,Train/activations/ResidualBlock4_2ndConvBlock_forward/mean,scalar,-0.008288553915917873
55,1745221224.429889,Train/activations/ResidualBlock4_2ndConvBlock_forward/mean,scalar,-0.007391768041998148
56,1745222085.9415965,Train/activations/ResidualBlock4_2ndConvBlock_forward/mean,scalar,-0.007368165999650955
57,1745222949.0209687,Train/activations/ResidualBlock4_2ndConvBlock_forward/mean,scalar,-0.010576016269624233
58,1745223809.5906422,Train/activations/ResidualBlock4_2ndConvBlock_forward/mean,scalar,-0.008472051471471786
59,1745224668.314989,Train/activations/ResidualBlock4_2ndConvBlock_forward/mean,scalar,-0.010728683322668076
60,1745225543.699919,Train/activations/ResidualBlock4_2ndConvBlock_forward/mean,scalar,-0.007896296679973602
61,1745226401.941804,Train/activations/ResidualBlock4_2ndConvBlock_forward/mean,scalar,-0.008469339460134506
62,1745227259.6026912,Train/activations/ResidualBlock4_2ndConvBlock_forward/mean,scalar,-0.007431378122419119
0,1745171235.500692,Train/activations/ResidualBlock4_2ndConvBlock_forward/std,scalar,0.8919438123703003
1,1745172296.8874142,Train/activations/ResidualBlock4_2ndConvBlock_forward/std,scalar,0.8707593083381653
2,1745173338.1344395,Train/activations/ResidualBlock4_2ndConvBlock_forward/std,scalar,0.8133939504623413
3,1745174233.1336768,Train/activations/ResidualBlock4_2ndConvBlock_forward/std,scalar,0.8623262643814087
4,1745175273.5716074,Train/activations/ResidualBlock4_2ndConvBlock_forward/std,scalar,0.8322097063064575
5,1745176165.8247523,Train/activations/ResidualBlock4_2ndConvBlock_forward/std,scalar,0.7994197010993958
6,1745177057.4411974,Train/activations/ResidualBlock4_2ndConvBlock_forward/std,scalar,1.1811597347259521
7,1745178097.8441288,Train/activations/ResidualBlock4_2ndConvBlock_forward/std,scalar,1.046572208404541
8,1745179142.5235386,Train/activations/ResidualBlock4_2ndConvBlock_forward/std,scalar,0.9924502372741699
9,1745180055.6529913,Train/activations/ResidualBlock4_2ndConvBlock_forward/std,scalar,0.8149634599685669
10,1745181105.8502302,Train/activations/ResidualBlock4_2ndConvBlock_forward/std,scalar,0.753516674041748
11,1745182002.44583,Train/activations/ResidualBlock4_2ndConvBlock_forward/std,scalar,0.729433000087738
12,1745182902.5570984,Train/activations/ResidualBlock4_2ndConvBlock_forward/std,scalar,0.6691593527793884
13,1745183792.1709712,Train/activations/ResidualBlock4_2ndConvBlock_forward/std,scalar,0.6854466795921326
14,1745184693.3353362,Train/activations/ResidualBlock4_2ndConvBlock_forward/std,scalar,0.5944703817367554
15,1745185595.5096514,Train/activations/ResidualBlock4_2ndConvBlock_forward/std,scalar,0.5982149839401245
16,1745186496.8438659,Train/activations/ResidualBlock4_2ndConvBlock_forward/std,scalar,0.5489059686660767
17,1745187405.2632256,Train/activations/ResidualBlock4_2ndConvBlock_forward/std,scalar,0.5144640803337097
18,1745188306.3126783,Train/activations/ResidualBlock4_2ndConvBlock_forward/std,scalar,0.49544209241867065
19,1745189207.7328415,Train/activations/ResidualBlock4_2ndConvBlock_forward/std,scalar,0.5137342810630798
20,1745190256.0726519,Train/activations/ResidualBlock4_2ndConvBlock_forward/std,scalar,0.4678065776824951
21,1745191170.673598,Train/activations/ResidualBlock4_2ndConvBlock_forward/std,scalar,0.397724986076355
22,1745192071.8748004,Train/activations/ResidualBlock4_2ndConvBlock_forward/std,scalar,0.4179550111293793
23,1745192964.2159417,Train/activations/ResidualBlock4_2ndConvBlock_forward/std,scalar,0.4464516043663025
24,1745193856.086833,Train/activations/ResidualBlock4_2ndConvBlock_forward/std,scalar,0.3682754933834076
25,1745194746.139868,Train/activations/ResidualBlock4_2ndConvBlock_forward/std,scalar,0.3434528410434723
26,1745195628.7331727,Train/activations/ResidualBlock4_2ndConvBlock_forward/std,scalar,0.33523184061050415
27,1745196516.4294877,Train/activations/ResidualBlock4_2ndConvBlock_forward/std,scalar,0.31117475032806396
28,1745197400.5752995,Train/activations/ResidualBlock4_2ndConvBlock_forward/std,scalar,0.31496694684028625
29,1745198281.6422586,Train/activations/ResidualBlock4_2ndConvBlock_forward/std,scalar,0.3093135952949524
30,1745199160.7781577,Train/activations/ResidualBlock4_2ndConvBlock_forward/std,scalar,0.2578156292438507
31,1745200038.8923573,Train/activations/ResidualBlock4_2ndConvBlock_forward/std,scalar,0.24578197300434113
32,1745200913.1543841,Train/activations/ResidualBlock4_2ndConvBlock_forward/std,scalar,0.2393532246351242
33,1745201943.3825712,Train/activations/ResidualBlock4_2ndConvBlock_forward/std,scalar,0.23489348590373993
34,1745202839.417393,Train/activations/ResidualBlock4_2ndConvBlock_forward/std,scalar,0.2142784595489502
35,1745203720.3780792,Train/activations/ResidualBlock4_2ndConvBlock_forward/std,scalar,0.2023736983537674
36,1745204589.4060452,Train/activations/ResidualBlock4_2ndConvBlock_forward/std,scalar,0.18291254341602325
37,1745205607.4898415,Train/activations/ResidualBlock4_2ndConvBlock_forward/std,scalar,0.18745188415050507
38,1745206470.7480137,Train/activations/ResidualBlock4_2ndConvBlock_forward/std,scalar,0.16605262458324432
39,1745207343.544374,Train/activations/ResidualBlock4_2ndConvBlock_forward/std,scalar,0.18953081965446472
40,1745208209.4165044,Train/activations/ResidualBlock4_2ndConvBlock_forward/std,scalar,0.15759363770484924
41,1745209076.5551045,Train/activations/ResidualBlock4_2ndConvBlock_forward/std,scalar,0.14739513397216797
42,1745209942.814196,Train/activations/ResidualBlock4_2ndConvBlock_forward/std,scalar,0.14478161931037903
43,1745210815.8730106,Train/activations/ResidualBlock4_2ndConvBlock_forward/std,scalar,0.13221856951713562
44,1745211689.2169144,Train/activations/ResidualBlock4_2ndConvBlock_forward/std,scalar,0.1362413614988327
45,1745212555.3150048,Train/activations/ResidualBlock4_2ndConvBlock_forward/std,scalar,0.13881991803646088
46,1745213417.4101396,Train/activations/ResidualBlock4_2ndConvBlock_forward/std,scalar,0.1501629799604416
47,1745214282.6035311,Train/activations/ResidualBlock4_2ndConvBlock_forward/std,scalar,0.12385082244873047
48,1745215148.183571,Train/activations/ResidualBlock4_2ndConvBlock_forward/std,scalar,0.13141004741191864
49,1745216019.800851,Train/activations/ResidualBlock4_2ndConvBlock_forward/std,scalar,0.1343630850315094
50,1745216894.2496743,Train/activations/ResidualBlock4_2ndConvBlock_forward/std,scalar,0.11339123547077179
51,1745217756.7225137,Train/activations/ResidualBlock4_2ndConvBlock_forward/std,scalar,0.1208135336637497
52,1745218620.7050483,Train/activations/ResidualBlock4_2ndConvBlock_forward/std,scalar,0.11345018446445465
53,1745219494.4232547,Train/activations/ResidualBlock4_2ndConvBlock_forward/std,scalar,0.10987148433923721
54,1745220361.1809492,Train/activations/ResidualBlock4_2ndConvBlock_forward/std,scalar,0.10725902020931244
55,1745221224.4307659,Train/activations/ResidualBlock4_2ndConvBlock_forward/std,scalar,0.1036621481180191
56,1745222085.9421005,Train/activations/ResidualBlock4_2ndConvBlock_forward/std,scalar,0.10067591816186905
57,1745222949.0238607,Train/activations/ResidualBlock4_2ndConvBlock_forward/std,scalar,0.11039574444293976
58,1745223809.5910192,Train/activations/ResidualBlock4_2ndConvBlock_forward/std,scalar,0.1053779348731041
59,1745224668.3153312,Train/activations/ResidualBlock4_2ndConvBlock_forward/std,scalar,0.10695616900920868
60,1745225543.700318,Train/activations/ResidualBlock4_2ndConvBlock_forward/std,scalar,0.10562340170145035
61,1745226401.9422543,Train/activations/ResidualBlock4_2ndConvBlock_forward/std,scalar,0.09571433067321777
62,1745227259.603442,Train/activations/ResidualBlock4_2ndConvBlock_forward/std,scalar,0.09213992208242416
0,1745171235.5010734,Train/activations/ResidualBlock4_2ndConvBlock_forward/max,scalar,7.583386421203613
1,1745172296.8878815,Train/activations/ResidualBlock4_2ndConvBlock_forward/max,scalar,5.935178279876709
2,1745173338.1348615,Train/activations/ResidualBlock4_2ndConvBlock_forward/max,scalar,10.347983360290527
3,1745174233.1341357,Train/activations/ResidualBlock4_2ndConvBlock_forward/max,scalar,5.998020648956299
4,1745175273.572041,Train/activations/ResidualBlock4_2ndConvBlock_forward/max,scalar,8.781007766723633
5,1745176165.8251646,Train/activations/ResidualBlock4_2ndConvBlock_forward/max,scalar,12.05607795715332
6,1745177057.4415183,Train/activations/ResidualBlock4_2ndConvBlock_forward/max,scalar,8.542424201965332
7,1745178097.8444674,Train/activations/ResidualBlock4_2ndConvBlock_forward/max,scalar,8.443587303161621
8,1745179142.5239766,Train/activations/ResidualBlock4_2ndConvBlock_forward/max,scalar,7.600872993469238
9,1745180055.6592252,Train/activations/ResidualBlock4_2ndConvBlock_forward/max,scalar,10.351799011230469
10,1745181105.8505797,Train/activations/ResidualBlock4_2ndConvBlock_forward/max,scalar,6.370267391204834
11,1745182002.446195,Train/activations/ResidualBlock4_2ndConvBlock_forward/max,scalar,7.623271942138672
12,1745182902.5574574,Train/activations/ResidualBlock4_2ndConvBlock_forward/max,scalar,5.016043663024902
13,1745183792.1713421,Train/activations/ResidualBlock4_2ndConvBlock_forward/max,scalar,5.042649269104004
14,1745184693.3360233,Train/activations/ResidualBlock4_2ndConvBlock_forward/max,scalar,4.502946376800537
15,1745185595.510063,Train/activations/ResidualBlock4_2ndConvBlock_forward/max,scalar,6.020327091217041
16,1745186496.8442986,Train/activations/ResidualBlock4_2ndConvBlock_forward/max,scalar,5.40201473236084
17,1745187405.2637103,Train/activations/ResidualBlock4_2ndConvBlock_forward/max,scalar,5.3327226638793945
18,1745188306.3131907,Train/activations/ResidualBlock4_2ndConvBlock_forward/max,scalar,6.8090081214904785
19,1745189207.7332194,Train/activations/ResidualBlock4_2ndConvBlock_forward/max,scalar,4.691895961761475
20,1745190256.0730846,Train/activations/ResidualBlock4_2ndConvBlock_forward/max,scalar,4.331433296203613
21,1745191170.6741388,Train/activations/ResidualBlock4_2ndConvBlock_forward/max,scalar,3.2925639152526855
22,1745192071.8751678,Train/activations/ResidualBlock4_2ndConvBlock_forward/max,scalar,4.062429428100586
23,1745192964.2163482,Train/activations/ResidualBlock4_2ndConvBlock_forward/max,scalar,2.76859450340271
24,1745193856.0872447,Train/activations/ResidualBlock4_2ndConvBlock_forward/max,scalar,3.952791929244995
25,1745194746.1402755,Train/activations/ResidualBlock4_2ndConvBlock_forward/max,scalar,3.9451117515563965
26,1745195628.733657,Train/activations/ResidualBlock4_2ndConvBlock_forward/max,scalar,2.734158992767334
27,1745196516.4298751,Train/activations/ResidualBlock4_2ndConvBlock_forward/max,scalar,2.781378746032715
28,1745197400.5757291,Train/activations/ResidualBlock4_2ndConvBlock_forward/max,scalar,3.067420244216919
29,1745198281.6426077,Train/activations/ResidualBlock4_2ndConvBlock_forward/max,scalar,3.4985580444335938
30,1745199160.778568,Train/activations/ResidualBlock4_2ndConvBlock_forward/max,scalar,2.4781908988952637
31,1745200038.8927202,Train/activations/ResidualBlock4_2ndConvBlock_forward/max,scalar,2.5620312690734863
32,1745200913.154776,Train/activations/ResidualBlock4_2ndConvBlock_forward/max,scalar,2.3110947608947754
33,1745201943.3829484,Train/activations/ResidualBlock4_2ndConvBlock_forward/max,scalar,2.0850396156311035
34,1745202839.4177425,Train/activations/ResidualBlock4_2ndConvBlock_forward/max,scalar,2.1733169555664062
35,1745203720.3791819,Train/activations/ResidualBlock4_2ndConvBlock_forward/max,scalar,1.9983885288238525
36,1745204589.4064686,Train/activations/ResidualBlock4_2ndConvBlock_forward/max,scalar,1.874561071395874
37,1745205607.4902556,Train/activations/ResidualBlock4_2ndConvBlock_forward/max,scalar,2.0286905765533447
38,1745206470.7647486,Train/activations/ResidualBlock4_2ndConvBlock_forward/max,scalar,2.302619457244873
39,1745207343.544814,Train/activations/ResidualBlock4_2ndConvBlock_forward/max,scalar,1.7411409616470337
40,1745208209.4175184,Train/activations/ResidualBlock4_2ndConvBlock_forward/max,scalar,1.6833555698394775
41,1745209076.5683818,Train/activations/ResidualBlock4_2ndConvBlock_forward/max,scalar,2.0231707096099854
42,1745209942.8191347,Train/activations/ResidualBlock4_2ndConvBlock_forward/max,scalar,1.7590049505233765
43,1745210815.8735354,Train/activations/ResidualBlock4_2ndConvBlock_forward/max,scalar,1.7470934391021729
44,1745211689.2181668,Train/activations/ResidualBlock4_2ndConvBlock_forward/max,scalar,1.5705324411392212
45,1745212555.3159554,Train/activations/ResidualBlock4_2ndConvBlock_forward/max,scalar,1.619153618812561
46,1745213417.4106882,Train/activations/ResidualBlock4_2ndConvBlock_forward/max,scalar,1.4169007539749146
47,1745214282.6039367,Train/activations/ResidualBlock4_2ndConvBlock_forward/max,scalar,1.5044163465499878
48,1745215148.1840217,Train/activations/ResidualBlock4_2ndConvBlock_forward/max,scalar,1.5490028858184814
49,1745216019.8013434,Train/activations/ResidualBlock4_2ndConvBlock_forward/max,scalar,1.5058567523956299
50,1745216894.25278,Train/activations/ResidualBlock4_2ndConvBlock_forward/max,scalar,1.751133680343628
51,1745217756.7249684,Train/activations/ResidualBlock4_2ndConvBlock_forward/max,scalar,1.5250188112258911
52,1745218620.7102287,Train/activations/ResidualBlock4_2ndConvBlock_forward/max,scalar,1.5060780048370361
53,1745219494.423798,Train/activations/ResidualBlock4_2ndConvBlock_forward/max,scalar,1.400298833847046
54,1745220361.1815596,Train/activations/ResidualBlock4_2ndConvBlock_forward/max,scalar,1.7458797693252563
55,1745221224.4311955,Train/activations/ResidualBlock4_2ndConvBlock_forward/max,scalar,1.598845362663269
56,1745222085.9426477,Train/activations/ResidualBlock4_2ndConvBlock_forward/max,scalar,1.4030511379241943
57,1745222949.0285518,Train/activations/ResidualBlock4_2ndConvBlock_forward/max,scalar,1.7423499822616577
58,1745223809.591392,Train/activations/ResidualBlock4_2ndConvBlock_forward/max,scalar,1.6081132888793945
59,1745224668.3156655,Train/activations/ResidualBlock4_2ndConvBlock_forward/max,scalar,1.5654892921447754
60,1745225543.700689,Train/activations/ResidualBlock4_2ndConvBlock_forward/max,scalar,1.5136120319366455
61,1745226401.942752,Train/activations/ResidualBlock4_2ndConvBlock_forward/max,scalar,1.5140349864959717
62,1745227259.6039095,Train/activations/ResidualBlock4_2ndConvBlock_forward/max,scalar,1.4082854986190796
0,1745171235.5014296,Train/activations/ResidualBlock4_2ndConvBlock_forward/min,scalar,-7.330660820007324
1,1745172296.8882868,Train/activations/ResidualBlock4_2ndConvBlock_forward/min,scalar,-6.82659912109375
2,1745173338.135295,Train/activations/ResidualBlock4_2ndConvBlock_forward/min,scalar,-17.25385284423828
3,1745174233.135278,Train/activations/ResidualBlock4_2ndConvBlock_forward/min,scalar,-9.544317245483398
4,1745175273.5724552,Train/activations/ResidualBlock4_2ndConvBlock_forward/min,scalar,-16.608692169189453
5,1745176165.825566,Train/activations/ResidualBlock4_2ndConvBlock_forward/min,scalar,-16.909271240234375
6,1745177057.4418645,Train/activations/ResidualBlock4_2ndConvBlock_forward/min,scalar,-8.980268478393555
7,1745178097.844808,Train/activations/ResidualBlock4_2ndConvBlock_forward/min,scalar,-9.67628288269043
8,1745179142.5244513,Train/activations/ResidualBlock4_2ndConvBlock_forward/min,scalar,-8.645949363708496
9,1745180055.65968,Train/activations/ResidualBlock4_2ndConvBlock_forward/min,scalar,-12.111757278442383
10,1745181105.8509257,Train/activations/ResidualBlock4_2ndConvBlock_forward/min,scalar,-6.393754005432129
11,1745182002.4465373,Train/activations/ResidualBlock4_2ndConvBlock_forward/min,scalar,-7.662186622619629
12,1745182902.557815,Train/activations/ResidualBlock4_2ndConvBlock_forward/min,scalar,-5.059812545776367
13,1745183792.171714,Train/activations/ResidualBlock4_2ndConvBlock_forward/min,scalar,-5.125243663787842
14,1745184693.3364062,Train/activations/ResidualBlock4_2ndConvBlock_forward/min,scalar,-4.747065544128418
15,1745185595.5104272,Train/activations/ResidualBlock4_2ndConvBlock_forward/min,scalar,-5.68056583404541
16,1745186496.8447134,Train/activations/ResidualBlock4_2ndConvBlock_forward/min,scalar,-4.502486705780029
17,1745187405.2640753,Train/activations/ResidualBlock4_2ndConvBlock_forward/min,scalar,-4.823267936706543
18,1745188306.3138268,Train/activations/ResidualBlock4_2ndConvBlock_forward/min,scalar,-5.198363304138184
19,1745189207.7335644,Train/activations/ResidualBlock4_2ndConvBlock_forward/min,scalar,-4.316654205322266
20,1745190256.0734692,Train/activations/ResidualBlock4_2ndConvBlock_forward/min,scalar,-4.03114128112793
21,1745191170.6746755,Train/activations/ResidualBlock4_2ndConvBlock_forward/min,scalar,-3.536088466644287
22,1745192071.8755455,Train/activations/ResidualBlock4_2ndConvBlock_forward/min,scalar,-4.2307281494140625
23,1745192964.2167003,Train/activations/ResidualBlock4_2ndConvBlock_forward/min,scalar,-4.2366814613342285
24,1745193856.087672,Train/activations/ResidualBlock4_2ndConvBlock_forward/min,scalar,-3.6353225708007812
25,1745194746.1406932,Train/activations/ResidualBlock4_2ndConvBlock_forward/min,scalar,-3.0948994159698486
26,1745195628.7340488,Train/activations/ResidualBlock4_2ndConvBlock_forward/min,scalar,-2.5159573554992676
27,1745196516.4302695,Train/activations/ResidualBlock4_2ndConvBlock_forward/min,scalar,-2.480559825897217
28,1745197400.5761101,Train/activations/ResidualBlock4_2ndConvBlock_forward/min,scalar,-3.523127317428589
29,1745198281.6429687,Train/activations/ResidualBlock4_2ndConvBlock_forward/min,scalar,-3.40934419631958
30,1745199160.7789474,Train/activations/ResidualBlock4_2ndConvBlock_forward/min,scalar,-2.3323557376861572
31,1745200038.8930898,Train/activations/ResidualBlock4_2ndConvBlock_forward/min,scalar,-2.089107036590576
32,1745200913.1551588,Train/activations/ResidualBlock4_2ndConvBlock_forward/min,scalar,-2.048043727874756
33,1745201943.383361,Train/activations/ResidualBlock4_2ndConvBlock_forward/min,scalar,-2.6208839416503906
34,1745202839.4181666,Train/activations/ResidualBlock4_2ndConvBlock_forward/min,scalar,-2.0308871269226074
35,1745203720.3796887,Train/activations/ResidualBlock4_2ndConvBlock_forward/min,scalar,-2.147250175476074
36,1745204589.406839,Train/activations/ResidualBlock4_2ndConvBlock_forward/min,scalar,-1.8839479684829712
37,1745205607.490627,Train/activations/ResidualBlock4_2ndConvBlock_forward/min,scalar,-2.337678909301758
38,1745206470.7792106,Train/activations/ResidualBlock4_2ndConvBlock_forward/min,scalar,-2.289881467819214
39,1745207343.5451956,Train/activations/ResidualBlock4_2ndConvBlock_forward/min,scalar,-3.4767441749572754
40,1745208209.420492,Train/activations/ResidualBlock4_2ndConvBlock_forward/min,scalar,-3.8550212383270264
41,1745209076.5781345,Train/activations/ResidualBlock4_2ndConvBlock_forward/min,scalar,-3.1104204654693604
42,1745209942.8196049,Train/activations/ResidualBlock4_2ndConvBlock_forward/min,scalar,-2.538600444793701
43,1745210815.8755429,Train/activations/ResidualBlock4_2ndConvBlock_forward/min,scalar,-2.0815694332122803
44,1745211689.2192094,Train/activations/ResidualBlock4_2ndConvBlock_forward/min,scalar,-2.2322306632995605
45,1745212555.3169339,Train/activations/ResidualBlock4_2ndConvBlock_forward/min,scalar,-2.1035637855529785
46,1745213417.411232,Train/activations/ResidualBlock4_2ndConvBlock_forward/min,scalar,-2.1018710136413574
47,1745214282.6043541,Train/activations/ResidualBlock4_2ndConvBlock_forward/min,scalar,-2.0574092864990234
48,1745215148.1844509,Train/activations/ResidualBlock4_2ndConvBlock_forward/min,scalar,-2.1981379985809326
49,1745216019.8017592,Train/activations/ResidualBlock4_2ndConvBlock_forward/min,scalar,-1.7467100620269775
50,1745216894.254469,Train/activations/ResidualBlock4_2ndConvBlock_forward/min,scalar,-1.8028154373168945
51,1745217756.730022,Train/activations/ResidualBlock4_2ndConvBlock_forward/min,scalar,-2.0652289390563965
52,1745218620.7108097,Train/activations/ResidualBlock4_2ndConvBlock_forward/min,scalar,-1.617811918258667
53,1745219494.425916,Train/activations/ResidualBlock4_2ndConvBlock_forward/min,scalar,-1.7095067501068115
54,1745220361.1819813,Train/activations/ResidualBlock4_2ndConvBlock_forward/min,scalar,-1.8271658420562744
55,1745221224.4316015,Train/activations/ResidualBlock4_2ndConvBlock_forward/min,scalar,-1.5372954607009888
56,1745222085.943146,Train/activations/ResidualBlock4_2ndConvBlock_forward/min,scalar,-1.5272986888885498
57,1745222949.0386226,Train/activations/ResidualBlock4_2ndConvBlock_forward/min,scalar,-2.457427501678467
58,1745223809.5917716,Train/activations/ResidualBlock4_2ndConvBlock_forward/min,scalar,-2.082792043685913
59,1745224668.3160496,Train/activations/ResidualBlock4_2ndConvBlock_forward/min,scalar,-2.282630443572998
60,1745225543.7010605,Train/activations/ResidualBlock4_2ndConvBlock_forward/min,scalar,-1.9542274475097656
61,1745226401.9431334,Train/activations/ResidualBlock4_2ndConvBlock_forward/min,scalar,-1.4377696514129639
62,1745227259.604389,Train/activations/ResidualBlock4_2ndConvBlock_forward/min,scalar,-1.488874077796936
0,1745171235.5022845,Train/activations/ResidualBlock5_1stConvBlock_forward/mean,scalar,-0.42936548590660095
1,1745172296.8886733,Train/activations/ResidualBlock5_1stConvBlock_forward/mean,scalar,-0.4398839473724365
2,1745173338.1356966,Train/activations/ResidualBlock5_1stConvBlock_forward/mean,scalar,-0.3844473958015442
3,1745174233.1357512,Train/activations/ResidualBlock5_1stConvBlock_forward/mean,scalar,-0.4226911664009094
4,1745175273.5728846,Train/activations/ResidualBlock5_1stConvBlock_forward/mean,scalar,-0.45604458451271057
5,1745176165.8260071,Train/activations/ResidualBlock5_1stConvBlock_forward/mean,scalar,-0.43872493505477905
6,1745177057.4422755,Train/activations/ResidualBlock5_1stConvBlock_forward/mean,scalar,-0.5246372222900391
7,1745178097.8452003,Train/activations/ResidualBlock5_1stConvBlock_forward/mean,scalar,-0.5309858918190002
8,1745179142.5250196,Train/activations/ResidualBlock5_1stConvBlock_forward/mean,scalar,-0.5237115621566772
9,1745180055.6619842,Train/activations/ResidualBlock5_1stConvBlock_forward/mean,scalar,-0.4633135199546814
10,1745181105.8512733,Train/activations/ResidualBlock5_1stConvBlock_forward/mean,scalar,-0.45236191153526306
11,1745182002.4469297,Train/activations/ResidualBlock5_1stConvBlock_forward/mean,scalar,-0.4513283669948578
12,1745182902.5582078,Train/activations/ResidualBlock5_1stConvBlock_forward/mean,scalar,-0.4417916238307953
13,1745183792.1721275,Train/activations/ResidualBlock5_1stConvBlock_forward/mean,scalar,-0.4456213116645813
14,1745184693.3369002,Train/activations/ResidualBlock5_1stConvBlock_forward/mean,scalar,-0.46355652809143066
15,1745185595.510779,Train/activations/ResidualBlock5_1stConvBlock_forward/mean,scalar,-0.4213104248046875
16,1745186496.8453,Train/activations/ResidualBlock5_1stConvBlock_forward/mean,scalar,-0.4290558695793152
17,1745187405.2645185,Train/activations/ResidualBlock5_1stConvBlock_forward/mean,scalar,-0.4011937081813812
18,1745188306.3144588,Train/activations/ResidualBlock5_1stConvBlock_forward/mean,scalar,-0.3603883385658264
19,1745189207.7339435,Train/activations/ResidualBlock5_1stConvBlock_forward/mean,scalar,-0.33062466979026794
20,1745190256.0738318,Train/activations/ResidualBlock5_1stConvBlock_forward/mean,scalar,-0.35943323373794556
21,1745191170.6751688,Train/activations/ResidualBlock5_1stConvBlock_forward/mean,scalar,-0.2903171181678772
22,1745192071.8759232,Train/activations/ResidualBlock5_1stConvBlock_forward/mean,scalar,-0.27396243810653687
23,1745192964.2170854,Train/activations/ResidualBlock5_1stConvBlock_forward/mean,scalar,-0.2398439347743988
24,1745193856.0880532,Train/activations/ResidualBlock5_1stConvBlock_forward/mean,scalar,-0.26540860533714294
25,1745194746.1411114,Train/activations/ResidualBlock5_1stConvBlock_forward/mean,scalar,-0.2823163568973541
26,1745195628.7344348,Train/activations/ResidualBlock5_1stConvBlock_forward/mean,scalar,-0.28033655881881714
27,1745196516.4306448,Train/activations/ResidualBlock5_1stConvBlock_forward/mean,scalar,-0.2819909155368805
28,1745197400.5765607,Train/activations/ResidualBlock5_1stConvBlock_forward/mean,scalar,-0.24565181136131287
29,1745198281.6433947,Train/activations/ResidualBlock5_1stConvBlock_forward/mean,scalar,-0.28196024894714355
30,1745199160.7793782,Train/activations/ResidualBlock5_1stConvBlock_forward/mean,scalar,-0.2486267387866974
31,1745200038.8934999,Train/activations/ResidualBlock5_1stConvBlock_forward/mean,scalar,-0.19515597820281982
32,1745200913.155505,Train/activations/ResidualBlock5_1stConvBlock_forward/mean,scalar,-0.2100408524274826
33,1745201943.3837721,Train/activations/ResidualBlock5_1stConvBlock_forward/mean,scalar,-0.19595617055892944
34,1745202839.4185374,Train/activations/ResidualBlock5_1stConvBlock_forward/mean,scalar,-0.1607477068901062
35,1745203720.3801038,Train/activations/ResidualBlock5_1stConvBlock_forward/mean,scalar,-0.19206950068473816
36,1745204589.4071965,Train/activations/ResidualBlock5_1stConvBlock_forward/mean,scalar,-0.1761033535003662
37,1745205607.4909966,Train/activations/ResidualBlock5_1stConvBlock_forward/mean,scalar,-0.18506622314453125
38,1745206470.805909,Train/activations/ResidualBlock5_1stConvBlock_forward/mean,scalar,-0.1920301765203476
39,1745207343.5457122,Train/activations/ResidualBlock5_1stConvBlock_forward/mean,scalar,-0.15372486412525177
40,1745208209.4227493,Train/activations/ResidualBlock5_1stConvBlock_forward/mean,scalar,-0.1944371908903122
41,1745209076.5895424,Train/activations/ResidualBlock5_1stConvBlock_forward/mean,scalar,-0.17913438379764557
42,1745209942.8201177,Train/activations/ResidualBlock5_1stConvBlock_forward/mean,scalar,-0.15554970502853394
43,1745210815.8764973,Train/activations/ResidualBlock5_1stConvBlock_forward/mean,scalar,-0.14310184121131897
44,1745211689.2196808,Train/activations/ResidualBlock5_1stConvBlock_forward/mean,scalar,-0.17531248927116394
45,1745212555.3178148,Train/activations/ResidualBlock5_1stConvBlock_forward/mean,scalar,-0.17526529729366302
46,1745213417.4116917,Train/activations/ResidualBlock5_1stConvBlock_forward/mean,scalar,-0.1610492318868637
47,1745214282.6048677,Train/activations/ResidualBlock5_1stConvBlock_forward/mean,scalar,-0.13930276036262512
48,1745215148.1848752,Train/activations/ResidualBlock5_1stConvBlock_forward/mean,scalar,-0.15284331142902374
49,1745216019.802402,Train/activations/ResidualBlock5_1stConvBlock_forward/mean,scalar,-0.15437182784080505
50,1745216894.2552438,Train/activations/ResidualBlock5_1stConvBlock_forward/mean,scalar,-0.1404307335615158
51,1745217756.7305167,Train/activations/ResidualBlock5_1stConvBlock_forward/mean,scalar,-0.16863970458507538
52,1745218620.711688,Train/activations/ResidualBlock5_1stConvBlock_forward/mean,scalar,-0.15320788323879242
53,1745219494.4264753,Train/activations/ResidualBlock5_1stConvBlock_forward/mean,scalar,-0.14605654776096344
54,1745220361.1824973,Train/activations/ResidualBlock5_1stConvBlock_forward/mean,scalar,-0.1620270311832428
55,1745221224.432051,Train/activations/ResidualBlock5_1stConvBlock_forward/mean,scalar,-0.1511790007352829
56,1745222085.9436982,Train/activations/ResidualBlock5_1stConvBlock_forward/mean,scalar,-0.15999820828437805
57,1745222949.0409834,Train/activations/ResidualBlock5_1stConvBlock_forward/mean,scalar,-0.10392498970031738
58,1745223809.5921848,Train/activations/ResidualBlock5_1stConvBlock_forward/mean,scalar,-0.11047615855932236
59,1745224668.3164139,Train/activations/ResidualBlock5_1stConvBlock_forward/mean,scalar,-0.10827431827783585
60,1745225543.701512,Train/activations/ResidualBlock5_1stConvBlock_forward/mean,scalar,-0.11779000610113144
61,1745226401.9436371,Train/activations/ResidualBlock5_1stConvBlock_forward/mean,scalar,-0.13775429129600525
62,1745227259.6048353,Train/activations/ResidualBlock5_1stConvBlock_forward/mean,scalar,-0.14323373138904572
0,1745171235.5026917,Train/activations/ResidualBlock5_1stConvBlock_forward/std,scalar,1.134782314300537
1,1745172296.8891273,Train/activations/ResidualBlock5_1stConvBlock_forward/std,scalar,1.3847938776016235
2,1745173338.1363008,Train/activations/ResidualBlock5_1stConvBlock_forward/std,scalar,1.4721318483352661
3,1745174233.1361477,Train/activations/ResidualBlock5_1stConvBlock_forward/std,scalar,1.567991852760315
4,1745175273.5732617,Train/activations/ResidualBlock5_1stConvBlock_forward/std,scalar,1.555578351020813
5,1745176165.8263948,Train/activations/ResidualBlock5_1stConvBlock_forward/std,scalar,1.5091350078582764
6,1745177057.44264,Train/activations/ResidualBlock5_1stConvBlock_forward/std,scalar,1.7805284261703491
7,1745178097.845552,Train/activations/ResidualBlock5_1stConvBlock_forward/std,scalar,1.7353063821792603
8,1745179142.5256405,Train/activations/ResidualBlock5_1stConvBlock_forward/std,scalar,1.7129195928573608
9,1745180055.662372,Train/activations/ResidualBlock5_1stConvBlock_forward/std,scalar,1.5887196063995361
10,1745181105.8516483,Train/activations/ResidualBlock5_1stConvBlock_forward/std,scalar,1.4468119144439697
11,1745182002.4473028,Train/activations/ResidualBlock5_1stConvBlock_forward/std,scalar,1.3484231233596802
12,1745182902.5585904,Train/activations/ResidualBlock5_1stConvBlock_forward/std,scalar,1.339266300201416
13,1745183792.1724834,Train/activations/ResidualBlock5_1stConvBlock_forward/std,scalar,1.3948289155960083
14,1745184693.337338,Train/activations/ResidualBlock5_1stConvBlock_forward/std,scalar,1.2484735250473022
15,1745185595.5111358,Train/activations/ResidualBlock5_1stConvBlock_forward/std,scalar,1.2229788303375244
16,1745186496.8458176,Train/activations/ResidualBlock5_1stConvBlock_forward/std,scalar,1.158240795135498
17,1745187405.2648995,Train/activations/ResidualBlock5_1stConvBlock_forward/std,scalar,1.06201171875
18,1745188306.3149028,Train/activations/ResidualBlock5_1stConvBlock_forward/std,scalar,1.0412137508392334
19,1745189207.7343986,Train/activations/ResidualBlock5_1stConvBlock_forward/std,scalar,1.0674165487289429
20,1745190256.0742218,Train/activations/ResidualBlock5_1stConvBlock_forward/std,scalar,1.115945816040039
21,1745191170.6756256,Train/activations/ResidualBlock5_1stConvBlock_forward/std,scalar,1.0056310892105103
22,1745192071.8762774,Train/activations/ResidualBlock5_1stConvBlock_forward/std,scalar,0.9825997352600098
23,1745192964.217445,Train/activations/ResidualBlock5_1stConvBlock_forward/std,scalar,1.118403673171997
24,1745193856.0884397,Train/activations/ResidualBlock5_1stConvBlock_forward/std,scalar,0.9512845277786255
25,1745194746.141516,Train/activations/ResidualBlock5_1stConvBlock_forward/std,scalar,0.8797240257263184
26,1745195628.7348127,Train/activations/ResidualBlock5_1stConvBlock_forward/std,scalar,0.8734564781188965
27,1745196516.4310436,Train/activations/ResidualBlock5_1stConvBlock_forward/std,scalar,0.8145602941513062
28,1745197400.576971,Train/activations/ResidualBlock5_1stConvBlock_forward/std,scalar,1.0728118419647217
29,1745198281.6437786,Train/activations/ResidualBlock5_1stConvBlock_forward/std,scalar,1.0142685174942017
30,1745199160.7797744,Train/activations/ResidualBlock5_1stConvBlock_forward/std,scalar,0.8650681376457214
31,1745200038.8938618,Train/activations/ResidualBlock5_1stConvBlock_forward/std,scalar,0.8095818758010864
32,1745200913.155878,Train/activations/ResidualBlock5_1stConvBlock_forward/std,scalar,0.7858743667602539
33,1745201943.384201,Train/activations/ResidualBlock5_1stConvBlock_forward/std,scalar,0.7870441675186157
34,1745202839.4189136,Train/activations/ResidualBlock5_1stConvBlock_forward/std,scalar,0.79551762342453
35,1745203720.3809805,Train/activations/ResidualBlock5_1stConvBlock_forward/std,scalar,0.810655415058136
36,1745204589.4077199,Train/activations/ResidualBlock5_1stConvBlock_forward/std,scalar,0.7009443044662476
37,1745205607.4913673,Train/activations/ResidualBlock5_1stConvBlock_forward/std,scalar,0.6816197037696838
38,1745206470.8318307,Train/activations/ResidualBlock5_1stConvBlock_forward/std,scalar,0.6506650447845459
39,1745207343.5460823,Train/activations/ResidualBlock5_1stConvBlock_forward/std,scalar,0.8115278482437134
40,1745208209.4247506,Train/activations/ResidualBlock5_1stConvBlock_forward/std,scalar,0.6953457593917847
41,1745209076.6040914,Train/activations/ResidualBlock5_1stConvBlock_forward/std,scalar,0.6355871558189392
42,1745209942.8205822,Train/activations/ResidualBlock5_1stConvBlock_forward/std,scalar,0.6641877889633179
43,1745210815.9852529,Train/activations/ResidualBlock5_1stConvBlock_forward/std,scalar,0.6112053394317627
44,1745211689.220174,Train/activations/ResidualBlock5_1stConvBlock_forward/std,scalar,0.6338497400283813
45,1745212555.3193088,Train/activations/ResidualBlock5_1stConvBlock_forward/std,scalar,0.6280093193054199
46,1745213417.4122279,Train/activations/ResidualBlock5_1stConvBlock_forward/std,scalar,0.6380416750907898
47,1745214282.6053598,Train/activations/ResidualBlock5_1stConvBlock_forward/std,scalar,0.6140073537826538
48,1745215148.1852834,Train/activations/ResidualBlock5_1stConvBlock_forward/std,scalar,0.6860230565071106
49,1745216019.8028955,Train/activations/ResidualBlock5_1stConvBlock_forward/std,scalar,0.6787392497062683
50,1745216894.2576518,Train/activations/ResidualBlock5_1stConvBlock_forward/std,scalar,0.6379995346069336
51,1745217756.730916,Train/activations/ResidualBlock5_1stConvBlock_forward/std,scalar,0.6308368444442749
52,1745218620.7131054,Train/activations/ResidualBlock5_1stConvBlock_forward/std,scalar,0.5887223482131958
53,1745219494.4269068,Train/activations/ResidualBlock5_1stConvBlock_forward/std,scalar,0.5760042071342468
54,1745220361.1829436,Train/activations/ResidualBlock5_1stConvBlock_forward/std,scalar,0.5606215596199036
55,1745221224.4324183,Train/activations/ResidualBlock5_1stConvBlock_forward/std,scalar,0.5328966379165649
56,1745222085.944186,Train/activations/ResidualBlock5_1stConvBlock_forward/std,scalar,0.5605758428573608
57,1745222949.0428493,Train/activations/ResidualBlock5_1stConvBlock_forward/std,scalar,0.5752465724945068
58,1745223809.5925596,Train/activations/ResidualBlock5_1stConvBlock_forward/std,scalar,0.5462899804115295
59,1745224668.3167717,Train/activations/ResidualBlock5_1stConvBlock_forward/std,scalar,0.5186868906021118
60,1745225543.7018757,Train/activations/ResidualBlock5_1stConvBlock_forward/std,scalar,0.5466693043708801
61,1745226401.944122,Train/activations/ResidualBlock5_1stConvBlock_forward/std,scalar,0.5771303176879883
62,1745227259.6051958,Train/activations/ResidualBlock5_1stConvBlock_forward/std,scalar,0.5457624793052673
0,1745171235.5031288,Train/activations/ResidualBlock5_1stConvBlock_forward/max,scalar,10.720033645629883
1,1745172296.889495,Train/activations/ResidualBlock5_1stConvBlock_forward/max,scalar,10.86795711517334
2,1745173338.136734,Train/activations/ResidualBlock5_1stConvBlock_forward/max,scalar,17.2200927734375
3,1745174233.1365478,Train/activations/ResidualBlock5_1stConvBlock_forward/max,scalar,14.613456726074219
4,1745175273.5736852,Train/activations/ResidualBlock5_1stConvBlock_forward/max,scalar,17.302833557128906
5,1745176165.826796,Train/activations/ResidualBlock5_1stConvBlock_forward/max,scalar,18.051082611083984
6,1745177057.4429948,Train/activations/ResidualBlock5_1stConvBlock_forward/max,scalar,11.578564643859863
7,1745178097.845892,Train/activations/ResidualBlock5_1stConvBlock_forward/max,scalar,13.469764709472656
8,1745179142.5274816,Train/activations/ResidualBlock5_1stConvBlock_forward/max,scalar,10.03209400177002
9,1745180055.6627672,Train/activations/ResidualBlock5_1stConvBlock_forward/max,scalar,11.861860275268555
10,1745181105.8520207,Train/activations/ResidualBlock5_1stConvBlock_forward/max,scalar,10.330218315124512
11,1745182002.447645,Train/activations/ResidualBlock5_1stConvBlock_forward/max,scalar,10.79759693145752
12,1745182902.5589423,Train/activations/ResidualBlock5_1stConvBlock_forward/max,scalar,10.06982421875
13,1745183792.1728992,Train/activations/ResidualBlock5_1stConvBlock_forward/max,scalar,11.947784423828125
14,1745184693.3377209,Train/activations/ResidualBlock5_1stConvBlock_forward/max,scalar,10.227293968200684
15,1745185595.5115201,Train/activations/ResidualBlock5_1stConvBlock_forward/max,scalar,11.463430404663086
16,1745186496.8464158,Train/activations/ResidualBlock5_1stConvBlock_forward/max,scalar,9.92976188659668
17,1745187405.2652524,Train/activations/ResidualBlock5_1stConvBlock_forward/max,scalar,9.34589958190918
18,1745188306.3154216,Train/activations/ResidualBlock5_1stConvBlock_forward/max,scalar,9.338583946228027
19,1745189207.7347612,Train/activations/ResidualBlock5_1stConvBlock_forward/max,scalar,8.246638298034668
20,1745190256.074604,Train/activations/ResidualBlock5_1stConvBlock_forward/max,scalar,6.891171455383301
21,1745191170.6761882,Train/activations/ResidualBlock5_1stConvBlock_forward/max,scalar,6.5380964279174805
22,1745192071.8766356,Train/activations/ResidualBlock5_1stConvBlock_forward/max,scalar,8.44440746307373
23,1745192964.2178662,Train/activations/ResidualBlock5_1stConvBlock_forward/max,scalar,9.6632080078125
24,1745193856.0887887,Train/activations/ResidualBlock5_1stConvBlock_forward/max,scalar,8.406261444091797
25,1745194746.1419356,Train/activations/ResidualBlock5_1stConvBlock_forward/max,scalar,5.947092056274414
26,1745195628.7351842,Train/activations/ResidualBlock5_1stConvBlock_forward/max,scalar,5.429293632507324
27,1745196516.4314249,Train/activations/ResidualBlock5_1stConvBlock_forward/max,scalar,5.4408440589904785
28,1745197400.5773273,Train/activations/ResidualBlock5_1stConvBlock_forward/max,scalar,4.808245658874512
29,1745198281.6441474,Train/activations/ResidualBlock5_1stConvBlock_forward/max,scalar,6.745522975921631
30,1745199160.7801878,Train/activations/ResidualBlock5_1stConvBlock_forward/max,scalar,4.86379337310791
31,1745200038.8942513,Train/activations/ResidualBlock5_1stConvBlock_forward/max,scalar,4.362403869628906
32,1745200913.1567423,Train/activations/ResidualBlock5_1stConvBlock_forward/max,scalar,4.2816972732543945
33,1745201943.3845465,Train/activations/ResidualBlock5_1stConvBlock_forward/max,scalar,4.202307224273682
34,1745202839.4192872,Train/activations/ResidualBlock5_1stConvBlock_forward/max,scalar,3.9680233001708984
35,1745203720.3835874,Train/activations/ResidualBlock5_1stConvBlock_forward/max,scalar,4.195812702178955
36,1745204589.4081652,Train/activations/ResidualBlock5_1stConvBlock_forward/max,scalar,3.80112886428833
37,1745205607.4917476,Train/activations/ResidualBlock5_1stConvBlock_forward/max,scalar,3.9895052909851074
38,1745206470.8452241,Train/activations/ResidualBlock5_1stConvBlock_forward/max,scalar,3.959620952606201
39,1745207343.5471861,Train/activations/ResidualBlock5_1stConvBlock_forward/max,scalar,3.9800987243652344
40,1745208209.4263268,Train/activations/ResidualBlock5_1stConvBlock_forward/max,scalar,3.721127986907959
41,1745209076.6198082,Train/activations/ResidualBlock5_1stConvBlock_forward/max,scalar,3.7792344093322754
42,1745209942.8210428,Train/activations/ResidualBlock5_1stConvBlock_forward/max,scalar,3.531839370727539
43,1745210815.9857275,Train/activations/ResidualBlock5_1stConvBlock_forward/max,scalar,3.269622802734375
44,1745211689.220703,Train/activations/ResidualBlock5_1stConvBlock_forward/max,scalar,3.2380166053771973
45,1745212555.3201206,Train/activations/ResidualBlock5_1stConvBlock_forward/max,scalar,2.6838722229003906
46,1745213417.4129844,Train/activations/ResidualBlock5_1stConvBlock_forward/max,scalar,2.719933032989502
47,1745214282.6058235,Train/activations/ResidualBlock5_1stConvBlock_forward/max,scalar,2.8675782680511475
48,1745215148.1857567,Train/activations/ResidualBlock5_1stConvBlock_forward/max,scalar,3.694269895553589
49,1745216019.8040438,Train/activations/ResidualBlock5_1stConvBlock_forward/max,scalar,2.6080820560455322
50,1745216894.2588832,Train/activations/ResidualBlock5_1stConvBlock_forward/max,scalar,2.6076548099517822
51,1745217756.7314184,Train/activations/ResidualBlock5_1stConvBlock_forward/max,scalar,2.5252792835235596
52,1745218620.7263756,Train/activations/ResidualBlock5_1stConvBlock_forward/max,scalar,2.8973183631896973
53,1745219494.4301836,Train/activations/ResidualBlock5_1stConvBlock_forward/max,scalar,2.6610360145568848
54,1745220361.1833885,Train/activations/ResidualBlock5_1stConvBlock_forward/max,scalar,3.484949827194214
55,1745221224.4328728,Train/activations/ResidualBlock5_1stConvBlock_forward/max,scalar,2.731928586959839
56,1745222085.944746,Train/activations/ResidualBlock5_1stConvBlock_forward/max,scalar,2.1592307090759277
57,1745222949.046151,Train/activations/ResidualBlock5_1stConvBlock_forward/max,scalar,3.08091402053833
58,1745223809.59293,Train/activations/ResidualBlock5_1stConvBlock_forward/max,scalar,2.8719675540924072
59,1745224668.31712,Train/activations/ResidualBlock5_1stConvBlock_forward/max,scalar,4.312065124511719
60,1745225543.702216,Train/activations/ResidualBlock5_1stConvBlock_forward/max,scalar,1.727657675743103
61,1745226401.9446404,Train/activations/ResidualBlock5_1stConvBlock_forward/max,scalar,1.6148521900177002
62,1745227259.6056046,Train/activations/ResidualBlock5_1stConvBlock_forward/max,scalar,2.0374338626861572
0,1745171235.5037816,Train/activations/ResidualBlock5_1stConvBlock_forward/min,scalar,-12.594330787658691
1,1745172296.890842,Train/activations/ResidualBlock5_1stConvBlock_forward/min,scalar,-14.030523300170898
2,1745173338.1383514,Train/activations/ResidualBlock5_1stConvBlock_forward/min,scalar,-17.759563446044922
3,1745174233.1372714,Train/activations/ResidualBlock5_1stConvBlock_forward/min,scalar,-13.451456069946289
4,1745175273.5741057,Train/activations/ResidualBlock5_1stConvBlock_forward/min,scalar,-16.72287368774414
5,1745176165.8272183,Train/activations/ResidualBlock5_1stConvBlock_forward/min,scalar,-15.007718086242676
6,1745177057.4433534,Train/activations/ResidualBlock5_1stConvBlock_forward/min,scalar,-13.043910026550293
7,1745178097.846241,Train/activations/ResidualBlock5_1stConvBlock_forward/min,scalar,-19.660066604614258
8,1745179142.5279546,Train/activations/ResidualBlock5_1stConvBlock_forward/min,scalar,-10.095846176147461
9,1745180055.6631823,Train/activations/ResidualBlock5_1stConvBlock_forward/min,scalar,-12.026144027709961
10,1745181105.8523588,Train/activations/ResidualBlock5_1stConvBlock_forward/min,scalar,-10.195150375366211
11,1745182002.4480138,Train/activations/ResidualBlock5_1stConvBlock_forward/min,scalar,-11.49998664855957
12,1745182902.5592825,Train/activations/ResidualBlock5_1stConvBlock_forward/min,scalar,-8.493345260620117
13,1745183792.1747065,Train/activations/ResidualBlock5_1stConvBlock_forward/min,scalar,-9.096780776977539
14,1745184693.3382301,Train/activations/ResidualBlock5_1stConvBlock_forward/min,scalar,-8.014799118041992
15,1745185595.5120208,Train/activations/ResidualBlock5_1stConvBlock_forward/min,scalar,-13.699793815612793
16,1745186496.8468919,Train/activations/ResidualBlock5_1stConvBlock_forward/min,scalar,-9.716399192810059
17,1745187405.2657032,Train/activations/ResidualBlock5_1stConvBlock_forward/min,scalar,-11.14418888092041
18,1745188306.315925,Train/activations/ResidualBlock5_1stConvBlock_forward/min,scalar,-17.43667221069336
19,1745189207.73511,Train/activations/ResidualBlock5_1stConvBlock_forward/min,scalar,-11.55171012878418
20,1745190256.0749593,Train/activations/ResidualBlock5_1stConvBlock_forward/min,scalar,-10.21363353729248
21,1745191170.6766467,Train/activations/ResidualBlock5_1stConvBlock_forward/min,scalar,-7.565390586853027
22,1745192071.8769877,Train/activations/ResidualBlock5_1stConvBlock_forward/min,scalar,-10.252121925354004
23,1745192964.2182624,Train/activations/ResidualBlock5_1stConvBlock_forward/min,scalar,-10.763595581054688
24,1745193856.0891318,Train/activations/ResidualBlock5_1stConvBlock_forward/min,scalar,-10.989217758178711
25,1745194746.1422966,Train/activations/ResidualBlock5_1stConvBlock_forward/min,scalar,-12.46003246307373
26,1745195628.7356296,Train/activations/ResidualBlock5_1stConvBlock_forward/min,scalar,-6.2884135246276855
27,1745196516.431797,Train/activations/ResidualBlock5_1stConvBlock_forward/min,scalar,-10.526321411132812
28,1745197400.5776727,Train/activations/ResidualBlock5_1stConvBlock_forward/min,scalar,-8.604032516479492
29,1745198281.644521,Train/activations/ResidualBlock5_1stConvBlock_forward/min,scalar,-11.243707656860352
30,1745199160.7805371,Train/activations/ResidualBlock5_1stConvBlock_forward/min,scalar,-8.481616020202637
31,1745200038.8946128,Train/activations/ResidualBlock5_1stConvBlock_forward/min,scalar,-6.471235752105713
32,1745200913.1571612,Train/activations/ResidualBlock5_1stConvBlock_forward/min,scalar,-5.980645179748535
33,1745201943.384936,Train/activations/ResidualBlock5_1stConvBlock_forward/min,scalar,-5.479357719421387
34,1745202839.419646,Train/activations/ResidualBlock5_1stConvBlock_forward/min,scalar,-6.4575700759887695
35,1745203720.3852649,Train/activations/ResidualBlock5_1stConvBlock_forward/min,scalar,-7.2311272621154785
36,1745204589.408532,Train/activations/ResidualBlock5_1stConvBlock_forward/min,scalar,-6.002488136291504
37,1745205607.4921007,Train/activations/ResidualBlock5_1stConvBlock_forward/min,scalar,-7.124464511871338
38,1745206470.8503172,Train/activations/ResidualBlock5_1stConvBlock_forward/min,scalar,-10.827696800231934
39,1745207343.5476463,Train/activations/ResidualBlock5_1stConvBlock_forward/min,scalar,-6.590645790100098
40,1745208209.4284775,Train/activations/ResidualBlock5_1stConvBlock_forward/min,scalar,-6.206887245178223
41,1745209076.6380458,Train/activations/ResidualBlock5_1stConvBlock_forward/min,scalar,-9.034735679626465
42,1745209942.8215067,Train/activations/ResidualBlock5_1stConvBlock_forward/min,scalar,-9.10975456237793
43,1745210815.9862182,Train/activations/ResidualBlock5_1stConvBlock_forward/min,scalar,-7.508286476135254
44,1745211689.2212071,Train/activations/ResidualBlock5_1stConvBlock_forward/min,scalar,-5.933841228485107
45,1745212555.3206,Train/activations/ResidualBlock5_1stConvBlock_forward/min,scalar,-6.208020210266113
46,1745213417.4133897,Train/activations/ResidualBlock5_1stConvBlock_forward/min,scalar,-7.076231479644775
47,1745214282.6062672,Train/activations/ResidualBlock5_1stConvBlock_forward/min,scalar,-6.170039176940918
48,1745215148.1861517,Train/activations/ResidualBlock5_1stConvBlock_forward/min,scalar,-6.272828102111816
49,1745216019.8054137,Train/activations/ResidualBlock5_1stConvBlock_forward/min,scalar,-8.197111129760742
50,1745216894.2592585,Train/activations/ResidualBlock5_1stConvBlock_forward/min,scalar,-6.698336601257324
51,1745217756.731871,Train/activations/ResidualBlock5_1stConvBlock_forward/min,scalar,-7.1587324142456055
52,1745218620.7319474,Train/activations/ResidualBlock5_1stConvBlock_forward/min,scalar,-9.5225830078125
53,1745219494.430966,Train/activations/ResidualBlock5_1stConvBlock_forward/min,scalar,-7.053275108337402
54,1745220361.1837895,Train/activations/ResidualBlock5_1stConvBlock_forward/min,scalar,-6.307429313659668
55,1745221224.4333875,Train/activations/ResidualBlock5_1stConvBlock_forward/min,scalar,-6.988053321838379
56,1745222085.9455616,Train/activations/ResidualBlock5_1stConvBlock_forward/min,scalar,-5.209660530090332
57,1745222949.052996,Train/activations/ResidualBlock5_1stConvBlock_forward/min,scalar,-5.933319091796875
58,1745223809.5932941,Train/activations/ResidualBlock5_1stConvBlock_forward/min,scalar,-4.809084892272949
59,1745224668.3174515,Train/activations/ResidualBlock5_1stConvBlock_forward/min,scalar,-13.131978988647461
60,1745225543.7025669,Train/activations/ResidualBlock5_1stConvBlock_forward/min,scalar,-6.192488670349121
61,1745226401.945054,Train/activations/ResidualBlock5_1stConvBlock_forward/min,scalar,-6.290154457092285
62,1745227259.6060383,Train/activations/ResidualBlock5_1stConvBlock_forward/min,scalar,-5.8756256103515625
0,1745171235.504197,Train/activations/ResidualBlock5_2ndConvBlock_forward/mean,scalar,0.15764659643173218
1,1745172296.8919275,Train/activations/ResidualBlock5_2ndConvBlock_forward/mean,scalar,0.21441912651062012
2,1745173338.1387858,Train/activations/ResidualBlock5_2ndConvBlock_forward/mean,scalar,0.18637247383594513
3,1745174233.1376598,Train/activations/ResidualBlock5_2ndConvBlock_forward/mean,scalar,0.20800559222698212
4,1745175273.5745175,Train/activations/ResidualBlock5_2ndConvBlock_forward/mean,scalar,0.2686200737953186
5,1745176165.8276649,Train/activations/ResidualBlock5_2ndConvBlock_forward/mean,scalar,0.16630175709724426
6,1745177057.4436836,Train/activations/ResidualBlock5_2ndConvBlock_forward/mean,scalar,0.27638041973114014
7,1745178097.8466353,Train/activations/ResidualBlock5_2ndConvBlock_forward/mean,scalar,0.19630888104438782
8,1745179142.5286844,Train/activations/ResidualBlock5_2ndConvBlock_forward/mean,scalar,0.2353888750076294
9,1745180055.663996,Train/activations/ResidualBlock5_2ndConvBlock_forward/mean,scalar,0.12980952858924866
10,1745181105.85272,Train/activations/ResidualBlock5_2ndConvBlock_forward/mean,scalar,0.09652449935674667
11,1745182002.4483685,Train/activations/ResidualBlock5_2ndConvBlock_forward/mean,scalar,0.09399499744176865
12,1745182902.5596387,Train/activations/ResidualBlock5_2ndConvBlock_forward/mean,scalar,0.04752640798687935
13,1745183792.1750941,Train/activations/ResidualBlock5_2ndConvBlock_forward/mean,scalar,0.1194489598274231
14,1745184693.3386903,Train/activations/ResidualBlock5_2ndConvBlock_forward/mean,scalar,0.04997888579964638
15,1745185595.5121996,Train/activations/ResidualBlock5_2ndConvBlock_forward/mean,scalar,0.08764581382274628
16,1745186496.8472714,Train/activations/ResidualBlock5_2ndConvBlock_forward/mean,scalar,0.05977897718548775
17,1745187405.2660782,Train/activations/ResidualBlock5_2ndConvBlock_forward/mean,scalar,0.05685338377952576
18,1745188306.316485,Train/activations/ResidualBlock5_2ndConvBlock_forward/mean,scalar,0.057076819241046906
19,1745189207.7355728,Train/activations/ResidualBlock5_2ndConvBlock_forward/mean,scalar,0.06941408663988113
20,1745190256.075472,Train/activations/ResidualBlock5_2ndConvBlock_forward/mean,scalar,0.05582574009895325
21,1745191170.6783376,Train/activations/ResidualBlock5_2ndConvBlock_forward/mean,scalar,0.056933145970106125
22,1745192071.8773468,Train/activations/ResidualBlock5_2ndConvBlock_forward/mean,scalar,0.0659184604883194
23,1745192964.2187243,Train/activations/ResidualBlock5_2ndConvBlock_forward/mean,scalar,0.10820188373327255
24,1745193856.0894942,Train/activations/ResidualBlock5_2ndConvBlock_forward/mean,scalar,0.055333368480205536
25,1745194746.1426454,Train/activations/ResidualBlock5_2ndConvBlock_forward/mean,scalar,0.03300219029188156
26,1745195628.735971,Train/activations/ResidualBlock5_2ndConvBlock_forward/mean,scalar,0.027179395779967308
27,1745196516.4322224,Train/activations/ResidualBlock5_2ndConvBlock_forward/mean,scalar,0.03748340904712677
28,1745197400.5780702,Train/activations/ResidualBlock5_2ndConvBlock_forward/mean,scalar,0.04035428911447525
29,1745198281.644946,Train/activations/ResidualBlock5_2ndConvBlock_forward/mean,scalar,0.01852394826710224
30,1745199160.7809181,Train/activations/ResidualBlock5_2ndConvBlock_forward/mean,scalar,0.02807374857366085
31,1745200038.8949745,Train/activations/ResidualBlock5_2ndConvBlock_forward/mean,scalar,0.021628109738230705
32,1745200913.157542,Train/activations/ResidualBlock5_2ndConvBlock_forward/mean,scalar,0.01206071488559246
33,1745201943.385326,Train/activations/ResidualBlock5_2ndConvBlock_forward/mean,scalar,0.022414330393075943
34,1745202839.420021,Train/activations/ResidualBlock5_2ndConvBlock_forward/mean,scalar,0.0035445012617856264
35,1745203720.385848,Train/activations/ResidualBlock5_2ndConvBlock_forward/mean,scalar,0.005488262511789799
36,1745204589.4089072,Train/activations/ResidualBlock5_2ndConvBlock_forward/mean,scalar,0.008470633998513222
37,1745205607.4925036,Train/activations/ResidualBlock5_2ndConvBlock_forward/mean,scalar,0.006596971303224564
38,1745206470.8637314,Train/activations/ResidualBlock5_2ndConvBlock_forward/mean,scalar,0.01548378448933363
39,1745207343.5480287,Train/activations/ResidualBlock5_2ndConvBlock_forward/mean,scalar,0.03556930273771286
40,1745208209.4300935,Train/activations/ResidualBlock5_2ndConvBlock_forward/mean,scalar,0.023395676165819168
41,1745209076.6494775,Train/activations/ResidualBlock5_2ndConvBlock_forward/mean,scalar,0.017315125092864037
42,1745209942.822682,Train/activations/ResidualBlock5_2ndConvBlock_forward/mean,scalar,0.022785861045122147
43,1745210815.9867516,Train/activations/ResidualBlock5_2ndConvBlock_forward/mean,scalar,0.01688304916024208
44,1745211689.2216423,Train/activations/ResidualBlock5_2ndConvBlock_forward/mean,scalar,0.018622683361172676
45,1745212555.3212874,Train/activations/ResidualBlock5_2ndConvBlock_forward/mean,scalar,0.015309691429138184
46,1745213417.4137824,Train/activations/ResidualBlock5_2ndConvBlock_forward/mean,scalar,0.01951787620782852
47,1745214282.6066759,Train/activations/ResidualBlock5_2ndConvBlock_forward/mean,scalar,0.02052472159266472
48,1745215148.186728,Train/activations/ResidualBlock5_2ndConvBlock_forward/mean,scalar,0.01591540314257145
49,1745216019.805978,Train/activations/ResidualBlock5_2ndConvBlock_forward/mean,scalar,0.031599871814250946
50,1745216894.2596223,Train/activations/ResidualBlock5_2ndConvBlock_forward/mean,scalar,0.026933278888463974
51,1745217756.7323656,Train/activations/ResidualBlock5_2ndConvBlock_forward/mean,scalar,0.03938872367143631
52,1745218620.735081,Train/activations/ResidualBlock5_2ndConvBlock_forward/mean,scalar,0.021389065310359
53,1745219494.4318905,Train/activations/ResidualBlock5_2ndConvBlock_forward/mean,scalar,0.021686319261789322
54,1745220361.1842053,Train/activations/ResidualBlock5_2ndConvBlock_forward/mean,scalar,0.018726466223597527
55,1745221224.4337556,Train/activations/ResidualBlock5_2ndConvBlock_forward/mean,scalar,0.01606759987771511
56,1745222085.946052,Train/activations/ResidualBlock5_2ndConvBlock_forward/mean,scalar,0.018220972269773483
57,1745222949.0552187,Train/activations/ResidualBlock5_2ndConvBlock_forward/mean,scalar,0.014571738429367542
58,1745223809.5936608,Train/activations/ResidualBlock5_2ndConvBlock_forward/mean,scalar,0.011451942846179008
59,1745224668.317836,Train/activations/ResidualBlock5_2ndConvBlock_forward/mean,scalar,0.008694177493453026
60,1745225543.703014,Train/activations/ResidualBlock5_2ndConvBlock_forward/mean,scalar,0.005419044755399227
61,1745226401.945524,Train/activations/ResidualBlock5_2ndConvBlock_forward/mean,scalar,0.004804301541298628
62,1745227259.6064708,Train/activations/ResidualBlock5_2ndConvBlock_forward/mean,scalar,0.010533678345382214
0,1745171235.5045862,Train/activations/ResidualBlock5_2ndConvBlock_forward/std,scalar,0.687522292137146
1,1745172296.8926194,Train/activations/ResidualBlock5_2ndConvBlock_forward/std,scalar,0.615680456161499
2,1745173338.1391425,Train/activations/ResidualBlock5_2ndConvBlock_forward/std,scalar,0.5888327360153198
3,1745174233.1380332,Train/activations/ResidualBlock5_2ndConvBlock_forward/std,scalar,0.5668034553527832
4,1745175273.5749955,Train/activations/ResidualBlock5_2ndConvBlock_forward/std,scalar,0.6424821615219116
5,1745176165.8281183,Train/activations/ResidualBlock5_2ndConvBlock_forward/std,scalar,0.49866023659706116
6,1745177057.444044,Train/activations/ResidualBlock5_2ndConvBlock_forward/std,scalar,0.6859303116798401
7,1745178097.8469713,Train/activations/ResidualBlock5_2ndConvBlock_forward/std,scalar,0.5712442398071289
8,1745179142.5293036,Train/activations/ResidualBlock5_2ndConvBlock_forward/std,scalar,0.5506142973899841
9,1745180055.6666524,Train/activations/ResidualBlock5_2ndConvBlock_forward/std,scalar,0.4491521418094635
10,1745181105.8531046,Train/activations/ResidualBlock5_2ndConvBlock_forward/std,scalar,0.36208289861679077
11,1745182002.4487257,Train/activations/ResidualBlock5_2ndConvBlock_forward/std,scalar,0.3636378049850464
12,1745182902.559988,Train/activations/ResidualBlock5_2ndConvBlock_forward/std,scalar,0.3165709674358368
13,1745183792.1755753,Train/activations/ResidualBlock5_2ndConvBlock_forward/std,scalar,0.3873441815376282
14,1745184693.3391511,Train/activations/ResidualBlock5_2ndConvBlock_forward/std,scalar,0.26710644364356995
15,1745185595.5125406,Train/activations/ResidualBlock5_2ndConvBlock_forward/std,scalar,0.2828483581542969
16,1745186496.8477738,Train/activations/ResidualBlock5_2ndConvBlock_forward/std,scalar,0.2401391565799713
17,1745187405.2673311,Train/activations/ResidualBlock5_2ndConvBlock_forward/std,scalar,0.2302541732788086
18,1745188306.3170455,Train/activations/ResidualBlock5_2ndConvBlock_forward/std,scalar,0.22647905349731445
19,1745189207.7359478,Train/activations/ResidualBlock5_2ndConvBlock_forward/std,scalar,0.2476033866405487
20,1745190256.0759013,Train/activations/ResidualBlock5_2ndConvBlock_forward/std,scalar,0.33152154088020325
21,1745191170.6788146,Train/activations/ResidualBlock5_2ndConvBlock_forward/std,scalar,0.23190855979919434
22,1745192071.8776863,Train/activations/ResidualBlock5_2ndConvBlock_forward/std,scalar,0.21175801753997803
23,1745192964.2191143,Train/activations/ResidualBlock5_2ndConvBlock_forward/std,scalar,0.33090558648109436
24,1745193856.089904,Train/activations/ResidualBlock5_2ndConvBlock_forward/std,scalar,0.20944277942180634
25,1745194746.1430516,Train/activations/ResidualBlock5_2ndConvBlock_forward/std,scalar,0.1902998834848404
26,1745195628.736365,Train/activations/ResidualBlock5_2ndConvBlock_forward/std,scalar,0.17810997366905212
27,1745196516.4325986,Train/activations/ResidualBlock5_2ndConvBlock_forward/std,scalar,0.16588640213012695
28,1745197400.5784101,Train/activations/ResidualBlock5_2ndConvBlock_forward/std,scalar,0.2723170816898346
29,1745198281.6453376,Train/activations/ResidualBlock5_2ndConvBlock_forward/std,scalar,0.18577972054481506
30,1745199160.7813313,Train/activations/ResidualBlock5_2ndConvBlock_forward/std,scalar,0.16548815369606018
31,1745200038.8953905,Train/activations/ResidualBlock5_2ndConvBlock_forward/std,scalar,0.16015714406967163
32,1745200913.1579347,Train/activations/ResidualBlock5_2ndConvBlock_forward/std,scalar,0.15669474005699158
33,1745201943.3856752,Train/activations/ResidualBlock5_2ndConvBlock_forward/std,scalar,0.1700707972049713
34,1745202839.4204354,Train/activations/ResidualBlock5_2ndConvBlock_forward/std,scalar,0.14468838274478912
35,1745203720.3862484,Train/activations/ResidualBlock5_2ndConvBlock_forward/std,scalar,0.14769306778907776
36,1745204589.4092638,Train/activations/ResidualBlock5_2ndConvBlock_forward/std,scalar,0.12734413146972656
37,1745205607.4928586,Train/activations/ResidualBlock5_2ndConvBlock_forward/std,scalar,0.12145589292049408
38,1745206470.8820102,Train/activations/ResidualBlock5_2ndConvBlock_forward/std,scalar,0.1082865372300148
39,1745207343.5492535,Train/activations/ResidualBlock5_2ndConvBlock_forward/std,scalar,0.20677299797534943
40,1745208209.4319599,Train/activations/ResidualBlock5_2ndConvBlock_forward/std,scalar,0.12071895599365234
41,1745209076.6531472,Train/activations/ResidualBlock5_2ndConvBlock_forward/std,scalar,0.10746973752975464
42,1745209942.827079,Train/activations/ResidualBlock5_2ndConvBlock_forward/std,scalar,0.10783097892999649
43,1745210815.988009,Train/activations/ResidualBlock5_2ndConvBlock_forward/std,scalar,0.0951983630657196
44,1745211689.2223232,Train/activations/ResidualBlock5_2ndConvBlock_forward/std,scalar,0.09502346068620682
45,1745212555.321768,Train/activations/ResidualBlock5_2ndConvBlock_forward/std,scalar,0.10278364270925522
46,1745213417.4142413,Train/activations/ResidualBlock5_2ndConvBlock_forward/std,scalar,0.10878630727529526
47,1745214282.6070836,Train/activations/ResidualBlock5_2ndConvBlock_forward/std,scalar,0.10987456142902374
48,1745215148.1872447,Train/activations/ResidualBlock5_2ndConvBlock_forward/std,scalar,0.13229820132255554
49,1745216019.806422,Train/activations/ResidualBlock5_2ndConvBlock_forward/std,scalar,0.18202370405197144
50,1745216894.260118,Train/activations/ResidualBlock5_2ndConvBlock_forward/std,scalar,0.11883817613124847
51,1745217756.7332175,Train/activations/ResidualBlock5_2ndConvBlock_forward/std,scalar,0.1283755898475647
52,1745218620.7391875,Train/activations/ResidualBlock5_2ndConvBlock_forward/std,scalar,0.09958766400814056
53,1745219494.4339614,Train/activations/ResidualBlock5_2ndConvBlock_forward/std,scalar,0.09641183912754059
54,1745220361.1846573,Train/activations/ResidualBlock5_2ndConvBlock_forward/std,scalar,0.11002843081951141
55,1745221224.4341636,Train/activations/ResidualBlock5_2ndConvBlock_forward/std,scalar,0.08620190620422363
56,1745222085.9465199,Train/activations/ResidualBlock5_2ndConvBlock_forward/std,scalar,0.12508346140384674
57,1745222949.0567338,Train/activations/ResidualBlock5_2ndConvBlock_forward/std,scalar,0.09144067764282227
58,1745223809.5940366,Train/activations/ResidualBlock5_2ndConvBlock_forward/std,scalar,0.09709890931844711
59,1745224668.318181,Train/activations/ResidualBlock5_2ndConvBlock_forward/std,scalar,0.0731961578130722
60,1745225543.7034478,Train/activations/ResidualBlock5_2ndConvBlock_forward/std,scalar,0.0744393840432167
61,1745226401.9460373,Train/activations/ResidualBlock5_2ndConvBlock_forward/std,scalar,0.07220970839262009
62,1745227259.6068926,Train/activations/ResidualBlock5_2ndConvBlock_forward/std,scalar,0.07150585204362869
0,1745171235.5052917,Train/activations/ResidualBlock5_2ndConvBlock_forward/max,scalar,6.964959621429443
1,1745172296.893208,Train/activations/ResidualBlock5_2ndConvBlock_forward/max,scalar,4.9211955070495605
2,1745173338.1395595,Train/activations/ResidualBlock5_2ndConvBlock_forward/max,scalar,5.991515636444092
3,1745174233.1383808,Train/activations/ResidualBlock5_2ndConvBlock_forward/max,scalar,4.180090427398682
4,1745175273.5754294,Train/activations/ResidualBlock5_2ndConvBlock_forward/max,scalar,5.866146087646484
5,1745176165.8284688,Train/activations/ResidualBlock5_2ndConvBlock_forward/max,scalar,3.2112903594970703
6,1745177057.444385,Train/activations/ResidualBlock5_2ndConvBlock_forward/max,scalar,5.761566638946533
7,1745178097.8473208,Train/activations/ResidualBlock5_2ndConvBlock_forward/max,scalar,3.6977760791778564
8,1745179142.5297134,Train/activations/ResidualBlock5_2ndConvBlock_forward/max,scalar,3.257946729660034
9,1745180055.6710846,Train/activations/ResidualBlock5_2ndConvBlock_forward/max,scalar,1.6914726495742798
10,1745181105.8534532,Train/activations/ResidualBlock5_2ndConvBlock_forward/max,scalar,1.5284086465835571
11,1745182002.449078,Train/activations/ResidualBlock5_2ndConvBlock_forward/max,scalar,1.8697445392608643
12,1745182902.5603364,Train/activations/ResidualBlock5_2ndConvBlock_forward/max,scalar,1.0649793148040771
13,1745183792.1761346,Train/activations/ResidualBlock5_2ndConvBlock_forward/max,scalar,1.6010701656341553
14,1745184693.3395534,Train/activations/ResidualBlock5_2ndConvBlock_forward/max,scalar,1.0229393243789673
15,1745185595.5129077,Train/activations/ResidualBlock5_2ndConvBlock_forward/max,scalar,1.106574296951294
16,1745186496.8482864,Train/activations/ResidualBlock5_2ndConvBlock_forward/max,scalar,0.8599298596382141
17,1745187405.2677963,Train/activations/ResidualBlock5_2ndConvBlock_forward/max,scalar,0.9464238286018372
18,1745188306.3179667,Train/activations/ResidualBlock5_2ndConvBlock_forward/max,scalar,0.8572748303413391
19,1745189207.7363229,Train/activations/ResidualBlock5_2ndConvBlock_forward/max,scalar,0.9120009541511536
20,1745190256.0763657,Train/activations/ResidualBlock5_2ndConvBlock_forward/max,scalar,2.23738431930542
21,1745191170.6793113,Train/activations/ResidualBlock5_2ndConvBlock_forward/max,scalar,0.9839200973510742
22,1745192071.8781698,Train/activations/ResidualBlock5_2ndConvBlock_forward/max,scalar,0.8692291378974915
23,1745192964.2194767,Train/activations/ResidualBlock5_2ndConvBlock_forward/max,scalar,2.537544012069702
24,1745193856.0902886,Train/activations/ResidualBlock5_2ndConvBlock_forward/max,scalar,0.9661827087402344
25,1745194746.143445,Train/activations/ResidualBlock5_2ndConvBlock_forward/max,scalar,0.6539211273193359
26,1745195628.736767,Train/activations/ResidualBlock5_2ndConvBlock_forward/max,scalar,0.6266998052597046
27,1745196516.4329822,Train/activations/ResidualBlock5_2ndConvBlock_forward/max,scalar,0.6076318025588989
28,1745197400.5788,Train/activations/ResidualBlock5_2ndConvBlock_forward/max,scalar,1.6298210620880127
29,1745198281.645707,Train/activations/ResidualBlock5_2ndConvBlock_forward/max,scalar,0.7585228085517883
30,1745199160.7817485,Train/activations/ResidualBlock5_2ndConvBlock_forward/max,scalar,0.6708778142929077
31,1745200038.8957694,Train/activations/ResidualBlock5_2ndConvBlock_forward/max,scalar,0.6123706698417664
32,1745200913.1583724,Train/activations/ResidualBlock5_2ndConvBlock_forward/max,scalar,0.6131739616394043
33,1745201943.3860288,Train/activations/ResidualBlock5_2ndConvBlock_forward/max,scalar,0.6517813205718994
34,1745202839.420772,Train/activations/ResidualBlock5_2ndConvBlock_forward/max,scalar,0.5787457823753357
35,1745203720.3866537,Train/activations/ResidualBlock5_2ndConvBlock_forward/max,scalar,0.5864908695220947
36,1745204589.409889,Train/activations/ResidualBlock5_2ndConvBlock_forward/max,scalar,0.46600204706192017
37,1745205607.493232,Train/activations/ResidualBlock5_2ndConvBlock_forward/max,scalar,0.4896945357322693
38,1745206470.9049563,Train/activations/ResidualBlock5_2ndConvBlock_forward/max,scalar,0.6183215379714966
39,1745207343.553522,Train/activations/ResidualBlock5_2ndConvBlock_forward/max,scalar,1.1298729181289673
40,1745208209.4336972,Train/activations/ResidualBlock5_2ndConvBlock_forward/max,scalar,0.4125464856624603
41,1745209076.666817,Train/activations/ResidualBlock5_2ndConvBlock_forward/max,scalar,0.44512930512428284
42,1745209942.8287747,Train/activations/ResidualBlock5_2ndConvBlock_forward/max,scalar,0.5081852674484253
43,1745210815.9903426,Train/activations/ResidualBlock5_2ndConvBlock_forward/max,scalar,0.3868696689605713
44,1745211689.2227895,Train/activations/ResidualBlock5_2ndConvBlock_forward/max,scalar,0.3590875267982483
45,1745212555.3226526,Train/activations/ResidualBlock5_2ndConvBlock_forward/max,scalar,0.38380226492881775
46,1745213417.4146173,Train/activations/ResidualBlock5_2ndConvBlock_forward/max,scalar,0.4806345999240875
47,1745214282.6075187,Train/activations/ResidualBlock5_2ndConvBlock_forward/max,scalar,0.4220077097415924
48,1745215148.1876776,Train/activations/ResidualBlock5_2ndConvBlock_forward/max,scalar,0.6157050728797913
49,1745216019.8071833,Train/activations/ResidualBlock5_2ndConvBlock_forward/max,scalar,0.8851566314697266
50,1745216894.2615266,Train/activations/ResidualBlock5_2ndConvBlock_forward/max,scalar,0.47681206464767456
51,1745217756.7345936,Train/activations/ResidualBlock5_2ndConvBlock_forward/max,scalar,0.6690381169319153
52,1745218620.7462597,Train/activations/ResidualBlock5_2ndConvBlock_forward/max,scalar,0.40712088346481323
53,1745219494.4343464,Train/activations/ResidualBlock5_2ndConvBlock_forward/max,scalar,0.39356139302253723
54,1745220361.1850204,Train/activations/ResidualBlock5_2ndConvBlock_forward/max,scalar,0.6353186368942261
55,1745221224.4351602,Train/activations/ResidualBlock5_2ndConvBlock_forward/max,scalar,0.3864215314388275
56,1745222085.9469404,Train/activations/ResidualBlock5_2ndConvBlock_forward/max,scalar,0.6232459545135498
57,1745222949.0580266,Train/activations/ResidualBlock5_2ndConvBlock_forward/max,scalar,0.38103070855140686
58,1745223809.5943909,Train/activations/ResidualBlock5_2ndConvBlock_forward/max,scalar,0.46329832077026367
59,1745224668.318514,Train/activations/ResidualBlock5_2ndConvBlock_forward/max,scalar,0.3696417212486267
60,1745225543.70378,Train/activations/ResidualBlock5_2ndConvBlock_forward/max,scalar,0.30110275745391846
61,1745226401.9464872,Train/activations/ResidualBlock5_2ndConvBlock_forward/max,scalar,0.43715912103652954
62,1745227259.6073477,Train/activations/ResidualBlock5_2ndConvBlock_forward/max,scalar,0.31393665075302124
0,1745171235.5059652,Train/activations/ResidualBlock5_2ndConvBlock_forward/min,scalar,-2.531820774078369
1,1745172296.8935986,Train/activations/ResidualBlock5_2ndConvBlock_forward/min,scalar,-1.7659902572631836
2,1745173338.140021,Train/activations/ResidualBlock5_2ndConvBlock_forward/min,scalar,-2.303391695022583
3,1745174233.1387944,Train/activations/ResidualBlock5_2ndConvBlock_forward/min,scalar,-1.9236304759979248
4,1745175273.5758684,Train/activations/ResidualBlock5_2ndConvBlock_forward/min,scalar,-2.1596646308898926
5,1745176165.8289254,Train/activations/ResidualBlock5_2ndConvBlock_forward/min,scalar,-2.1574347019195557
6,1745177057.4447289,Train/activations/ResidualBlock5_2ndConvBlock_forward/min,scalar,-3.040620803833008
7,1745178097.8476791,Train/activations/ResidualBlock5_2ndConvBlock_forward/min,scalar,-2.174962043762207
8,1745179142.5302095,Train/activations/ResidualBlock5_2ndConvBlock_forward/min,scalar,-2.1024370193481445
9,1745180055.6715193,Train/activations/ResidualBlock5_2ndConvBlock_forward/min,scalar,-2.1633188724517822
10,1745181105.8537922,Train/activations/ResidualBlock5_2ndConvBlock_forward/min,scalar,-1.4973533153533936
11,1745182002.449417,Train/activations/ResidualBlock5_2ndConvBlock_forward/min,scalar,-1.9162677526474
12,1745182902.5607076,Train/activations/ResidualBlock5_2ndConvBlock_forward/min,scalar,-1.6728544235229492
13,1745183792.1765778,Train/activations/ResidualBlock5_2ndConvBlock_forward/min,scalar,-1.8382227420806885
14,1745184693.3400683,Train/activations/ResidualBlock5_2ndConvBlock_forward/min,scalar,-1.3402612209320068
15,1745185595.5133235,Train/activations/ResidualBlock5_2ndConvBlock_forward/min,scalar,-1.9112628698349
16,1745186496.850523,Train/activations/ResidualBlock5_2ndConvBlock_forward/min,scalar,-1.3843955993652344
17,1745187405.2681773,Train/activations/ResidualBlock5_2ndConvBlock_forward/min,scalar,-1.2099037170410156
18,1745188306.3185835,Train/activations/ResidualBlock5_2ndConvBlock_forward/min,scalar,-1.3105189800262451
19,1745189207.7366774,Train/activations/ResidualBlock5_2ndConvBlock_forward/min,scalar,-1.1673518419265747
20,1745190256.0767653,Train/activations/ResidualBlock5_2ndConvBlock_forward/min,scalar,-1.6514447927474976
21,1745191170.6797707,Train/activations/ResidualBlock5_2ndConvBlock_forward/min,scalar,-1.3224323987960815
22,1745192071.8785417,Train/activations/ResidualBlock5_2ndConvBlock_forward/min,scalar,-1.3537780046463013
23,1745192964.2198827,Train/activations/ResidualBlock5_2ndConvBlock_forward/min,scalar,-1.5461164712905884
24,1745193856.0907004,Train/activations/ResidualBlock5_2ndConvBlock_forward/min,scalar,-1.3147509098052979
25,1745194746.143805,Train/activations/ResidualBlock5_2ndConvBlock_forward/min,scalar,-1.179868459701538
26,1745195628.7371423,Train/activations/ResidualBlock5_2ndConvBlock_forward/min,scalar,-1.057152271270752
27,1745196516.4333436,Train/activations/ResidualBlock5_2ndConvBlock_forward/min,scalar,-0.9024330973625183
28,1745197400.579158,Train/activations/ResidualBlock5_2ndConvBlock_forward/min,scalar,-1.5867948532104492
29,1745198281.6460729,Train/activations/ResidualBlock5_2ndConvBlock_forward/min,scalar,-1.202425479888916
30,1745199160.7821403,Train/activations/ResidualBlock5_2ndConvBlock_forward/min,scalar,-0.9014089703559875
31,1745200038.8961415,Train/activations/ResidualBlock5_2ndConvBlock_forward/min,scalar,-0.9704815745353699
32,1745200913.1588101,Train/activations/ResidualBlock5_2ndConvBlock_forward/min,scalar,-0.8259645700454712
33,1745201943.3864167,Train/activations/ResidualBlock5_2ndConvBlock_forward/min,scalar,-0.9023472666740417
34,1745202839.4211838,Train/activations/ResidualBlock5_2ndConvBlock_forward/min,scalar,-0.7879477739334106
35,1745203720.3870223,Train/activations/ResidualBlock5_2ndConvBlock_forward/min,scalar,-0.8939530253410339
36,1745204589.410261,Train/activations/ResidualBlock5_2ndConvBlock_forward/min,scalar,-0.6692105531692505
37,1745205607.4935825,Train/activations/ResidualBlock5_2ndConvBlock_forward/min,scalar,-0.7149351239204407
38,1745206470.926829,Train/activations/ResidualBlock5_2ndConvBlock_forward/min,scalar,-0.6159203052520752
39,1745207343.5538917,Train/activations/ResidualBlock5_2ndConvBlock_forward/min,scalar,-0.9229243993759155
40,1745208209.4384346,Train/activations/ResidualBlock5_2ndConvBlock_forward/min,scalar,-0.6104641556739807
41,1745209076.674666,Train/activations/ResidualBlock5_2ndConvBlock_forward/min,scalar,-0.5412496328353882
42,1745209942.8292503,Train/activations/ResidualBlock5_2ndConvBlock_forward/min,scalar,-0.5413111448287964
43,1745210815.9959052,Train/activations/ResidualBlock5_2ndConvBlock_forward/min,scalar,-0.5300215482711792
44,1745211689.224021,Train/activations/ResidualBlock5_2ndConvBlock_forward/min,scalar,-0.44424647092819214
45,1745212555.323369,Train/activations/ResidualBlock5_2ndConvBlock_forward/min,scalar,-0.456847608089447
46,1745213417.4151025,Train/activations/ResidualBlock5_2ndConvBlock_forward/min,scalar,-0.48363202810287476
47,1745214282.6089685,Train/activations/ResidualBlock5_2ndConvBlock_forward/min,scalar,-0.48994094133377075
48,1745215148.188133,Train/activations/ResidualBlock5_2ndConvBlock_forward/min,scalar,-0.6046575307846069
49,1745216019.8077295,Train/activations/ResidualBlock5_2ndConvBlock_forward/min,scalar,-0.936048150062561
50,1745216894.2630467,Train/activations/ResidualBlock5_2ndConvBlock_forward/min,scalar,-0.5475056171417236
51,1745217756.7379928,Train/activations/ResidualBlock5_2ndConvBlock_forward/min,scalar,-0.4649133086204529
52,1745218620.7549467,Train/activations/ResidualBlock5_2ndConvBlock_forward/min,scalar,-0.4914616644382477
53,1745219494.4351506,Train/activations/ResidualBlock5_2ndConvBlock_forward/min,scalar,-0.42854252457618713
54,1745220361.185464,Train/activations/ResidualBlock5_2ndConvBlock_forward/min,scalar,-0.6941933631896973
55,1745221224.4355328,Train/activations/ResidualBlock5_2ndConvBlock_forward/min,scalar,-0.4500996470451355
56,1745222085.9483733,Train/activations/ResidualBlock5_2ndConvBlock_forward/min,scalar,-0.633037269115448
57,1745222949.0614367,Train/activations/ResidualBlock5_2ndConvBlock_forward/min,scalar,-0.4161302447319031
58,1745223809.5947597,Train/activations/ResidualBlock5_2ndConvBlock_forward/min,scalar,-0.46716195344924927
59,1745224668.3189147,Train/activations/ResidualBlock5_2ndConvBlock_forward/min,scalar,-0.5693796873092651
60,1745225543.7041798,Train/activations/ResidualBlock5_2ndConvBlock_forward/min,scalar,-0.38535675406455994
61,1745226401.9468892,Train/activations/ResidualBlock5_2ndConvBlock_forward/min,scalar,-0.3357468843460083
62,1745227259.6077557,Train/activations/ResidualBlock5_2ndConvBlock_forward/min,scalar,-0.34873533248901367
